policy_id,is_claim
ID58593,0.6949492
ID58594,0.5050658
ID58595,0.40570047
ID58596,0.37040693
ID58597,0.56913763
ID58598,0.37807354
ID58599,0.33918434
ID58600,0.6537112
ID58601,0.27426806
ID58602,0.384717
ID58603,0.48500663
ID58604,0.3525786
ID58605,0.25678322
ID58606,0.5421581
ID58607,0.65392834
ID58608,0.50895554
ID58609,0.6269362
ID58610,0.38140023
ID58611,0.25367415
ID58612,0.11832616
ID58613,0.28082085
ID58614,0.37146816
ID58615,0.15286684
ID58616,0.6249262
ID58617,0.025996652
ID58618,0.20254436
ID58619,0.40048328
ID58620,0.174192
ID58621,0.41293493
ID58622,0.41718096
ID58623,0.32249618
ID58624,0.7407047
ID58625,0.4035236
ID58626,0.4919532
ID58627,0.29971188
ID58628,0.6951811
ID58629,0.13085844
ID58630,0.5638667
ID58631,0.31884372
ID58632,0.12380411
ID58633,0.051406242
ID58634,0.60251564
ID58635,0.15425345
ID58636,0.6283959
ID58637,0.36693326
ID58638,0.22644177
ID58639,0.14718363
ID58640,0.08143654
ID58641,0.51016665
ID58642,0.5470891
ID58643,0.3731511
ID58644,0.6350053
ID58645,0.55316985
ID58646,0.5792798
ID58647,0.12011912
ID58648,0.15837951
ID58649,0.074488066
ID58650,0.4564442
ID58651,0.5836337
ID58652,0.06769131
ID58653,0.28059003
ID58654,0.3600739
ID58655,0.4767987
ID58656,0.51114905
ID58657,0.48787928
ID58658,0.6239499
ID58659,0.585321
ID58660,0.6671957
ID58661,0.6074163
ID58662,0.5468912
ID58663,0.21314119
ID58664,0.67855483
ID58665,0.62572867
ID58666,0.3688138
ID58667,0.48955858
ID58668,0.5781776
ID58669,0.61953014
ID58670,0.54011685
ID58671,0.2606544
ID58672,0.6477875
ID58673,0.4377697
ID58674,0.27609193
ID58675,0.34573838
ID58676,0.2641077
ID58677,0.6729699
ID58678,0.5114454
ID58679,0.11304468
ID58680,0.46319553
ID58681,0.3222952
ID58682,0.65127033
ID58683,0.18737896
ID58684,0.56187296
ID58685,0.3876965
ID58686,0.59331554
ID58687,0.5925842
ID58688,0.18056275
ID58689,0.32555073
ID58690,0.5728867
ID58691,0.2933984
ID58692,0.5353361
ID58693,0.2760584
ID58694,0.2821022
ID58695,0.5452378
ID58696,0.55294096
ID58697,0.55004805
ID58698,0.47466177
ID58699,0.06814558
ID58700,0.2983523
ID58701,0.27071604
ID58702,0.32174423
ID58703,0.5925969
ID58704,0.37959042
ID58705,0.36518058
ID58706,0.38418305
ID58707,0.6322302
ID58708,0.3955177
ID58709,0.55621713
ID58710,0.5482046
ID58711,0.39654732
ID58712,0.5361436
ID58713,0.5643212
ID58714,0.3868861
ID58715,0.52186966
ID58716,0.6195452
ID58717,0.56848407
ID58718,0.6390231
ID58719,0.38241613
ID58720,0.47214383
ID58721,0.29376882
ID58722,0.54335034
ID58723,0.49005234
ID58724,0.41507995
ID58725,0.21100509
ID58726,0.35585788
ID58727,0.5866765
ID58728,0.56339514
ID58729,0.27828023
ID58730,0.38259682
ID58731,0.62507427
ID58732,0.46018252
ID58733,0.12645875
ID58734,0.30726576
ID58735,0.33973965
ID58736,0.24540585
ID58737,0.5323421
ID58738,0.19361362
ID58739,0.096121795
ID58740,0.6388427
ID58741,0.08335167
ID58742,0.2333899
ID58743,0.31055734
ID58744,0.4315063
ID58745,0.64440316
ID58746,0.34367716
ID58747,0.22182067
ID58748,0.32952467
ID58749,0.59427834
ID58750,0.5268332
ID58751,0.28914225
ID58752,0.3901871
ID58753,0.5125626
ID58754,0.22171044
ID58755,0.4565359
ID58756,0.18634462
ID58757,0.3743488
ID58758,0.62193286
ID58759,0.31644368
ID58760,0.13429411
ID58761,0.30214897
ID58762,0.31837738
ID58763,0.7310474
ID58764,0.7183713
ID58765,0.38058403
ID58766,0.021839485
ID58767,0.085593104
ID58768,0.4564727
ID58769,0.16029342
ID58770,0.6151948
ID58771,0.4360536
ID58772,0.07904511
ID58773,0.57388514
ID58774,0.17905614
ID58775,0.30164108
ID58776,0.16771157
ID58777,0.35676545
ID58778,0.47919196
ID58779,0.59124696
ID58780,0.43727803
ID58781,0.116441324
ID58782,0.5424212
ID58783,0.46472707
ID58784,0.69367576
ID58785,0.6224986
ID58786,0.6683849
ID58787,0.49223962
ID58788,0.4938133
ID58789,0.63902754
ID58790,0.6198987
ID58791,0.653574
ID58792,0.31074965
ID58793,0.6865796
ID58794,0.34232727
ID58795,0.5588876
ID58796,0.5232641
ID58797,0.49968478
ID58798,0.6163319
ID58799,0.5391469
ID58800,0.46072134
ID58801,0.12543468
ID58802,0.60835344
ID58803,0.40991938
ID58804,0.36817864
ID58805,0.60038936
ID58806,0.59618163
ID58807,0.44023243
ID58808,0.4528573
ID58809,0.2960342
ID58810,0.46491075
ID58811,0.5921427
ID58812,0.503181
ID58813,0.25104418
ID58814,0.45987538
ID58815,0.3730018
ID58816,0.6369544
ID58817,0.40551215
ID58818,0.4510172
ID58819,0.5010996
ID58820,0.54415506
ID58821,0.30639687
ID58822,0.76019436
ID58823,0.5309624
ID58824,0.4536198
ID58825,0.56452894
ID58826,0.5086998
ID58827,0.1759168
ID58828,0.5265124
ID58829,0.39389956
ID58830,0.020899568
ID58831,0.15434772
ID58832,0.39587128
ID58833,0.67540556
ID58834,0.100947395
ID58835,0.6484216
ID58836,0.25554302
ID58837,0.403698
ID58838,0.2831044
ID58839,0.5197935
ID58840,0.32867932
ID58841,0.0072595435
ID58842,0.6245631
ID58843,0.6324531
ID58844,0.5046902
ID58845,0.35180604
ID58846,0.20730938
ID58847,0.32615596
ID58848,0.20352688
ID58849,0.25985494
ID58850,0.473443
ID58851,0.5672136
ID58852,0.5067706
ID58853,0.071400404
ID58854,0.28091007
ID58855,0.40561628
ID58856,0.5154907
ID58857,0.37323993
ID58858,0.3657997
ID58859,0.5326437
ID58860,0.49920696
ID58861,0.56205034
ID58862,0.60440975
ID58863,0.35188743
ID58864,0.29351825
ID58865,0.3166161
ID58866,0.47216457
ID58867,0.53149337
ID58868,0.52408993
ID58869,0.050651055
ID58870,0.014650583
ID58871,0.11395157
ID58872,0.40789926
ID58873,0.5044633
ID58874,0.17338793
ID58875,0.38723564
ID58876,0.5026897
ID58877,0.37338716
ID58878,0.30519456
ID58879,0.2073022
ID58880,0.4393004
ID58881,0.56191254
ID58882,0.44742268
ID58883,0.55809045
ID58884,0.07871926
ID58885,0.13584371
ID58886,0.44130063
ID58887,0.5711806
ID58888,0.53557634
ID58889,0.68043256
ID58890,0.37027177
ID58891,0.2154594
ID58892,0.33313245
ID58893,0.5201703
ID58894,0.34523755
ID58895,0.13256988
ID58896,0.65158147
ID58897,0.3610123
ID58898,0.51657665
ID58899,0.12279014
ID58900,0.56429535
ID58901,0.23589666
ID58902,0.556816
ID58903,0.44418398
ID58904,0.45038423
ID58905,0.028052086
ID58906,0.5048699
ID58907,0.6074506
ID58908,0.23328382
ID58909,0.43028778
ID58910,0.120897815
ID58911,0.5474721
ID58912,0.3109667
ID58913,0.59639937
ID58914,0.5438727
ID58915,0.6982453
ID58916,0.5739739
ID58917,0.25170743
ID58918,0.0882578
ID58919,0.41911128
ID58920,0.26274583
ID58921,0.13460173
ID58922,0.5948469
ID58923,0.011224634
ID58924,0.39373147
ID58925,0.34211996
ID58926,0.5095752
ID58927,0.69967264
ID58928,0.6477149
ID58929,0.41773182
ID58930,0.52248126
ID58931,0.5819593
ID58932,0.2714629
ID58933,0.34840772
ID58934,0.6618686
ID58935,0.11803977
ID58936,0.5235922
ID58937,0.38134244
ID58938,0.1993831
ID58939,0.65464187
ID58940,0.2901713
ID58941,0.3466722
ID58942,0.5633011
ID58943,0.59888446
ID58944,0.41698843
ID58945,0.38929403
ID58946,0.60671574
ID58947,0.77028733
ID58948,0.6462799
ID58949,0.6532364
ID58950,0.61376727
ID58951,0.61527675
ID58952,0.39899358
ID58953,0.69962215
ID58954,0.73236525
ID58955,0.6502935
ID58956,0.45257255
ID58957,0.11376126
ID58958,0.48752463
ID58959,0.5743037
ID58960,0.4135525
ID58961,0.4741663
ID58962,0.6081537
ID58963,0.3838667
ID58964,0.5301191
ID58965,0.36809498
ID58966,0.5817043
ID58967,0.46753082
ID58968,0.5694826
ID58969,0.22670566
ID58970,0.63364893
ID58971,0.32179135
ID58972,0.52795905
ID58973,0.5191198
ID58974,0.34924695
ID58975,0.7052401
ID58976,0.57867235
ID58977,0.59874624
ID58978,0.42586273
ID58979,0.22291157
ID58980,0.27007258
ID58981,0.282156
ID58982,0.067210466
ID58983,0.4733802
ID58984,0.60145307
ID58985,0.5191653
ID58986,0.081885956
ID58987,0.48538455
ID58988,0.5656401
ID58989,0.59026015
ID58990,0.43734697
ID58991,0.6806346
ID58992,0.06315842
ID58993,0.57936895
ID58994,0.63076675
ID58995,0.49793172
ID58996,0.30285114
ID58997,0.34595138
ID58998,0.72391915
ID58999,0.010199701
ID59000,0.45020467
ID59001,0.27575627
ID59002,0.1413161
ID59003,0.18715015
ID59004,0.23150802
ID59005,0.54585725
ID59006,0.4485237
ID59007,0.5666897
ID59008,0.1752999
ID59009,0.3667
ID59010,0.66338193
ID59011,0.5017349
ID59012,0.30365357
ID59013,0.60115707
ID59014,0.513139
ID59015,0.4170076
ID59016,0.50031054
ID59017,0.09441593
ID59018,0.18616363
ID59019,0.60488343
ID59020,0.2236
ID59021,0.6583791
ID59022,0.81143105
ID59023,0.46832985
ID59024,0.37472597
ID59025,0.45976806
ID59026,0.6257175
ID59027,0.084774405
ID59028,0.3813596
ID59029,0.39215976
ID59030,0.3437073
ID59031,0.52880776
ID59032,0.5745463
ID59033,0.5504125
ID59034,0.35825756
ID59035,0.4562072
ID59036,0.6709027
ID59037,0.4368171
ID59038,0.44245636
ID59039,0.14048883
ID59040,0.7420282
ID59041,0.12269435
ID59042,0.09236358
ID59043,0.5137415
ID59044,0.13150744
ID59045,0.6368754
ID59046,0.1462435
ID59047,0.34686992
ID59048,0.36661312
ID59049,0.5473096
ID59050,0.18653606
ID59051,0.6120941
ID59052,0.5154567
ID59053,0.36810973
ID59054,0.11280798
ID59055,0.5744772
ID59056,0.6312059
ID59057,0.38457128
ID59058,0.34339398
ID59059,0.4518005
ID59060,0.314575
ID59061,0.49002817
ID59062,0.5205684
ID59063,0.2054939
ID59064,0.18828645
ID59065,0.15887293
ID59066,0.31152776
ID59067,0.16411711
ID59068,0.12798348
ID59069,0.34685308
ID59070,0.44764435
ID59071,0.6638144
ID59072,0.55340475
ID59073,0.5497975
ID59074,0.6145195
ID59075,0.34654355
ID59076,0.06837619
ID59077,0.5172807
ID59078,0.13941337
ID59079,0.5673652
ID59080,0.584628
ID59081,0.3283348
ID59082,0.57514805
ID59083,0.31020948
ID59084,0.5803371
ID59085,0.09057063
ID59086,0.60784197
ID59087,0.36140442
ID59088,0.16795081
ID59089,0.508136
ID59090,0.22816122
ID59091,0.46406645
ID59092,0.53995365
ID59093,0.18022285
ID59094,0.684281
ID59095,0.35797668
ID59096,0.5437521
ID59097,0.56453216
ID59098,0.20470037
ID59099,0.08913731
ID59100,0.5589959
ID59101,0.5647345
ID59102,0.32992265
ID59103,0.29516655
ID59104,0.1374389
ID59105,0.39847744
ID59106,0.63454074
ID59107,0.5993905
ID59108,0.2906361
ID59109,0.5710196
ID59110,0.23760235
ID59111,0.11316104
ID59112,0.26849395
ID59113,0.3664777
ID59114,0.3812076
ID59115,0.5604912
ID59116,0.069908395
ID59117,0.10790405
ID59118,0.20597203
ID59119,0.5497001
ID59120,0.22969177
ID59121,0.011276558
ID59122,0.51281345
ID59123,0.061588775
ID59124,0.11403593
ID59125,0.6802061
ID59126,0.641647
ID59127,0.36468452
ID59128,0.54863465
ID59129,0.66296667
ID59130,0.42824045
ID59131,0.44570696
ID59132,0.28889465
ID59133,0.2908362
ID59134,0.22626899
ID59135,0.59860754
ID59136,0.5775604
ID59137,0.5208482
ID59138,0.06719305
ID59139,0.35859197
ID59140,0.26604417
ID59141,0.5469922
ID59142,0.58820647
ID59143,0.43674597
ID59144,0.54220295
ID59145,0.4487556
ID59146,0.261031
ID59147,0.63043845
ID59148,0.5008858
ID59149,0.311216
ID59150,0.034265913
ID59151,0.6025232
ID59152,0.15093374
ID59153,0.45494908
ID59154,0.12143897
ID59155,0.08362848
ID59156,0.04124069
ID59157,0.6058658
ID59158,0.5839262
ID59159,0.50119054
ID59160,0.35804868
ID59161,0.25701234
ID59162,0.33589333
ID59163,0.42489582
ID59164,0.38398665
ID59165,0.11874838
ID59166,0.4337183
ID59167,0.35239276
ID59168,0.6236915
ID59169,0.29634565
ID59170,0.45794684
ID59171,0.52969915
ID59172,0.5713447
ID59173,0.48856562
ID59174,0.4527799
ID59175,0.5266721
ID59176,0.1611165
ID59177,0.09946355
ID59178,0.4823584
ID59179,0.5702609
ID59180,0.09517616
ID59181,0.15056823
ID59182,0.22040822
ID59183,0.24829368
ID59184,0.3425665
ID59185,0.30022568
ID59186,0.76079804
ID59187,0.49826914
ID59188,0.40709224
ID59189,0.4491302
ID59190,0.5479799
ID59191,0.1933641
ID59192,0.32485345
ID59193,0.3927863
ID59194,0.20582756
ID59195,0.5730746
ID59196,0.2654849
ID59197,0.49040598
ID59198,0.6493372
ID59199,0.59347206
ID59200,0.11315628
ID59201,0.555205
ID59202,0.57554686
ID59203,0.35352665
ID59204,0.11766683
ID59205,0.65118426
ID59206,0.3928384
ID59207,0.45100877
ID59208,0.24193165
ID59209,0.2549629
ID59210,0.5937018
ID59211,0.3907934
ID59212,0.74286807
ID59213,0.7196232
ID59214,0.63814455
ID59215,0.22741722
ID59216,0.6011215
ID59217,0.5992094
ID59218,0.2991188
ID59219,0.14967543
ID59220,0.17845221
ID59221,0.039782036
ID59222,0.5837742
ID59223,0.6028813
ID59224,0.5401254
ID59225,0.26139972
ID59226,0.55437464
ID59227,0.5787445
ID59228,0.6427544
ID59229,0.10830932
ID59230,0.13514185
ID59231,0.39207128
ID59232,0.28238365
ID59233,0.18126151
ID59234,0.17615904
ID59235,0.6001209
ID59236,0.17987087
ID59237,0.2842558
ID59238,0.19578373
ID59239,0.51176804
ID59240,0.6455372
ID59241,0.353796
ID59242,0.29643986
ID59243,0.03196622
ID59244,0.58074385
ID59245,0.4641195
ID59246,0.5974066
ID59247,0.56728643
ID59248,0.023750303
ID59249,0.6538006
ID59250,0.59169626
ID59251,0.59934443
ID59252,0.10579879
ID59253,0.14821362
ID59254,0.5874457
ID59255,0.16897881
ID59256,0.41445076
ID59257,0.38894624
ID59258,0.14016108
ID59259,0.29111028
ID59260,0.28467897
ID59261,0.39751026
ID59262,0.4133247
ID59263,0.44828662
ID59264,0.33620796
ID59265,0.63450646
ID59266,0.40721157
ID59267,0.5134037
ID59268,0.37299836
ID59269,0.5484587
ID59270,0.6018513
ID59271,0.59007245
ID59272,0.18998784
ID59273,0.16282547
ID59274,0.547863
ID59275,0.19845627
ID59276,0.60623497
ID59277,0.11550542
ID59278,0.27993876
ID59279,0.16322501
ID59280,0.27360845
ID59281,0.19655773
ID59282,0.25242722
ID59283,0.61336756
ID59284,0.6117779
ID59285,0.4071688
ID59286,0.16413556
ID59287,0.19369748
ID59288,0.650533
ID59289,0.49353492
ID59290,0.16085276
ID59291,0.53806484
ID59292,0.51050746
ID59293,0.4934467
ID59294,0.5737427
ID59295,0.61942995
ID59296,0.1287893
ID59297,0.2756099
ID59298,0.5338854
ID59299,0.3805047
ID59300,0.59183955
ID59301,0.29670784
ID59302,0.71743804
ID59303,0.36195436
ID59304,0.6474493
ID59305,0.3995972
ID59306,0.45118377
ID59307,0.17722698
ID59308,0.35009828
ID59309,0.5739127
ID59310,0.38572428
ID59311,0.4980424
ID59312,0.09512889
ID59313,0.27263832
ID59314,0.5455288
ID59315,0.52109027
ID59316,0.3231958
ID59317,0.3560714
ID59318,0.5119303
ID59319,0.43838227
ID59320,0.613351
ID59321,0.37122807
ID59322,0.40645128
ID59323,0.68314964
ID59324,0.65234375
ID59325,0.62826407
ID59326,0.21154298
ID59327,0.3719241
ID59328,0.44080558
ID59329,0.04719161
ID59330,0.40622634
ID59331,0.4410979
ID59332,0.20897533
ID59333,0.007022587
ID59334,0.46817943
ID59335,0.63667905
ID59336,0.6680605
ID59337,0.49983972
ID59338,0.19875686
ID59339,0.34607524
ID59340,0.493719
ID59341,0.53962916
ID59342,0.3626171
ID59343,0.4918546
ID59344,0.46483397
ID59345,0.22659448
ID59346,0.66838706
ID59347,0.3913178
ID59348,0.40620548
ID59349,0.09521033
ID59350,0.6513783
ID59351,0.4929077
ID59352,0.2918388
ID59353,0.44646168
ID59354,0.6494516
ID59355,0.67240155
ID59356,0.2077451
ID59357,0.48034474
ID59358,0.26001176
ID59359,0.71619743
ID59360,0.488933
ID59361,0.6861932
ID59362,0.31476632
ID59363,0.48592237
ID59364,0.26363277
ID59365,0.5863584
ID59366,0.6076154
ID59367,0.05549133
ID59368,0.41367295
ID59369,0.61221904
ID59370,0.5137902
ID59371,0.41996956
ID59372,0.3179647
ID59373,0.28198895
ID59374,0.51199764
ID59375,0.3388537
ID59376,0.20650795
ID59377,0.5690984
ID59378,0.2914088
ID59379,0.527152
ID59380,0.67511505
ID59381,0.6322346
ID59382,0.109295845
ID59383,0.52646965
ID59384,0.59602827
ID59385,0.26159883
ID59386,0.59792733
ID59387,0.32450998
ID59388,0.62577206
ID59389,0.4656021
ID59390,0.23712918
ID59391,0.39454126
ID59392,0.63452584
ID59393,0.3690607
ID59394,0.25457215
ID59395,0.6505961
ID59396,0.5804072
ID59397,0.5981902
ID59398,0.21001737
ID59399,0.4486115
ID59400,0.5688004
ID59401,0.53747255
ID59402,0.60046864
ID59403,0.5099832
ID59404,0.1359264
ID59405,0.5688717
ID59406,0.67242384
ID59407,0.1934465
ID59408,0.26967677
ID59409,0.56901103
ID59410,0.5324193
ID59411,0.25792488
ID59412,0.5181334
ID59413,0.09102247
ID59414,0.37387115
ID59415,0.22460653
ID59416,0.5590524
ID59417,0.33907846
ID59418,0.18079264
ID59419,0.2773076
ID59420,0.1420277
ID59421,0.47460192
ID59422,0.62159973
ID59423,0.4961704
ID59424,0.3119224
ID59425,0.5565374
ID59426,0.29265967
ID59427,0.35958502
ID59428,0.607171
ID59429,0.42259067
ID59430,0.15516932
ID59431,0.56529367
ID59432,0.6000341
ID59433,0.54888415
ID59434,0.60164964
ID59435,0.18555959
ID59436,0.37972128
ID59437,0.45009145
ID59438,0.21192357
ID59439,0.55539477
ID59440,0.62989265
ID59441,0.2956313
ID59442,0.4004801
ID59443,0.47604528
ID59444,0.3568585
ID59445,0.56213665
ID59446,0.62188566
ID59447,0.46024594
ID59448,0.34020096
ID59449,0.62256634
ID59450,0.5611082
ID59451,0.65347195
ID59452,0.57158476
ID59453,0.52578896
ID59454,0.17725278
ID59455,0.13132215
ID59456,0.5901985
ID59457,0.6116826
ID59458,0.7550782
ID59459,0.5369327
ID59460,0.2677277
ID59461,0.3602434
ID59462,0.50137883
ID59463,0.3039182
ID59464,0.16107628
ID59465,0.20466764
ID59466,0.46744204
ID59467,0.71058816
ID59468,0.6006202
ID59469,0.46045145
ID59470,0.6393331
ID59471,0.6666028
ID59472,0.1391354
ID59473,0.48517713
ID59474,0.17829397
ID59475,0.053984594
ID59476,0.33267307
ID59477,0.24300724
ID59478,0.21948032
ID59479,0.43076468
ID59480,0.61101973
ID59481,0.5957608
ID59482,0.53918076
ID59483,0.5409623
ID59484,0.37282756
ID59485,0.6022412
ID59486,0.078322366
ID59487,0.17107812
ID59488,0.40770307
ID59489,0.6053575
ID59490,0.6613174
ID59491,0.17537634
ID59492,0.47330415
ID59493,0.77239484
ID59494,0.37945423
ID59495,0.116927356
ID59496,0.66399294
ID59497,0.15645573
ID59498,0.36889762
ID59499,0.19434525
ID59500,0.24000311
ID59501,0.567783
ID59502,0.6721792
ID59503,0.2729173
ID59504,0.4437812
ID59505,0.43100476
ID59506,0.6671302
ID59507,0.56872237
ID59508,0.15423283
ID59509,0.5879269
ID59510,0.6312838
ID59511,0.6657336
ID59512,0.56598204
ID59513,0.5536924
ID59514,0.12063646
ID59515,0.62022364
ID59516,0.3583006
ID59517,0.31540284
ID59518,0.740509
ID59519,0.47913787
ID59520,0.113654174
ID59521,0.07421928
ID59522,0.40104175
ID59523,0.35426193
ID59524,0.03935264
ID59525,0.29948056
ID59526,0.36394832
ID59527,0.39838183
ID59528,0.17022224
ID59529,0.5522448
ID59530,0.43496546
ID59531,0.18660131
ID59532,0.7767722
ID59533,0.50611246
ID59534,0.60061896
ID59535,0.20543984
ID59536,0.40926751
ID59537,0.6770598
ID59538,0.23469423
ID59539,0.45403838
ID59540,0.5425824
ID59541,0.25873575
ID59542,0.5051456
ID59543,0.037597843
ID59544,0.45629263
ID59545,0.48371255
ID59546,0.32090706
ID59547,0.51044196
ID59548,0.6461825
ID59549,0.3963759
ID59550,0.59615797
ID59551,0.44589674
ID59552,0.40067306
ID59553,0.22499786
ID59554,0.4772092
ID59555,0.54889
ID59556,0.65143144
ID59557,0.58046067
ID59558,0.5383831
ID59559,0.49731913
ID59560,0.093390696
ID59561,0.1756853
ID59562,0.20072846
ID59563,0.59672785
ID59564,0.67556316
ID59565,0.30437398
ID59566,0.49487275
ID59567,0.4619362
ID59568,0.22777696
ID59569,0.2811339
ID59570,0.3651809
ID59571,0.57762414
ID59572,0.035895463
ID59573,0.60379744
ID59574,0.4646937
ID59575,0.23799951
ID59576,0.30714443
ID59577,0.41730258
ID59578,0.3224147
ID59579,0.26396835
ID59580,0.59145343
ID59581,0.40142158
ID59582,0.07697747
ID59583,0.5799726
ID59584,0.4596663
ID59585,0.46248212
ID59586,0.56122917
ID59587,0.20595838
ID59588,0.61258394
ID59589,0.24497505
ID59590,0.49208158
ID59591,0.6264137
ID59592,0.201108
ID59593,0.43292838
ID59594,0.46316764
ID59595,0.5120285
ID59596,0.6022005
ID59597,0.50643754
ID59598,0.67398286
ID59599,0.5168018
ID59600,0.34984213
ID59601,0.16777648
ID59602,0.29486826
ID59603,0.566166
ID59604,0.46547422
ID59605,0.32898843
ID59606,0.66423595
ID59607,0.56104267
ID59608,0.54463124
ID59609,0.41493672
ID59610,0.7747074
ID59611,0.6458735
ID59612,0.36513752
ID59613,0.526374
ID59614,0.6004083
ID59615,0.6216839
ID59616,0.5846571
ID59617,0.66754794
ID59618,0.6146023
ID59619,0.29195094
ID59620,0.46518642
ID59621,0.45855314
ID59622,0.50981116
ID59623,0.72277945
ID59624,0.56722665
ID59625,0.3940416
ID59626,0.028891629
ID59627,0.2131619
ID59628,0.6132676
ID59629,0.49141988
ID59630,0.18879719
ID59631,0.57024163
ID59632,0.08124115
ID59633,0.40839592
ID59634,0.51903075
ID59635,0.14978965
ID59636,0.18635418
ID59637,0.43644577
ID59638,0.09020917
ID59639,0.5488409
ID59640,0.63865477
ID59641,0.16208561
ID59642,0.7607244
ID59643,0.61224854
ID59644,0.41107875
ID59645,0.68225926
ID59646,0.48911673
ID59647,0.4816199
ID59648,0.6010621
ID59649,0.5373618
ID59650,0.5816741
ID59651,0.12400299
ID59652,0.11345347
ID59653,0.38428038
ID59654,0.22372246
ID59655,0.62577987
ID59656,0.45040107
ID59657,0.15988223
ID59658,0.44953996
ID59659,0.6323795
ID59660,0.49333373
ID59661,0.68455267
ID59662,0.4915105
ID59663,0.42633724
ID59664,0.5490228
ID59665,0.45691508
ID59666,0.4723212
ID59667,0.64121145
ID59668,0.62529206
ID59669,0.59399605
ID59670,0.6830325
ID59671,0.4015229
ID59672,0.5340448
ID59673,0.62216604
ID59674,0.29516843
ID59675,0.63350534
ID59676,0.09855963
ID59677,0.15409322
ID59678,0.57007045
ID59679,0.05002625
ID59680,0.60155743
ID59681,0.3974002
ID59682,0.17777513
ID59683,0.19110085
ID59684,0.07290546
ID59685,0.3150657
ID59686,0.38117126
ID59687,0.19024356
ID59688,0.2037318
ID59689,0.49104545
ID59690,0.43021154
ID59691,0.1695709
ID59692,0.5319337
ID59693,0.64739776
ID59694,0.37388074
ID59695,0.3682501
ID59696,0.6448474
ID59697,0.4706929
ID59698,0.6235408
ID59699,0.4599392
ID59700,0.14151692
ID59701,0.59179574
ID59702,0.27391526
ID59703,0.2566284
ID59704,0.50025624
ID59705,0.6264962
ID59706,0.326854
ID59707,0.2294568
ID59708,0.39558262
ID59709,0.09435673
ID59710,0.24909166
ID59711,0.48329982
ID59712,0.08277468
ID59713,0.42118394
ID59714,0.17736328
ID59715,0.513677
ID59716,0.532799
ID59717,0.5666071
ID59718,0.60609716
ID59719,0.37436128
ID59720,0.34615386
ID59721,0.5894647
ID59722,0.5943094
ID59723,0.08612717
ID59724,0.266007
ID59725,0.5078814
ID59726,0.584628
ID59727,0.4337498
ID59728,0.49348655
ID59729,0.46611923
ID59730,0.46918336
ID59731,0.6169787
ID59732,0.4433609
ID59733,0.15415408
ID59734,0.51824963
ID59735,0.35583168
ID59736,0.50952697
ID59737,0.41274408
ID59738,0.7509041
ID59739,0.545049
ID59740,0.5887207
ID59741,0.34923244
ID59742,0.014698033
ID59743,0.5306059
ID59744,0.78926325
ID59745,0.36460268
ID59746,0.5705365
ID59747,0.4170946
ID59748,0.5280565
ID59749,0.3064883
ID59750,0.50626624
ID59751,0.6271364
ID59752,0.14035973
ID59753,0.6064308
ID59754,0.047454458
ID59755,0.40219745
ID59756,0.08520502
ID59757,0.38339382
ID59758,0.4891734
ID59759,0.1486591
ID59760,0.06833643
ID59761,0.31219396
ID59762,0.31913933
ID59763,0.34495327
ID59764,0.307183
ID59765,0.4805979
ID59766,0.6800433
ID59767,0.059879463
ID59768,0.01986246
ID59769,0.17230356
ID59770,0.52448606
ID59771,0.13557598
ID59772,0.4962971
ID59773,0.52270764
ID59774,0.4088312
ID59775,0.51224804
ID59776,0.26271623
ID59777,0.40536976
ID59778,0.13591948
ID59779,0.5365133
ID59780,0.6184852
ID59781,0.43704617
ID59782,0.7524081
ID59783,0.52290624
ID59784,0.61667585
ID59785,0.15607753
ID59786,0.34096277
ID59787,0.08847799
ID59788,0.117883146
ID59789,0.67043227
ID59790,0.09377957
ID59791,0.4733442
ID59792,0.3017862
ID59793,0.6336825
ID59794,0.25130638
ID59795,0.2122341
ID59796,0.48572272
ID59797,0.35344464
ID59798,0.37864852
ID59799,0.67436457
ID59800,0.12586229
ID59801,0.20517424
ID59802,0.44052106
ID59803,0.50239676
ID59804,0.3081511
ID59805,0.41443324
ID59806,0.45874417
ID59807,0.5321169
ID59808,0.19161202
ID59809,0.21937585
ID59810,0.15230997
ID59811,0.15499221
ID59812,0.6080952
ID59813,0.32020798
ID59814,0.5749381
ID59815,0.7248995
ID59816,0.5455506
ID59817,0.496727
ID59818,0.42866558
ID59819,0.4944954
ID59820,0.46953264
ID59821,0.31501248
ID59822,0.13109599
ID59823,0.52819985
ID59824,0.07815672
ID59825,0.4923322
ID59826,0.5794537
ID59827,0.31205022
ID59828,0.43028617
ID59829,0.14629535
ID59830,0.5261543
ID59831,0.3429345
ID59832,0.6177541
ID59833,0.4291469
ID59834,0.1329854
ID59835,0.13371639
ID59836,0.3889715
ID59837,0.735871
ID59838,0.22803932
ID59839,0.5056866
ID59840,0.58897465
ID59841,0.65542024
ID59842,0.3395556
ID59843,0.29664323
ID59844,0.26740304
ID59845,0.48242202
ID59846,0.6546767
ID59847,0.5889623
ID59848,0.37849286
ID59849,0.5129994
ID59850,0.6075055
ID59851,0.43958798
ID59852,0.49006504
ID59853,0.30282742
ID59854,0.56769204
ID59855,0.48563576
ID59856,0.41511956
ID59857,0.6885435
ID59858,0.5967837
ID59859,0.37656593
ID59860,0.5086324
ID59861,0.33374053
ID59862,0.27311608
ID59863,0.51735044
ID59864,0.4884685
ID59865,0.1631177
ID59866,0.64169127
ID59867,0.16071156
ID59868,0.5559144
ID59869,0.43572712
ID59870,0.48065433
ID59871,0.4193509
ID59872,0.38205624
ID59873,0.6718932
ID59874,0.18262641
ID59875,0.6557008
ID59876,0.4615103
ID59877,0.07026817
ID59878,0.4719554
ID59879,0.08332024
ID59880,0.461144
ID59881,0.4799285
ID59882,0.3055037
ID59883,0.4931076
ID59884,0.17537713
ID59885,0.63511145
ID59886,0.12250647
ID59887,0.050959323
ID59888,0.5351557
ID59889,0.5917796
ID59890,0.093804166
ID59891,0.2977665
ID59892,0.11298366
ID59893,0.011012128
ID59894,0.592948
ID59895,0.32819366
ID59896,0.34036538
ID59897,0.4259959
ID59898,0.20345594
ID59899,0.6008611
ID59900,0.24804048
ID59901,0.5706758
ID59902,0.29241228
ID59903,0.48707113
ID59904,0.16791491
ID59905,0.08132019
ID59906,0.23510335
ID59907,0.5583056
ID59908,0.06241093
ID59909,0.26847148
ID59910,0.6170386
ID59911,0.24112052
ID59912,0.510472
ID59913,0.47287646
ID59914,0.70387346
ID59915,0.55228955
ID59916,0.17728338
ID59917,0.69706535
ID59918,0.639594
ID59919,0.65197223
ID59920,0.56138766
ID59921,0.49613425
ID59922,0.522566
ID59923,0.34806377
ID59924,0.17198092
ID59925,0.37659436
ID59926,0.29054615
ID59927,0.35967836
ID59928,0.24754573
ID59929,0.67538106
ID59930,0.399435
ID59931,0.5465254
ID59932,0.050657015
ID59933,0.41495693
ID59934,0.42312914
ID59935,0.24157047
ID59936,0.72434825
ID59937,0.23945859
ID59938,0.24718702
ID59939,0.570999
ID59940,0.44434655
ID59941,0.6310263
ID59942,0.26148325
ID59943,0.55235314
ID59944,0.77136123
ID59945,0.31561267
ID59946,0.37292865
ID59947,0.37370598
ID59948,0.46788785
ID59949,0.6700668
ID59950,0.011876192
ID59951,0.45443803
ID59952,0.48320222
ID59953,0.0713061
ID59954,0.28057528
ID59955,0.5229199
ID59956,0.4608154
ID59957,0.26784346
ID59958,0.31868508
ID59959,0.5688648
ID59960,0.57035017
ID59961,0.30514267
ID59962,0.42687818
ID59963,0.12165901
ID59964,0.52414805
ID59965,0.48425713
ID59966,0.08124203
ID59967,0.61325234
ID59968,0.56959563
ID59969,0.14139311
ID59970,0.11557359
ID59971,0.37833872
ID59972,0.4499076
ID59973,0.6387744
ID59974,0.09785772
ID59975,0.45738813
ID59976,0.4813215
ID59977,0.6426752
ID59978,0.53661245
ID59979,0.56649226
ID59980,0.10595079
ID59981,0.5448486
ID59982,0.6020901
ID59983,0.7140827
ID59984,0.47693047
ID59985,0.062240977
ID59986,0.58739245
ID59987,0.58108693
ID59988,0.12084643
ID59989,0.39887077
ID59990,0.5231213
ID59991,0.4662538
ID59992,0.6047762
ID59993,0.35187906
ID59994,0.5175522
ID59995,0.62650424
ID59996,0.575042
ID59997,0.41080943
ID59998,0.72039425
ID59999,0.589661
ID60000,0.35556546
ID60001,0.5039267
ID60002,0.58776826
ID60003,0.1266076
ID60004,0.39618158
ID60005,0.14920986
ID60006,0.2914107
ID60007,0.64792323
ID60008,0.37669304
ID60009,0.50965565
ID60010,0.46370274
ID60011,0.040652163
ID60012,0.5113111
ID60013,0.54875296
ID60014,0.063279815
ID60015,0.4307644
ID60016,0.12544
ID60017,0.28662273
ID60018,0.56145287
ID60019,0.10066636
ID60020,0.4638402
ID60021,0.63201064
ID60022,0.2301852
ID60023,0.6016623
ID60024,0.40310147
ID60025,0.5892063
ID60026,0.23986481
ID60027,0.43910554
ID60028,0.26765466
ID60029,0.013675906
ID60030,0.59637725
ID60031,0.48565555
ID60032,0.61363983
ID60033,0.07453352
ID60034,0.13475311
ID60035,0.44310838
ID60036,0.42193848
ID60037,0.011085555
ID60038,0.5938591
ID60039,0.06517057
ID60040,0.627149
ID60041,0.2829084
ID60042,0.2107317
ID60043,0.24698655
ID60044,0.48376295
ID60045,0.19059941
ID60046,0.62327087
ID60047,0.12683453
ID60048,0.54151505
ID60049,0.5750101
ID60050,0.6846033
ID60051,0.31806648
ID60052,0.44895744
ID60053,0.429453
ID60054,0.14029083
ID60055,0.44290143
ID60056,0.39128816
ID60057,0.59100837
ID60058,0.29675543
ID60059,0.74476206
ID60060,0.44254604
ID60061,0.51575226
ID60062,0.6157179
ID60063,0.2565439
ID60064,0.054541
ID60065,0.3887235
ID60066,0.36758655
ID60067,0.59030586
ID60068,0.14632072
ID60069,0.18992864
ID60070,0.32589728
ID60071,0.62523687
ID60072,0.7181631
ID60073,0.59972715
ID60074,0.33556023
ID60075,0.5250691
ID60076,0.50019354
ID60077,0.5759151
ID60078,0.53130525
ID60079,0.31920812
ID60080,0.5587156
ID60081,0.63994855
ID60082,0.400534
ID60083,0.6460798
ID60084,0.5524911
ID60085,0.52685297
ID60086,0.48161608
ID60087,0.23526439
ID60088,0.08236794
ID60089,0.44557717
ID60090,0.031391393
ID60091,0.465321
ID60092,0.46734786
ID60093,0.068272166
ID60094,0.6655729
ID60095,0.3640731
ID60096,0.4220895
ID60097,0.51217425
ID60098,0.51137745
ID60099,0.42808276
ID60100,0.49317622
ID60101,0.6004835
ID60102,0.6728296
ID60103,0.19794863
ID60104,0.53787947
ID60105,0.54127926
ID60106,0.71018904
ID60107,0.6249179
ID60108,0.14830337
ID60109,0.2992024
ID60110,0.48083752
ID60111,0.17201254
ID60112,0.08262714
ID60113,0.68229014
ID60114,0.15334336
ID60115,0.21356666
ID60116,0.37385726
ID60117,0.287596
ID60118,0.37327787
ID60119,0.16315123
ID60120,0.45357803
ID60121,0.60342795
ID60122,0.18362346
ID60123,0.6589655
ID60124,0.36207902
ID60125,0.5914561
ID60126,0.6153256
ID60127,0.45595098
ID60128,0.5257653
ID60129,0.54273
ID60130,0.5972723
ID60131,0.33259952
ID60132,0.64288074
ID60133,0.67362684
ID60134,0.2553291
ID60135,0.18901014
ID60136,0.1913896
ID60137,0.22429626
ID60138,0.69433767
ID60139,0.34470764
ID60140,0.51478064
ID60141,0.61766934
ID60142,0.10969102
ID60143,0.3974646
ID60144,0.51203
ID60145,0.41633576
ID60146,0.56752324
ID60147,0.24535799
ID60148,0.1968214
ID60149,0.6204751
ID60150,0.51978976
ID60151,0.5162111
ID60152,0.30780882
ID60153,0.39286524
ID60154,0.22438097
ID60155,0.26385656
ID60156,0.541002
ID60157,0.09362334
ID60158,0.71216774
ID60159,0.5598303
ID60160,0.37985495
ID60161,0.59046966
ID60162,0.22505452
ID60163,0.39541152
ID60164,0.60085636
ID60165,0.4989652
ID60166,0.20409115
ID60167,0.17698647
ID60168,0.3707448
ID60169,0.44601732
ID60170,0.48260975
ID60171,0.3915514
ID60172,0.3607405
ID60173,0.039628085
ID60174,0.39430267
ID60175,0.56907207
ID60176,0.28862748
ID60177,0.532338
ID60178,0.34293863
ID60179,0.13932359
ID60180,0.56243974
ID60181,0.52229613
ID60182,0.451188
ID60183,0.1625529
ID60184,0.66385454
ID60185,0.28260827
ID60186,0.6384487
ID60187,0.40716916
ID60188,0.29952702
ID60189,0.44432947
ID60190,0.31854966
ID60191,0.5264485
ID60192,0.6227537
ID60193,0.4109099
ID60194,0.14288303
ID60195,0.2142894
ID60196,0.14962235
ID60197,0.062185314
ID60198,0.5889277
ID60199,0.601515
ID60200,0.12885343
ID60201,0.5257112
ID60202,0.4460101
ID60203,0.0662662
ID60204,0.2649969
ID60205,0.27727184
ID60206,0.42922935
ID60207,0.60859627
ID60208,0.5388753
ID60209,0.5302309
ID60210,0.3650041
ID60211,0.6545256
ID60212,0.5067902
ID60213,0.34673494
ID60214,0.41803837
ID60215,0.5723118
ID60216,0.4905904
ID60217,0.5783269
ID60218,0.29591322
ID60219,0.07528833
ID60220,0.5312005
ID60221,0.5627085
ID60222,0.4196934
ID60223,0.17504513
ID60224,0.474766
ID60225,0.59287
ID60226,0.009355112
ID60227,0.520199
ID60228,0.15624577
ID60229,0.19515239
ID60230,0.23578924
ID60231,0.28949365
ID60232,0.53910744
ID60233,0.37935108
ID60234,0.4678717
ID60235,0.38651046
ID60236,0.115428545
ID60237,0.46254066
ID60238,0.5340089
ID60239,0.20442891
ID60240,0.63611877
ID60241,0.3356758
ID60242,0.6094844
ID60243,0.3503892
ID60244,0.29033017
ID60245,0.48680645
ID60246,0.45203155
ID60247,0.6100126
ID60248,0.43152624
ID60249,0.28944486
ID60250,0.35199842
ID60251,0.12439753
ID60252,0.3068828
ID60253,0.37762707
ID60254,0.31103417
ID60255,0.32757846
ID60256,0.49196774
ID60257,0.49479887
ID60258,0.6551964
ID60259,0.6378394
ID60260,0.39905536
ID60261,0.2940112
ID60262,0.2325294
ID60263,0.54916775
ID60264,0.24652034
ID60265,0.54857033
ID60266,0.0486608
ID60267,0.57872933
ID60268,0.5070325
ID60269,0.32730684
ID60270,0.5013852
ID60271,0.26754987
ID60272,0.6118595
ID60273,0.1875276
ID60274,0.23963158
ID60275,0.41637096
ID60276,0.4254987
ID60277,0.3117163
ID60278,0.60449004
ID60279,0.5816767
ID60280,0.6084182
ID60281,0.14435135
ID60282,0.5569239
ID60283,0.47258732
ID60284,0.24003531
ID60285,0.21182558
ID60286,0.605501
ID60287,0.24999428
ID60288,0.4627012
ID60289,0.32782203
ID60290,0.60626006
ID60291,0.2879039
ID60292,0.25263447
ID60293,0.59843403
ID60294,0.57260484
ID60295,0.57573825
ID60296,0.3340521
ID60297,0.49174517
ID60298,0.5564773
ID60299,0.49064472
ID60300,0.12104434
ID60301,0.5910453
ID60302,0.30588618
ID60303,0.7043405
ID60304,0.5700207
ID60305,0.5857123
ID60306,0.58770865
ID60307,0.5375312
ID60308,0.12966797
ID60309,0.05089062
ID60310,0.45735237
ID60311,0.56686676
ID60312,0.311216
ID60313,0.23208222
ID60314,0.14773084
ID60315,0.40967953
ID60316,0.5361364
ID60317,0.38565823
ID60318,0.22419435
ID60319,0.5002967
ID60320,0.54115736
ID60321,0.6224379
ID60322,0.43475148
ID60323,0.5145383
ID60324,0.1628747
ID60325,0.101964675
ID60326,0.4099216
ID60327,0.5550107
ID60328,0.4282189
ID60329,0.33097804
ID60330,0.12719621
ID60331,0.005357751
ID60332,0.21651696
ID60333,0.5724846
ID60334,0.30385938
ID60335,0.3238758
ID60336,0.5600606
ID60337,0.48413712
ID60338,0.5055521
ID60339,0.29003158
ID60340,0.52981687
ID60341,0.58343554
ID60342,0.20562628
ID60343,0.116673216
ID60344,0.54459316
ID60345,0.5809999
ID60346,0.6029673
ID60347,0.06135316
ID60348,0.39955503
ID60349,0.34396526
ID60350,0.6422859
ID60351,0.6059781
ID60352,0.47294855
ID60353,0.37715167
ID60354,0.43389547
ID60355,0.5637633
ID60356,0.6545421
ID60357,0.17427838
ID60358,0.28977484
ID60359,0.31993952
ID60360,0.5553055
ID60361,0.20114845
ID60362,0.65768844
ID60363,0.62672234
ID60364,0.5217421
ID60365,0.21101403
ID60366,0.28381968
ID60367,0.46885765
ID60368,0.7036044
ID60369,0.0974915
ID60370,0.32737607
ID60371,0.44221863
ID60372,0.2537081
ID60373,0.7242658
ID60374,0.057571217
ID60375,0.66455156
ID60376,0.58112055
ID60377,0.529356
ID60378,0.33251166
ID60379,0.21663743
ID60380,0.6472819
ID60381,0.72927904
ID60382,0.32387322
ID60383,0.49100164
ID60384,0.5976256
ID60385,0.42419943
ID60386,0.5419155
ID60387,0.045572292
ID60388,0.44935763
ID60389,0.61548257
ID60390,0.6372369
ID60391,0.27877957
ID60392,0.23479822
ID60393,0.515342
ID60394,0.27613947
ID60395,0.4784969
ID60396,0.5218918
ID60397,0.59492666
ID60398,0.30308524
ID60399,0.17217585
ID60400,0.5499489
ID60401,0.21100673
ID60402,0.5298779
ID60403,0.52327335
ID60404,0.32097578
ID60405,0.49242878
ID60406,0.7379362
ID60407,0.61076045
ID60408,0.35430035
ID60409,0.067859456
ID60410,0.30828694
ID60411,0.039979413
ID60412,0.21925208
ID60413,0.7773339
ID60414,0.06850433
ID60415,0.26351914
ID60416,0.35750842
ID60417,0.5428217
ID60418,0.3149537
ID60419,0.15514134
ID60420,0.4476681
ID60421,0.44253442
ID60422,0.49796376
ID60423,0.6305648
ID60424,0.46668553
ID60425,0.37861472
ID60426,0.29104477
ID60427,0.69648844
ID60428,0.5335198
ID60429,0.3135349
ID60430,0.714262
ID60431,0.3644842
ID60432,0.50858915
ID60433,0.46920058
ID60434,0.611151
ID60435,0.1350072
ID60436,0.5732324
ID60437,0.2785609
ID60438,0.56247866
ID60439,0.6764926
ID60440,0.2167873
ID60441,0.28661188
ID60442,0.5267646
ID60443,0.56270653
ID60444,0.22581665
ID60445,0.38513243
ID60446,0.64558226
ID60447,0.57854456
ID60448,0.39010206
ID60449,0.5666836
ID60450,0.5992056
ID60451,0.46399012
ID60452,0.20074391
ID60453,0.6242897
ID60454,0.4103561
ID60455,0.55158633
ID60456,0.3040001
ID60457,0.65330446
ID60458,0.6066465
ID60459,0.4867399
ID60460,0.5968838
ID60461,0.7077812
ID60462,0.6188701
ID60463,0.68100655
ID60464,0.5797946
ID60465,0.56953347
ID60466,0.3292811
ID60467,0.4564809
ID60468,0.5327336
ID60469,0.53268576
ID60470,0.20943277
ID60471,0.33978963
ID60472,0.05932324
ID60473,0.393632
ID60474,0.31167898
ID60475,0.49165502
ID60476,0.057187453
ID60477,0.020807104
ID60478,0.58954173
ID60479,0.08389748
ID60480,0.2926022
ID60481,0.1586726
ID60482,0.4852042
ID60483,0.20759663
ID60484,0.2972159
ID60485,0.3664687
ID60486,0.53978825
ID60487,0.6315539
ID60488,0.70474416
ID60489,0.15621984
ID60490,0.46382678
ID60491,0.34803212
ID60492,0.45827168
ID60493,0.04837451
ID60494,0.48470414
ID60495,0.4756397
ID60496,0.32416457
ID60497,0.6490345
ID60498,0.17959657
ID60499,0.604765
ID60500,0.14317152
ID60501,0.39280906
ID60502,0.47537273
ID60503,0.56600976
ID60504,0.60013187
ID60505,0.5217676
ID60506,0.5819274
ID60507,0.47643527
ID60508,0.32033816
ID60509,0.5098107
ID60510,0.63164735
ID60511,0.42938408
ID60512,0.65631163
ID60513,0.010638097
ID60514,0.4224392
ID60515,0.62780803
ID60516,0.50264376
ID60517,0.6065771
ID60518,0.608019
ID60519,0.64021397
ID60520,0.6229902
ID60521,0.56969047
ID60522,0.79159933
ID60523,0.49561214
ID60524,0.41194114
ID60525,0.6630817
ID60526,0.4420448
ID60527,0.4214402
ID60528,0.17532164
ID60529,0.2271834
ID60530,0.31979296
ID60531,0.25714242
ID60532,0.0038545432
ID60533,0.64184153
ID60534,0.61100954
ID60535,0.22549966
ID60536,0.40259138
ID60537,0.6513396
ID60538,0.10967921
ID60539,0.6095452
ID60540,0.49104235
ID60541,0.47089902
ID60542,0.12264011
ID60543,0.66210884
ID60544,0.45381427
ID60545,0.2515576
ID60546,0.16195767
ID60547,0.40757918
ID60548,0.5254693
ID60549,0.45560598
ID60550,0.42540556
ID60551,0.37889382
ID60552,0.48966843
ID60553,0.38713735
ID60554,0.3653337
ID60555,0.44940358
ID60556,0.47045523
ID60557,0.53237206
ID60558,0.40464017
ID60559,0.6857152
ID60560,0.07056155
ID60561,0.32713476
ID60562,0.5873989
ID60563,0.38723308
ID60564,0.51880026
ID60565,0.075679146
ID60566,0.36146694
ID60567,0.24884143
ID60568,0.3522097
ID60569,0.4234721
ID60570,0.52835
ID60571,0.39270383
ID60572,0.50252044
ID60573,0.5573149
ID60574,0.2655374
ID60575,0.481709
ID60576,0.4716018
ID60577,0.36971074
ID60578,0.33782423
ID60579,0.39808664
ID60580,0.0077502583
ID60581,0.52583057
ID60582,0.5786525
ID60583,0.14171974
ID60584,0.5753845
ID60585,0.3242997
ID60586,0.5629876
ID60587,0.6212935
ID60588,0.07190651
ID60589,0.5304466
ID60590,0.19008175
ID60591,0.5548941
ID60592,0.5084475
ID60593,0.48045656
ID60594,0.49993032
ID60595,0.60942316
ID60596,0.13460694
ID60597,0.22898737
ID60598,0.5038671
ID60599,0.14303058
ID60600,0.2342638
ID60601,0.5930665
ID60602,0.27431077
ID60603,0.5127286
ID60604,0.21725643
ID60605,0.42083701
ID60606,0.65214634
ID60607,0.4278073
ID60608,0.5797918
ID60609,0.570744
ID60610,0.72932106
ID60611,0.61331505
ID60612,0.207186
ID60613,0.45751685
ID60614,0.4059439
ID60615,0.6438845
ID60616,0.47467497
ID60617,0.31790107
ID60618,0.5169842
ID60619,0.25154287
ID60620,0.55357385
ID60621,0.5900148
ID60622,0.4591718
ID60623,0.27535623
ID60624,0.72812456
ID60625,0.6044871
ID60626,0.36470276
ID60627,0.6092558
ID60628,0.3225382
ID60629,0.68205875
ID60630,0.49562067
ID60631,0.59179616
ID60632,0.77518564
ID60633,0.30799398
ID60634,0.15631546
ID60635,0.23201302
ID60636,0.19968921
ID60637,0.67260337
ID60638,0.15783815
ID60639,0.5091161
ID60640,0.47446293
ID60641,0.50519854
ID60642,0.36290598
ID60643,0.18003467
ID60644,0.24726242
ID60645,0.7054992
ID60646,0.28439242
ID60647,0.62995905
ID60648,0.47529182
ID60649,0.44954026
ID60650,0.64285725
ID60651,0.4595031
ID60652,0.6254648
ID60653,0.1286925
ID60654,0.38278866
ID60655,0.27730697
ID60656,0.25523233
ID60657,0.3380971
ID60658,0.72172713
ID60659,0.26086092
ID60660,0.44025642
ID60661,0.37464103
ID60662,0.2092234
ID60663,0.31489924
ID60664,0.46667168
ID60665,0.54818755
ID60666,0.3749197
ID60667,0.33905217
ID60668,0.56250733
ID60669,0.3989808
ID60670,0.13424078
ID60671,0.6658634
ID60672,0.6269362
ID60673,0.38556388
ID60674,0.37271902
ID60675,0.413791
ID60676,0.38720816
ID60677,0.6129846
ID60678,0.38965887
ID60679,0.19363241
ID60680,0.47901422
ID60681,0.10338073
ID60682,0.24288127
ID60683,0.17645606
ID60684,0.3736509
ID60685,0.27992633
ID60686,0.50798357
ID60687,0.6155255
ID60688,0.6304604
ID60689,0.5949538
ID60690,0.38637218
ID60691,0.32474753
ID60692,0.532966
ID60693,0.58222246
ID60694,0.8256694
ID60695,0.4125465
ID60696,0.52724344
ID60697,0.49523324
ID60698,0.55234045
ID60699,0.33941117
ID60700,0.23714061
ID60701,0.5976399
ID60702,0.5701392
ID60703,0.34701464
ID60704,0.56699795
ID60705,0.37927148
ID60706,0.7087103
ID60707,0.34418568
ID60708,0.21937299
ID60709,0.44541407
ID60710,0.46391276
ID60711,0.23263578
ID60712,0.22024508
ID60713,0.26583567
ID60714,0.27397028
ID60715,0.6129775
ID60716,0.2515931
ID60717,0.4503745
ID60718,0.41421747
ID60719,0.34716132
ID60720,0.61487824
ID60721,0.5613314
ID60722,0.1396426
ID60723,0.61866236
ID60724,0.57400644
ID60725,0.49369526
ID60726,0.2852108
ID60727,0.37664083
ID60728,0.32382333
ID60729,0.34559327
ID60730,0.67417026
ID60731,0.2787929
ID60732,0.63199335
ID60733,0.662918
ID60734,0.58351344
ID60735,0.20984632
ID60736,0.1504065
ID60737,0.5637477
ID60738,0.6911153
ID60739,0.11275068
ID60740,0.25555044
ID60741,0.22424632
ID60742,0.6603087
ID60743,0.3266215
ID60744,0.31130964
ID60745,0.3301336
ID60746,0.1875369
ID60747,0.46711823
ID60748,0.2689404
ID60749,0.5608697
ID60750,0.6114579
ID60751,0.23208712
ID60752,0.4320612
ID60753,0.55506617
ID60754,0.41192287
ID60755,0.608498
ID60756,0.48621923
ID60757,0.21761777
ID60758,0.31643617
ID60759,0.32264352
ID60760,0.02151606
ID60761,0.47700533
ID60762,0.40405232
ID60763,0.43478653
ID60764,0.50674254
ID60765,0.5754177
ID60766,0.5994611
ID60767,0.4391198
ID60768,0.55432165
ID60769,0.25942174
ID60770,0.57844347
ID60771,0.28085792
ID60772,0.5967923
ID60773,0.29494563
ID60774,0.49603796
ID60775,0.3638015
ID60776,0.5308827
ID60777,0.15977566
ID60778,0.24892828
ID60779,0.22963
ID60780,0.2893228
ID60781,0.2474116
ID60782,0.28345215
ID60783,0.5771583
ID60784,0.25768235
ID60785,0.44079494
ID60786,0.3099259
ID60787,0.2572573
ID60788,0.46904284
ID60789,0.5432721
ID60790,0.6270046
ID60791,0.41481113
ID60792,0.3428075
ID60793,0.2918509
ID60794,0.5094543
ID60795,0.19681554
ID60796,0.36652774
ID60797,0.44017503
ID60798,0.53258055
ID60799,0.51377964
ID60800,0.6379107
ID60801,0.65460616
ID60802,0.50948143
ID60803,0.028927822
ID60804,0.14462732
ID60805,0.5918634
ID60806,0.3334063
ID60807,0.46032313
ID60808,0.25529847
ID60809,0.3546457
ID60810,0.36836565
ID60811,0.3950763
ID60812,0.54570925
ID60813,0.49842724
ID60814,0.61643845
ID60815,0.16792296
ID60816,0.47706577
ID60817,0.39594194
ID60818,0.51026833
ID60819,0.5676255
ID60820,0.15666129
ID60821,0.33210716
ID60822,0.1371341
ID60823,0.724898
ID60824,0.47214904
ID60825,0.66936874
ID60826,0.33949563
ID60827,0.35244378
ID60828,0.73463184
ID60829,0.66078395
ID60830,0.5637163
ID60831,0.22208276
ID60832,0.28336248
ID60833,0.35318586
ID60834,0.5661225
ID60835,0.5991084
ID60836,0.4825162
ID60837,0.11547445
ID60838,0.34387857
ID60839,0.65808934
ID60840,0.4764943
ID60841,0.34819424
ID60842,0.5968774
ID60843,0.3118555
ID60844,0.27572787
ID60845,0.38759282
ID60846,0.53295195
ID60847,0.2880361
ID60848,0.5468925
ID60849,0.27418026
ID60850,0.091062084
ID60851,0.5218894
ID60852,0.14915793
ID60853,0.39225584
ID60854,0.28717878
ID60855,0.56619155
ID60856,0.5907603
ID60857,0.4717016
ID60858,0.6193971
ID60859,0.413176
ID60860,0.20453301
ID60861,0.5981624
ID60862,0.42121348
ID60863,0.4711091
ID60864,0.3485346
ID60865,0.38491875
ID60866,0.63265395
ID60867,0.65364856
ID60868,0.6402551
ID60869,0.36851677
ID60870,0.04744659
ID60871,0.3899008
ID60872,0.5697342
ID60873,0.037811164
ID60874,0.21526596
ID60875,0.32358864
ID60876,0.53895754
ID60877,0.4548357
ID60878,0.1503474
ID60879,0.45960703
ID60880,0.37771448
ID60881,0.621936
ID60882,0.34747723
ID60883,0.44044998
ID60884,0.34879795
ID60885,0.6305999
ID60886,0.5489086
ID60887,0.4943539
ID60888,0.48248625
ID60889,0.5507463
ID60890,0.38726306
ID60891,0.5159102
ID60892,0.414519
ID60893,0.5038906
ID60894,0.25412562
ID60895,0.25052118
ID60896,0.49384817
ID60897,0.21259311
ID60898,0.30183074
ID60899,0.6246839
ID60900,0.09098291
ID60901,0.5832881
ID60902,0.4056741
ID60903,0.43823716
ID60904,0.11416096
ID60905,0.5994297
ID60906,0.57726604
ID60907,0.42992637
ID60908,0.5709833
ID60909,0.09771933
ID60910,0.14692263
ID60911,0.31357175
ID60912,0.3431738
ID60913,0.5542375
ID60914,0.057281792
ID60915,0.28083622
ID60916,0.54972166
ID60917,0.53734726
ID60918,0.509735
ID60919,0.52713275
ID60920,0.5693633
ID60921,0.47204825
ID60922,0.19028984
ID60923,0.2733782
ID60924,0.63411236
ID60925,0.3840473
ID60926,0.5849419
ID60927,0.33356297
ID60928,0.6715127
ID60929,0.4941208
ID60930,0.21414262
ID60931,0.43784663
ID60932,0.37093318
ID60933,0.56321967
ID60934,0.6410976
ID60935,0.627466
ID60936,0.34194326
ID60937,0.5291905
ID60938,0.15392785
ID60939,0.47635102
ID60940,0.12402793
ID60941,0.5377229
ID60942,0.6232679
ID60943,0.56440127
ID60944,0.5064385
ID60945,0.3306519
ID60946,0.45529538
ID60947,0.46222463
ID60948,0.44652966
ID60949,0.4582393
ID60950,0.64037085
ID60951,0.6558099
ID60952,0.2866117
ID60953,0.6897649
ID60954,0.3407042
ID60955,0.58059555
ID60956,0.27868512
ID60957,0.629508
ID60958,0.27018258
ID60959,0.058132846
ID60960,0.365059
ID60961,0.5811448
ID60962,0.48567232
ID60963,0.14613932
ID60964,0.40077814
ID60965,0.5069353
ID60966,0.6201621
ID60967,0.5091203
ID60968,0.42641217
ID60969,0.51740694
ID60970,0.64519686
ID60971,0.65130234
ID60972,0.1889266
ID60973,0.55381304
ID60974,0.37663367
ID60975,0.12195447
ID60976,0.6022625
ID60977,0.6210168
ID60978,0.044060748
ID60979,0.64790297
ID60980,0.26821738
ID60981,0.7205872
ID60982,0.60740036
ID60983,0.036298748
ID60984,0.6192218
ID60985,0.39425275
ID60986,0.119820826
ID60987,0.10088289
ID60988,0.519956
ID60989,0.40829247
ID60990,0.5746912
ID60991,0.18712538
ID60992,0.11950668
ID60993,0.5947765
ID60994,0.41631255
ID60995,0.2954063
ID60996,0.5332258
ID60997,0.74855363
ID60998,0.29087338
ID60999,0.59207946
ID61000,0.3896597
ID61001,0.56277907
ID61002,0.3844576
ID61003,0.34828016
ID61004,0.5076514
ID61005,0.5086393
ID61006,0.44939035
ID61007,0.57481676
ID61008,0.332786
ID61009,0.37951657
ID61010,0.6490742
ID61011,0.47148296
ID61012,0.58227396
ID61013,0.6329891
ID61014,0.107025795
ID61015,0.5198008
ID61016,0.20388739
ID61017,0.43809065
ID61018,0.4331264
ID61019,0.32901657
ID61020,0.5312152
ID61021,0.59281313
ID61022,0.5110687
ID61023,0.3898326
ID61024,0.27217785
ID61025,0.65896773
ID61026,0.41114795
ID61027,0.65991765
ID61028,0.08952664
ID61029,0.2322617
ID61030,0.033090457
ID61031,0.2697813
ID61032,0.5511267
ID61033,0.8053986
ID61034,0.57183594
ID61035,0.53818214
ID61036,0.65038043
ID61037,0.18534778
ID61038,0.21040204
ID61039,0.3678043
ID61040,0.41917008
ID61041,0.0071868887
ID61042,0.5387953
ID61043,0.35275304
ID61044,0.63067377
ID61045,0.2287733
ID61046,0.6385791
ID61047,0.48135108
ID61048,0.52143466
ID61049,0.16750658
ID61050,0.74765843
ID61051,0.4265665
ID61052,0.10670428
ID61053,0.49718544
ID61054,0.5624296
ID61055,0.5653953
ID61056,0.67511225
ID61057,0.36501104
ID61058,0.25210437
ID61059,0.64553785
ID61060,0.14053091
ID61061,0.50326234
ID61062,0.43934256
ID61063,0.262368
ID61064,0.6098296
ID61065,0.17005068
ID61066,0.4916899
ID61067,0.123155676
ID61068,0.63788456
ID61069,0.6370276
ID61070,0.5669104
ID61071,0.43884167
ID61072,0.6286619
ID61073,0.6751031
ID61074,0.43614998
ID61075,0.2963647
ID61076,0.41614175
ID61077,0.097271025
ID61078,0.27185434
ID61079,0.69007677
ID61080,0.3393591
ID61081,0.519649
ID61082,0.44320437
ID61083,0.56255627
ID61084,0.60983676
ID61085,0.3737848
ID61086,0.54006594
ID61087,0.4762382
ID61088,0.61662
ID61089,0.62624234
ID61090,0.5490044
ID61091,0.13334669
ID61092,0.061397474
ID61093,0.6939052
ID61094,0.22441952
ID61095,0.3524917
ID61096,0.59471565
ID61097,0.5725547
ID61098,0.41399333
ID61099,0.5543193
ID61100,0.44488946
ID61101,0.54226995
ID61102,0.5158016
ID61103,0.5685597
ID61104,0.49319664
ID61105,0.17639187
ID61106,0.16768189
ID61107,0.62835175
ID61108,0.15940009
ID61109,0.6647399
ID61110,0.23316498
ID61111,0.31924817
ID61112,0.38554502
ID61113,0.4200061
ID61114,0.7054683
ID61115,0.5413743
ID61116,0.6006508
ID61117,0.51048595
ID61118,0.76944405
ID61119,0.45313337
ID61120,0.19663334
ID61121,0.1561066
ID61122,0.64062876
ID61123,0.75279075
ID61124,0.68592924
ID61125,0.3522354
ID61126,0.34031278
ID61127,0.25354698
ID61128,0.5144649
ID61129,0.40715596
ID61130,0.30596218
ID61131,0.50872535
ID61132,0.41028008
ID61133,0.6058622
ID61134,0.686533
ID61135,0.41696206
ID61136,0.6594869
ID61137,0.29378676
ID61138,0.5404395
ID61139,0.21618576
ID61140,0.38518295
ID61141,0.61412
ID61142,0.7223504
ID61143,0.49480832
ID61144,0.6012596
ID61145,0.061317753
ID61146,0.3632267
ID61147,0.08459047
ID61148,0.23620845
ID61149,0.49905112
ID61150,0.43394423
ID61151,0.18920594
ID61152,0.6413275
ID61153,0.49217674
ID61154,0.2700977
ID61155,0.5763155
ID61156,0.33841223
ID61157,0.28418902
ID61158,0.5453281
ID61159,0.18978521
ID61160,0.019594735
ID61161,0.6269083
ID61162,0.48942447
ID61163,0.75034595
ID61164,0.6152302
ID61165,0.709046
ID61166,0.628778
ID61167,0.44857523
ID61168,0.47060406
ID61169,0.623696
ID61170,0.45442384
ID61171,0.69847625
ID61172,0.586458
ID61173,0.34574685
ID61174,0.51887226
ID61175,0.056068826
ID61176,0.3672215
ID61177,0.11911286
ID61178,0.13406727
ID61179,0.5495454
ID61180,0.17937914
ID61181,0.35514593
ID61182,0.3251397
ID61183,0.60979253
ID61184,0.3920396
ID61185,0.3955992
ID61186,0.23531191
ID61187,0.33577207
ID61188,0.6120889
ID61189,0.575819
ID61190,0.4074758
ID61191,0.355874
ID61192,0.63083655
ID61193,0.245983
ID61194,0.25249538
ID61195,0.40878046
ID61196,0.20196147
ID61197,0.56914765
ID61198,0.109095186
ID61199,0.10687789
ID61200,0.2965454
ID61201,0.23934016
ID61202,0.24152867
ID61203,0.39301464
ID61204,0.37825194
ID61205,0.08972461
ID61206,0.48965415
ID61207,0.59493524
ID61208,0.54859245
ID61209,0.41442227
ID61210,0.31623593
ID61211,0.60454655
ID61212,0.50468
ID61213,0.52718794
ID61214,0.7198495
ID61215,0.17744549
ID61216,0.0737384
ID61217,0.5931695
ID61218,0.14864467
ID61219,0.5826347
ID61220,0.5616423
ID61221,0.5548691
ID61222,0.46777076
ID61223,0.35561764
ID61224,0.23218374
ID61225,0.46565974
ID61226,0.44460642
ID61227,0.606283
ID61228,0.13079223
ID61229,0.4357472
ID61230,0.53753513
ID61231,0.66143066
ID61232,0.21286981
ID61233,0.59727687
ID61234,0.3956542
ID61235,0.36924788
ID61236,0.33231947
ID61237,0.17870006
ID61238,0.17465067
ID61239,0.2553017
ID61240,0.1540729
ID61241,0.33745506
ID61242,0.6472174
ID61243,0.30880266
ID61244,0.14612441
ID61245,0.4404571
ID61246,0.1589298
ID61247,0.23025632
ID61248,0.63663137
ID61249,0.3140134
ID61250,0.5412637
ID61251,0.094706416
ID61252,0.46349147
ID61253,0.3148596
ID61254,0.5980027
ID61255,0.17219472
ID61256,0.23184146
ID61257,0.12153547
ID61258,0.48187897
ID61259,0.21773706
ID61260,0.68655103
ID61261,0.30013677
ID61262,0.14605604
ID61263,0.33788612
ID61264,0.4593456
ID61265,0.2115392
ID61266,0.5319716
ID61267,0.36358252
ID61268,0.553143
ID61269,0.4423324
ID61270,0.41814664
ID61271,0.45029947
ID61272,0.5646199
ID61273,0.5762519
ID61274,0.33375347
ID61275,0.5863077
ID61276,0.38797358
ID61277,0.58985305
ID61278,0.28793994
ID61279,0.18917814
ID61280,0.39985937
ID61281,0.5677845
ID61282,0.41196772
ID61283,0.594911
ID61284,0.5007096
ID61285,0.55503726
ID61286,0.5236841
ID61287,0.0692455
ID61288,0.3567446
ID61289,0.5611787
ID61290,0.5884385
ID61291,0.30075538
ID61292,0.3169637
ID61293,0.41602206
ID61294,0.62772864
ID61295,0.6094606
ID61296,0.56184906
ID61297,0.57292193
ID61298,0.4635769
ID61299,0.25006703
ID61300,0.34271783
ID61301,0.027249763
ID61302,0.6080877
ID61303,0.43117446
ID61304,0.47177824
ID61305,0.25173786
ID61306,0.7630108
ID61307,0.3010084
ID61308,0.66081387
ID61309,0.5456279
ID61310,0.21510673
ID61311,0.605779
ID61312,0.3498613
ID61313,0.74158984
ID61314,0.52823323
ID61315,0.04894014
ID61316,0.6106308
ID61317,0.53620005
ID61318,0.21613488
ID61319,0.5791664
ID61320,0.58561194
ID61321,0.27557597
ID61322,0.49683118
ID61323,0.63203293
ID61324,0.40220731
ID61325,0.4717461
ID61326,0.4819428
ID61327,0.06588883
ID61328,0.4327354
ID61329,0.5904274
ID61330,0.2342381
ID61331,0.48074025
ID61332,0.67138284
ID61333,0.102251776
ID61334,0.45367903
ID61335,0.5384963
ID61336,0.6393674
ID61337,0.4688573
ID61338,0.4758685
ID61339,0.28215477
ID61340,0.49631548
ID61341,0.36405239
ID61342,0.34341708
ID61343,0.57436556
ID61344,0.28593764
ID61345,0.551302
ID61346,0.3863141
ID61347,0.15442133
ID61348,0.39378536
ID61349,0.41561604
ID61350,0.34131113
ID61351,0.74596983
ID61352,0.10212377
ID61353,0.17089283
ID61354,0.25842428
ID61355,0.2960627
ID61356,0.06986744
ID61357,0.21913947
ID61358,0.668659
ID61359,0.37734783
ID61360,0.13138351
ID61361,0.62694174
ID61362,0.20301084
ID61363,0.4687297
ID61364,0.23173068
ID61365,0.7419973
ID61366,0.40289223
ID61367,0.5387045
ID61368,0.4299938
ID61369,0.09389058
ID61370,0.4180827
ID61371,0.54213494
ID61372,0.613954
ID61373,0.5617082
ID61374,0.28288883
ID61375,0.5635078
ID61376,0.5832034
ID61377,0.728764
ID61378,0.5964908
ID61379,0.4513489
ID61380,0.07669833
ID61381,0.35934174
ID61382,0.564122
ID61383,0.1993637
ID61384,0.026503377
ID61385,0.42447174
ID61386,0.5189701
ID61387,0.63171774
ID61388,0.2078161
ID61389,0.65132797
ID61390,0.28124124
ID61391,0.5038906
ID61392,0.5826159
ID61393,0.29212427
ID61394,0.5758808
ID61395,0.50596946
ID61396,0.7057708
ID61397,0.5200616
ID61398,0.23277785
ID61399,0.24889106
ID61400,0.71436167
ID61401,0.6088887
ID61402,0.4736005
ID61403,0.31189442
ID61404,0.5411697
ID61405,0.73090565
ID61406,0.55636406
ID61407,0.45561618
ID61408,0.6062455
ID61409,0.3531062
ID61410,0.29900694
ID61411,0.034258384
ID61412,0.3805921
ID61413,0.60757035
ID61414,0.24815278
ID61415,0.63919884
ID61416,0.118853904
ID61417,0.3002042
ID61418,0.43353748
ID61419,0.57640654
ID61420,0.4787261
ID61421,0.56574225
ID61422,0.3832222
ID61423,0.12848154
ID61424,0.49254987
ID61425,0.26055327
ID61426,0.55537975
ID61427,0.23794122
ID61428,0.42570728
ID61429,0.64724755
ID61430,0.4779911
ID61431,0.561781
ID61432,0.3169637
ID61433,0.6633332
ID61434,0.10695413
ID61435,0.076188
ID61436,0.13738844
ID61437,0.57514554
ID61438,0.55519116
ID61439,0.29191646
ID61440,0.5396155
ID61441,0.6032371
ID61442,0.20611347
ID61443,0.2926022
ID61444,0.40661278
ID61445,0.29326463
ID61446,0.5429644
ID61447,0.112578735
ID61448,0.4514202
ID61449,0.25125265
ID61450,0.6056913
ID61451,0.32502726
ID61452,0.16471492
ID61453,0.11957412
ID61454,0.5802263
ID61455,0.07516766
ID61456,0.15470734
ID61457,0.5393853
ID61458,0.55589765
ID61459,0.569422
ID61460,0.26325566
ID61461,0.5959539
ID61462,0.20612812
ID61463,0.26851922
ID61464,0.27556983
ID61465,0.32095358
ID61466,0.10309518
ID61467,0.34736055
ID61468,0.62553984
ID61469,0.4982354
ID61470,0.18541554
ID61471,0.30254593
ID61472,0.5644245
ID61473,0.25205308
ID61474,0.19932434
ID61475,0.49058643
ID61476,0.63023186
ID61477,0.62716925
ID61478,0.5017399
ID61479,0.09680994
ID61480,0.31635463
ID61481,0.5048946
ID61482,0.53654206
ID61483,0.41856986
ID61484,0.28628078
ID61485,0.62280697
ID61486,0.2499267
ID61487,0.36492783
ID61488,0.3479848
ID61489,0.57501906
ID61490,0.5652835
ID61491,0.3466565
ID61492,0.56800467
ID61493,0.012897123
ID61494,0.4107558
ID61495,0.14932202
ID61496,0.68899417
ID61497,0.44919625
ID61498,0.30359042
ID61499,0.5560703
ID61500,0.45171288
ID61501,0.56684434
ID61502,0.2534056
ID61503,0.47953755
ID61504,0.604534
ID61505,0.6349678
ID61506,0.31060952
ID61507,0.44781268
ID61508,0.41000834
ID61509,0.2849108
ID61510,0.66627145
ID61511,0.69955397
ID61512,0.44699556
ID61513,0.58284634
ID61514,0.22971565
ID61515,0.26578665
ID61516,0.10236261
ID61517,0.61160314
ID61518,0.6474154
ID61519,0.090135455
ID61520,0.26807308
ID61521,0.48294273
ID61522,0.22601013
ID61523,0.41616789
ID61524,0.57601756
ID61525,0.1941608
ID61526,0.5677776
ID61527,0.4991801
ID61528,0.17862706
ID61529,0.65847266
ID61530,0.49625152
ID61531,0.44985384
ID61532,0.5077716
ID61533,0.104387596
ID61534,0.6354532
ID61535,0.5007661
ID61536,0.4631188
ID61537,0.117475815
ID61538,0.4887355
ID61539,0.35076007
ID61540,0.32236153
ID61541,0.20457299
ID61542,0.5179949
ID61543,0.23116896
ID61544,0.34487396
ID61545,0.5792208
ID61546,0.33692294
ID61547,0.65948415
ID61548,0.6043213
ID61549,0.13109377
ID61550,0.109384716
ID61551,0.59327215
ID61552,0.59118
ID61553,0.65044224
ID61554,0.52826566
ID61555,0.5790041
ID61556,0.27904004
ID61557,0.60422325
ID61558,0.45765838
ID61559,0.60748243
ID61560,0.48662877
ID61561,0.49005017
ID61562,0.38387325
ID61563,0.43778405
ID61564,0.15195288
ID61565,0.053568374
ID61566,0.34076092
ID61567,0.5596539
ID61568,0.31219006
ID61569,0.40508693
ID61570,0.55955565
ID61571,0.5449204
ID61572,0.61751866
ID61573,0.5279721
ID61574,0.4116451
ID61575,0.30138874
ID61576,0.6274086
ID61577,0.51399624
ID61578,0.67383814
ID61579,0.46815646
ID61580,0.54541194
ID61581,0.6069258
ID61582,0.37097386
ID61583,0.17740588
ID61584,0.56723285
ID61585,0.2108179
ID61586,0.6503141
ID61587,0.33270445
ID61588,0.7934604
ID61589,0.5598407
ID61590,0.5790328
ID61591,0.1254642
ID61592,0.27069014
ID61593,0.19242375
ID61594,0.5736163
ID61595,0.16069175
ID61596,0.53487563
ID61597,0.5315361
ID61598,0.548679
ID61599,0.23402423
ID61600,0.2527113
ID61601,0.10386285
ID61602,0.12463317
ID61603,0.5347831
ID61604,0.19862588
ID61605,0.77343786
ID61606,0.3425233
ID61607,0.21012972
ID61608,0.5070274
ID61609,0.4225597
ID61610,0.43768957
ID61611,0.5440592
ID61612,0.50761724
ID61613,0.47754136
ID61614,0.45454332
ID61615,0.4770704
ID61616,0.16540551
ID61617,0.518745
ID61618,0.08208925
ID61619,0.7017838
ID61620,0.56744015
ID61621,0.12230098
ID61622,0.44611523
ID61623,0.5129158
ID61624,0.50205845
ID61625,0.037077144
ID61626,0.3256474
ID61627,0.50675017
ID61628,0.4711035
ID61629,0.36900178
ID61630,0.57087404
ID61631,0.30062342
ID61632,0.31973103
ID61633,0.3442765
ID61634,0.46438938
ID61635,0.74545604
ID61636,0.6063054
ID61637,0.5723379
ID61638,0.38117656
ID61639,0.493352
ID61640,0.5683895
ID61641,0.34976533
ID61642,0.4559272
ID61643,0.4778604
ID61644,0.47265595
ID61645,0.3460824
ID61646,0.2397911
ID61647,0.6270121
ID61648,0.32488334
ID61649,0.065887846
ID61650,0.34633765
ID61651,0.61747724
ID61652,0.6273615
ID61653,0.41641688
ID61654,0.38332492
ID61655,0.25345185
ID61656,0.41537946
ID61657,0.5839762
ID61658,0.3091637
ID61659,0.4677307
ID61660,0.51453394
ID61661,0.3699031
ID61662,0.5822059
ID61663,0.526214
ID61664,0.59221274
ID61665,0.15698309
ID61666,0.57982206
ID61667,0.24069473
ID61668,0.48273057
ID61669,0.27798828
ID61670,0.4374803
ID61671,0.17876105
ID61672,0.08686715
ID61673,0.5400036
ID61674,0.3232506
ID61675,0.68306476
ID61676,0.3978477
ID61677,0.3825084
ID61678,0.5382848
ID61679,0.5463519
ID61680,0.5477562
ID61681,0.10621382
ID61682,0.1161902
ID61683,0.2741678
ID61684,0.5847624
ID61685,0.615441
ID61686,0.72966254
ID61687,0.6529123
ID61688,0.6386471
ID61689,0.65185076
ID61690,0.18071795
ID61691,0.45231146
ID61692,0.5813724
ID61693,0.4421659
ID61694,0.21288982
ID61695,0.07295087
ID61696,0.7170333
ID61697,0.48070675
ID61698,0.6362288
ID61699,0.58798283
ID61700,0.20837642
ID61701,0.44491258
ID61702,0.18567826
ID61703,0.33368504
ID61704,0.37757275
ID61705,0.5768063
ID61706,0.25987846
ID61707,0.2952726
ID61708,0.6450481
ID61709,0.058894597
ID61710,0.62423104
ID61711,0.46121895
ID61712,0.5634954
ID61713,0.5678691
ID61714,0.41043147
ID61715,0.4796311
ID61716,0.3530924
ID61717,0.093112715
ID61718,0.26415464
ID61719,0.6598582
ID61720,0.4352292
ID61721,0.6202009
ID61722,0.30608472
ID61723,0.762894
ID61724,0.37085402
ID61725,0.40080523
ID61726,0.60305923
ID61727,0.350997
ID61728,0.40589666
ID61729,0.551558
ID61730,0.4565613
ID61731,0.6235871
ID61732,0.39913848
ID61733,0.5769193
ID61734,0.43798447
ID61735,0.35292184
ID61736,0.26034316
ID61737,0.09463232
ID61738,0.02284195
ID61739,0.33948913
ID61740,0.16211858
ID61741,0.24824157
ID61742,0.5815933
ID61743,0.5746696
ID61744,0.4670547
ID61745,0.7538445
ID61746,0.6967881
ID61747,0.37812248
ID61748,0.56112546
ID61749,0.09620003
ID61750,0.6361451
ID61751,0.36582267
ID61752,0.660049
ID61753,0.5799406
ID61754,0.5352157
ID61755,0.1874558
ID61756,0.7288469
ID61757,0.397681
ID61758,0.6185487
ID61759,0.5701297
ID61760,0.49132416
ID61761,0.23397452
ID61762,0.60895437
ID61763,0.5781795
ID61764,0.109912984
ID61765,0.76726145
ID61766,0.34400183
ID61767,0.5650863
ID61768,0.40373698
ID61769,0.2049782
ID61770,0.48157704
ID61771,0.34875384
ID61772,0.48792014
ID61773,0.2720043
ID61774,0.538546
ID61775,0.18858953
ID61776,0.11970442
ID61777,0.6085402
ID61778,0.18981579
ID61779,0.2839085
ID61780,0.22099891
ID61781,0.26841727
ID61782,0.5511203
ID61783,0.38247046
ID61784,0.56679136
ID61785,0.6680922
ID61786,0.17955604
ID61787,0.54594487
ID61788,0.16541046
ID61789,0.34260264
ID61790,0.58979243
ID61791,0.5765418
ID61792,0.46230936
ID61793,0.5775652
ID61794,0.5283965
ID61795,0.644978
ID61796,0.3589393
ID61797,0.42043093
ID61798,0.69541717
ID61799,0.6124467
ID61800,0.26724425
ID61801,0.4252317
ID61802,0.64124984
ID61803,0.5468471
ID61804,0.5322052
ID61805,0.55924666
ID61806,0.59448075
ID61807,0.57572365
ID61808,0.361624
ID61809,0.5419519
ID61810,0.5491475
ID61811,0.63460237
ID61812,0.3996891
ID61813,0.6169289
ID61814,0.530965
ID61815,0.3305241
ID61816,0.4426786
ID61817,0.5746489
ID61818,0.5603795
ID61819,0.20746185
ID61820,0.47703266
ID61821,0.7139489
ID61822,0.49248523
ID61823,0.5581353
ID61824,0.19529898
ID61825,0.50838596
ID61826,0.61135465
ID61827,0.32916805
ID61828,0.43394423
ID61829,0.38104543
ID61830,0.52422786
ID61831,0.54559755
ID61832,0.43792462
ID61833,0.27914613
ID61834,0.43468443
ID61835,0.51578236
ID61836,0.5705225
ID61837,0.594404
ID61838,0.5985745
ID61839,0.15553911
ID61840,0.23206517
ID61841,0.23957726
ID61842,0.55158734
ID61843,0.2445088
ID61844,0.7227118
ID61845,0.13757184
ID61846,0.45609605
ID61847,0.5270901
ID61848,0.011366826
ID61849,0.48752263
ID61850,0.46981817
ID61851,0.34704524
ID61852,0.660964
ID61853,0.12462769
ID61854,0.65940505
ID61855,0.2700196
ID61856,0.3974181
ID61857,0.12929662
ID61858,0.67434436
ID61859,0.29781017
ID61860,0.39068398
ID61861,0.5611071
ID61862,0.36769673
ID61863,0.51939875
ID61864,0.030844023
ID61865,0.5250456
ID61866,0.036294986
ID61867,0.6239011
ID61868,0.6158862
ID61869,0.5951433
ID61870,0.53870267
ID61871,0.1671444
ID61872,0.6688482
ID61873,0.4861169
ID61874,0.4200626
ID61875,0.5849269
ID61876,0.31830066
ID61877,0.44665062
ID61878,0.65145886
ID61879,0.67320424
ID61880,0.41579324
ID61881,0.36326012
ID61882,0.34727696
ID61883,0.42982507
ID61884,0.44223604
ID61885,0.77043384
ID61886,0.21942928
ID61887,0.33604062
ID61888,0.31220758
ID61889,0.35961992
ID61890,0.63720995
ID61891,0.5888012
ID61892,0.4731918
ID61893,0.6143015
ID61894,0.51398706
ID61895,0.2738959
ID61896,0.30803624
ID61897,0.5946357
ID61898,0.40035278
ID61899,0.19260523
ID61900,0.45771942
ID61901,0.69386566
ID61902,0.4106595
ID61903,0.5557589
ID61904,0.5092205
ID61905,0.36235586
ID61906,0.16648667
ID61907,0.58237654
ID61908,0.57624894
ID61909,0.54177016
ID61910,0.13334875
ID61911,0.33926326
ID61912,0.47372517
ID61913,0.23272386
ID61914,0.29594496
ID61915,0.22056669
ID61916,0.6179348
ID61917,0.46959013
ID61918,0.51417446
ID61919,0.638289
ID61920,0.32354152
ID61921,0.40613246
ID61922,0.43428287
ID61923,0.6514456
ID61924,0.448811
ID61925,0.42465028
ID61926,0.114698954
ID61927,0.44834954
ID61928,0.5656735
ID61929,0.6918436
ID61930,0.2900431
ID61931,0.05029402
ID61932,0.1603682
ID61933,0.3767156
ID61934,0.59861845
ID61935,0.34068003
ID61936,0.57601416
ID61937,0.6507084
ID61938,0.6645662
ID61939,0.5504909
ID61940,0.31870654
ID61941,0.7275162
ID61942,0.5962561
ID61943,0.67000955
ID61944,0.60311985
ID61945,0.2622401
ID61946,0.61279553
ID61947,0.42033416
ID61948,0.3463006
ID61949,0.5564792
ID61950,0.19773507
ID61951,0.672312
ID61952,0.61574167
ID61953,0.14739688
ID61954,0.27010018
ID61955,0.45321143
ID61956,0.63723797
ID61957,0.3755958
ID61958,0.75195736
ID61959,0.21464977
ID61960,0.40716192
ID61961,0.26112548
ID61962,0.15639023
ID61963,0.22163881
ID61964,0.32758737
ID61965,0.58854383
ID61966,0.5350879
ID61967,0.6830387
ID61968,0.6298955
ID61969,0.5816241
ID61970,0.4990476
ID61971,0.22947568
ID61972,0.15953441
ID61973,0.6560344
ID61974,0.74143195
ID61975,0.4982392
ID61976,0.2276947
ID61977,0.45951742
ID61978,0.058132797
ID61979,0.3724086
ID61980,0.112185106
ID61981,0.093766704
ID61982,0.29064605
ID61983,0.39411744
ID61984,0.4123629
ID61985,0.20120518
ID61986,0.41181642
ID61987,0.67385083
ID61988,0.7446802
ID61989,0.68204063
ID61990,0.22179368
ID61991,0.61417854
ID61992,0.49986318
ID61993,0.35336977
ID61994,0.27186322
ID61995,0.60477805
ID61996,0.6307975
ID61997,0.7630668
ID61998,0.20924498
ID61999,0.4550506
ID62000,0.7269041
ID62001,0.62438834
ID62002,0.1299659
ID62003,0.19448087
ID62004,0.38351512
ID62005,0.52628577
ID62006,0.39291173
ID62007,0.649602
ID62008,0.123226985
ID62009,0.53083515
ID62010,0.6469166
ID62011,0.5737539
ID62012,0.33731237
ID62013,0.29879728
ID62014,0.20764141
ID62015,0.54211104
ID62016,0.34924692
ID62017,0.30512527
ID62018,0.5446175
ID62019,0.42234218
ID62020,0.65387875
ID62021,0.4783621
ID62022,0.29304254
ID62023,0.6882132
ID62024,0.5772613
ID62025,0.38036108
ID62026,0.33473548
ID62027,0.59985924
ID62028,0.59467
ID62029,0.5292784
ID62030,0.18714929
ID62031,0.4645799
ID62032,0.49941608
ID62033,0.5613781
ID62034,0.62396735
ID62035,0.7089763
ID62036,0.30108336
ID62037,0.2555405
ID62038,0.10481656
ID62039,0.3926079
ID62040,0.24596827
ID62041,0.4607138
ID62042,0.34110487
ID62043,0.80161625
ID62044,0.32912293
ID62045,0.20665616
ID62046,0.46764496
ID62047,0.33863154
ID62048,0.33721384
ID62049,0.48543656
ID62050,0.3969974
ID62051,0.5042408
ID62052,0.45687744
ID62053,0.5706923
ID62054,0.41761124
ID62055,0.2710952
ID62056,0.57838094
ID62057,0.5104297
ID62058,0.4408343
ID62059,0.17600645
ID62060,0.44585705
ID62061,0.418313
ID62062,0.4270923
ID62063,0.2718473
ID62064,0.4143471
ID62065,0.48627007
ID62066,0.19384126
ID62067,0.5865706
ID62068,0.6488763
ID62069,0.31116572
ID62070,0.60281193
ID62071,0.49207827
ID62072,0.5828161
ID62073,0.29736418
ID62074,0.6478276
ID62075,0.53993744
ID62076,0.56548536
ID62077,0.27214202
ID62078,0.2703605
ID62079,0.32644236
ID62080,0.43924248
ID62081,0.42079732
ID62082,0.6882189
ID62083,0.59614784
ID62084,0.6740523
ID62085,0.65008354
ID62086,0.5060488
ID62087,0.4430892
ID62088,0.4933664
ID62089,0.09802026
ID62090,0.32854548
ID62091,0.00845534
ID62092,0.6544895
ID62093,0.51408315
ID62094,0.36007115
ID62095,0.5052136
ID62096,0.6689576
ID62097,0.09806028
ID62098,0.26108906
ID62099,0.5534322
ID62100,0.48139808
ID62101,0.1900452
ID62102,0.5517928
ID62103,0.5984986
ID62104,0.47029343
ID62105,0.58231664
ID62106,0.73153067
ID62107,0.46161824
ID62108,0.4456691
ID62109,0.48730168
ID62110,0.5236697
ID62111,0.47474223
ID62112,0.21865131
ID62113,0.32999942
ID62114,0.51140636
ID62115,0.38429874
ID62116,0.4264758
ID62117,0.6965223
ID62118,0.37388954
ID62119,0.5151184
ID62120,0.5268217
ID62121,0.51843745
ID62122,0.3579777
ID62123,0.5901233
ID62124,0.25753498
ID62125,0.20399734
ID62126,0.22287494
ID62127,0.33168042
ID62128,0.6169289
ID62129,0.3507708
ID62130,0.35469884
ID62131,0.07810827
ID62132,0.5239171
ID62133,0.54146594
ID62134,0.7026354
ID62135,0.3548958
ID62136,0.35403255
ID62137,0.36264592
ID62138,0.45457977
ID62139,0.5338577
ID62140,0.4918105
ID62141,0.36544803
ID62142,0.64977455
ID62143,0.69176805
ID62144,0.34858337
ID62145,0.40982175
ID62146,0.70865816
ID62147,0.40571707
ID62148,0.3231649
ID62149,0.18129341
ID62150,0.30167127
ID62151,0.33222193
ID62152,0.4052712
ID62153,0.302008
ID62154,0.13104291
ID62155,0.3452221
ID62156,0.50864136
ID62157,0.23431225
ID62158,0.21335243
ID62159,0.38019282
ID62160,0.24096988
ID62161,0.37853232
ID62162,0.31357825
ID62163,0.18181145
ID62164,0.5808866
ID62165,0.09431143
ID62166,0.23509698
ID62167,0.19529593
ID62168,0.35527202
ID62169,0.46258995
ID62170,0.7301493
ID62171,0.37916717
ID62172,0.6312658
ID62173,0.03570728
ID62174,0.40401033
ID62175,0.5065087
ID62176,0.80858004
ID62177,0.57233083
ID62178,0.56281024
ID62179,0.60318226
ID62180,0.24836114
ID62181,0.2683595
ID62182,0.15187849
ID62183,0.31796065
ID62184,0.13911785
ID62185,0.62346774
ID62186,0.31034768
ID62187,0.24548794
ID62188,0.59351087
ID62189,0.29875612
ID62190,0.5420728
ID62191,0.50889534
ID62192,0.30030423
ID62193,0.21491948
ID62194,0.17362511
ID62195,0.25950864
ID62196,0.36567733
ID62197,0.67078006
ID62198,0.29806572
ID62199,0.47785082
ID62200,0.5200589
ID62201,0.17017679
ID62202,0.665644
ID62203,0.5726279
ID62204,0.21745436
ID62205,0.5948029
ID62206,0.08685815
ID62207,0.057254206
ID62208,0.59207386
ID62209,0.60791963
ID62210,0.565044
ID62211,0.51217717
ID62212,0.6194236
ID62213,0.43337584
ID62214,0.12485117
ID62215,0.40197727
ID62216,0.20343915
ID62217,0.6143833
ID62218,0.6454355
ID62219,0.40538222
ID62220,0.70977706
ID62221,0.55825925
ID62222,0.5085747
ID62223,0.39381117
ID62224,0.634691
ID62225,0.47372517
ID62226,0.623033
ID62227,0.21457696
ID62228,0.24897502
ID62229,0.69589144
ID62230,0.53013074
ID62231,0.450764
ID62232,0.5963634
ID62233,0.45035332
ID62234,0.6078918
ID62235,0.16835141
ID62236,0.20449461
ID62237,0.56448334
ID62238,0.012624705
ID62239,0.39169717
ID62240,0.49305448
ID62241,0.59538436
ID62242,0.29392
ID62243,0.7323072
ID62244,0.0052236505
ID62245,0.42958915
ID62246,0.09778235
ID62247,0.26714686
ID62248,0.5235259
ID62249,0.61192036
ID62250,0.5941169
ID62251,0.6652344
ID62252,0.4629721
ID62253,0.073434055
ID62254,0.4550815
ID62255,0.3236377
ID62256,0.26713648
ID62257,0.5128865
ID62258,0.5528365
ID62259,0.6033265
ID62260,0.049537607
ID62261,0.24707784
ID62262,0.37539735
ID62263,0.5543758
ID62264,0.5881726
ID62265,0.118920766
ID62266,0.642796
ID62267,0.6173011
ID62268,0.4013346
ID62269,0.41580367
ID62270,0.37298757
ID62271,0.23377307
ID62272,0.12031293
ID62273,0.31604296
ID62274,0.546833
ID62275,0.6433603
ID62276,0.60003793
ID62277,0.36293226
ID62278,0.47259477
ID62279,0.40458193
ID62280,0.007557946
ID62281,0.58461183
ID62282,0.74143195
ID62283,0.3761697
ID62284,0.5637136
ID62285,0.7026321
ID62286,0.19764748
ID62287,0.3048396
ID62288,0.56390107
ID62289,0.23108725
ID62290,0.14341618
ID62291,0.6527287
ID62292,0.36079034
ID62293,0.3174115
ID62294,0.2727258
ID62295,0.45237306
ID62296,0.09213976
ID62297,0.09936201
ID62298,0.27763247
ID62299,0.49322888
ID62300,0.13532118
ID62301,0.56988543
ID62302,0.5979351
ID62303,0.48554593
ID62304,0.5233094
ID62305,0.53087187
ID62306,0.73941237
ID62307,0.23519173
ID62308,0.536099
ID62309,0.51003134
ID62310,0.5713619
ID62311,0.5561982
ID62312,0.4333458
ID62313,0.4926278
ID62314,0.55401534
ID62315,0.39121175
ID62316,0.6339433
ID62317,0.43258435
ID62318,0.5242392
ID62319,0.5597678
ID62320,0.24615465
ID62321,0.6302534
ID62322,0.48108888
ID62323,0.104866385
ID62324,0.51221436
ID62325,0.23587565
ID62326,0.5524953
ID62327,0.1565645
ID62328,0.5173553
ID62329,0.56393826
ID62330,0.50877744
ID62331,0.6410976
ID62332,0.08420187
ID62333,0.381001
ID62334,0.39027786
ID62335,0.39197484
ID62336,0.093263336
ID62337,0.16923575
ID62338,0.42486802
ID62339,0.12227406
ID62340,0.43328574
ID62341,0.49896953
ID62342,0.53193957
ID62343,0.45798513
ID62344,0.26599404
ID62345,0.32411757
ID62346,0.5826647
ID62347,0.4499798
ID62348,0.5766443
ID62349,0.39862996
ID62350,0.47007975
ID62351,0.39249367
ID62352,0.6519936
ID62353,0.31701374
ID62354,0.24735694
ID62355,0.6466964
ID62356,0.26228768
ID62357,0.2520441
ID62358,0.5799095
ID62359,0.35670716
ID62360,0.33981878
ID62361,0.38143033
ID62362,0.59174365
ID62363,0.29604027
ID62364,0.3536307
ID62365,0.5614233
ID62366,0.12372743
ID62367,0.5356782
ID62368,0.16700743
ID62369,0.4804244
ID62370,0.34092376
ID62371,0.46687114
ID62372,0.055185784
ID62373,0.59827965
ID62374,0.5125621
ID62375,0.5431506
ID62376,0.09027551
ID62377,0.47662312
ID62378,0.17904091
ID62379,0.6843377
ID62380,0.5641137
ID62381,0.12660873
ID62382,0.21515231
ID62383,0.5984863
ID62384,0.13713403
ID62385,0.73756075
ID62386,0.47394037
ID62387,0.26507747
ID62388,0.30741972
ID62389,0.6386281
ID62390,0.5799172
ID62391,0.31664082
ID62392,0.3889462
ID62393,0.14525384
ID62394,0.20181231
ID62395,0.56288844
ID62396,0.6364528
ID62397,0.5924729
ID62398,0.22113776
ID62399,0.5861077
ID62400,0.49586907
ID62401,0.041151986
ID62402,0.49876785
ID62403,0.3901881
ID62404,0.53540415
ID62405,0.44318077
ID62406,0.36014277
ID62407,0.57550114
ID62408,0.6185172
ID62409,0.49745053
ID62410,0.30860093
ID62411,0.46529716
ID62412,0.60257214
ID62413,0.5396548
ID62414,0.5313694
ID62415,0.4107365
ID62416,0.4369714
ID62417,0.68442404
ID62418,0.69046843
ID62419,0.28447917
ID62420,0.55975616
ID62421,0.11933849
ID62422,0.62647116
ID62423,0.38213766
ID62424,0.033550613
ID62425,0.5751486
ID62426,0.5770407
ID62427,0.30948055
ID62428,0.59670085
ID62429,0.2759747
ID62430,0.59422237
ID62431,0.3224223
ID62432,0.46468964
ID62433,0.40480855
ID62434,0.53410196
ID62435,0.64162934
ID62436,0.18223599
ID62437,0.32443196
ID62438,0.09359128
ID62439,0.63787484
ID62440,0.14656672
ID62441,0.43429923
ID62442,0.1737122
ID62443,0.3058171
ID62444,0.29272485
ID62445,0.62888795
ID62446,0.5573271
ID62447,0.2778977
ID62448,0.08179534
ID62449,0.5256775
ID62450,0.3770491
ID62451,0.2825901
ID62452,0.5003659
ID62453,0.5729178
ID62454,0.70995694
ID62455,0.7819456
ID62456,0.6400365
ID62457,0.4382468
ID62458,0.23521529
ID62459,0.25881684
ID62460,0.33647752
ID62461,0.6368647
ID62462,0.50213724
ID62463,0.18697119
ID62464,0.6227559
ID62465,0.37329286
ID62466,0.34188282
ID62467,0.5094023
ID62468,0.5554646
ID62469,0.64698964
ID62470,0.3681415
ID62471,0.1357996
ID62472,0.47482097
ID62473,0.6487523
ID62474,0.549886
ID62475,0.4076266
ID62476,0.42818847
ID62477,0.63170373
ID62478,0.77114975
ID62479,0.22100477
ID62480,0.4108358
ID62481,0.051451605
ID62482,0.64580715
ID62483,0.5003475
ID62484,0.5473532
ID62485,0.48325562
ID62486,0.23047891
ID62487,0.48590687
ID62488,0.64042616
ID62489,0.13143441
ID62490,0.47240707
ID62491,0.6114319
ID62492,0.16200535
ID62493,0.68904227
ID62494,0.41753736
ID62495,0.36453396
ID62496,0.20630193
ID62497,0.6076154
ID62498,0.3952117
ID62499,0.27197704
ID62500,0.5229508
ID62501,0.019173648
ID62502,0.21820217
ID62503,0.5384425
ID62504,0.35376433
ID62505,0.52675444
ID62506,0.41882005
ID62507,0.66799855
ID62508,0.4612466
ID62509,0.5664534
ID62510,0.23287566
ID62511,0.5617814
ID62512,0.6299469
ID62513,0.29924625
ID62514,0.64947593
ID62515,0.573354
ID62516,0.38548866
ID62517,0.5681691
ID62518,0.5229875
ID62519,0.6053482
ID62520,0.25483418
ID62521,0.28939524
ID62522,0.29520428
ID62523,0.11518947
ID62524,0.32940975
ID62525,0.5573305
ID62526,0.04554425
ID62527,0.45454332
ID62528,0.34710407
ID62529,0.17162186
ID62530,0.66408706
ID62531,0.6208095
ID62532,0.759075
ID62533,0.31946084
ID62534,0.3623414
ID62535,0.61528105
ID62536,0.64727575
ID62537,0.47352752
ID62538,0.34597054
ID62539,0.1985959
ID62540,0.21853362
ID62541,0.6288377
ID62542,0.5637354
ID62543,0.37228975
ID62544,0.52581155
ID62545,0.49814937
ID62546,0.2971636
ID62547,0.35709357
ID62548,0.5619497
ID62549,0.59137887
ID62550,0.44793826
ID62551,0.102475315
ID62552,0.5115534
ID62553,0.54152757
ID62554,0.2501689
ID62555,0.11113749
ID62556,0.47960588
ID62557,0.6435275
ID62558,0.6193954
ID62559,0.54938996
ID62560,0.1635771
ID62561,0.52774227
ID62562,0.31834346
ID62563,0.27382654
ID62564,0.3822852
ID62565,0.3118034
ID62566,0.7369287
ID62567,0.6639412
ID62568,0.37775314
ID62569,0.5762692
ID62570,0.13956629
ID62571,0.6188691
ID62572,0.60899925
ID62573,0.308105
ID62574,0.24124545
ID62575,0.48421788
ID62576,0.61914676
ID62577,0.5589971
ID62578,0.093132585
ID62579,0.3851289
ID62580,0.6223601
ID62581,0.4465727
ID62582,0.09974297
ID62583,0.46551993
ID62584,0.44946843
ID62585,0.6329396
ID62586,0.65462613
ID62587,0.2582206
ID62588,0.55150634
ID62589,0.49056152
ID62590,0.40231115
ID62591,0.51527077
ID62592,0.21818791
ID62593,0.29133925
ID62594,0.5989641
ID62595,0.16641031
ID62596,0.3024294
ID62597,0.0789881
ID62598,0.56128836
ID62599,0.21135269
ID62600,0.20608343
ID62601,0.6363494
ID62602,0.17659973
ID62603,0.40502292
ID62604,0.45680514
ID62605,0.5808452
ID62606,0.18934302
ID62607,0.5100488
ID62608,0.11816023
ID62609,0.52776515
ID62610,0.10776252
ID62611,0.5764475
ID62612,0.6453717
ID62613,0.1918072
ID62614,0.291856
ID62615,0.46004567
ID62616,0.2699858
ID62617,0.43447065
ID62618,0.5233568
ID62619,0.026952425
ID62620,0.23223814
ID62621,0.41554567
ID62622,0.1652032
ID62623,0.6032667
ID62624,0.48143068
ID62625,0.33153495
ID62626,0.09158386
ID62627,0.17715293
ID62628,0.013103864
ID62629,0.4868096
ID62630,0.5968299
ID62631,0.44810787
ID62632,0.5195744
ID62633,0.5172806
ID62634,0.14417891
ID62635,0.10939246
ID62636,0.3276329
ID62637,0.6225101
ID62638,0.44559342
ID62639,0.20009243
ID62640,0.16371213
ID62641,0.5800917
ID62642,0.43800634
ID62643,0.27783805
ID62644,0.83478415
ID62645,0.47189215
ID62646,0.41198465
ID62647,0.16417354
ID62648,0.62750256
ID62649,0.33839306
ID62650,0.39050913
ID62651,0.21695282
ID62652,0.49023825
ID62653,0.700676
ID62654,0.18466808
ID62655,0.3124814
ID62656,0.54454213
ID62657,0.64948803
ID62658,0.27219576
ID62659,0.62174827
ID62660,0.4370478
ID62661,0.3550021
ID62662,0.2355802
ID62663,0.46030724
ID62664,0.43247774
ID62665,0.5552165
ID62666,0.41961628
ID62667,0.26216385
ID62668,0.3123548
ID62669,0.4710219
ID62670,0.50999427
ID62671,0.31462604
ID62672,0.6508175
ID62673,0.6683152
ID62674,0.63208777
ID62675,0.55978376
ID62676,0.046445273
ID62677,0.2729301
ID62678,0.52377087
ID62679,0.25733247
ID62680,0.24772048
ID62681,0.116031244
ID62682,0.56999034
ID62683,0.44796064
ID62684,0.22320633
ID62685,0.4173354
ID62686,0.38100284
ID62687,0.2804684
ID62688,0.37113822
ID62689,0.47658017
ID62690,0.6478375
ID62691,0.55285656
ID62692,0.5949867
ID62693,0.67271304
ID62694,0.44970292
ID62695,0.61831874
ID62696,0.16295984
ID62697,0.6031527
ID62698,0.3583736
ID62699,0.65040344
ID62700,0.25469962
ID62701,0.5689793
ID62702,0.05898362
ID62703,0.40941665
ID62704,0.5466867
ID62705,0.5380924
ID62706,0.57930946
ID62707,0.403663
ID62708,0.1547804
ID62709,0.30507046
ID62710,0.47819656
ID62711,0.68902755
ID62712,0.23774457
ID62713,0.5523607
ID62714,0.48333028
ID62715,0.08145161
ID62716,0.71748793
ID62717,0.05886359
ID62718,0.09198241
ID62719,0.03374145
ID62720,0.3523268
ID62721,0.67073137
ID62722,0.68120676
ID62723,0.12410047
ID62724,0.52007276
ID62725,0.010779644
ID62726,0.3661699
ID62727,0.21831438
ID62728,0.30738267
ID62729,0.6991638
ID62730,0.3582753
ID62731,0.042680338
ID62732,0.5661213
ID62733,0.5154304
ID62734,0.4337264
ID62735,0.6995724
ID62736,0.4148002
ID62737,0.41602668
ID62738,0.40572596
ID62739,0.45373356
ID62740,0.6449603
ID62741,0.15814896
ID62742,0.31992128
ID62743,0.5539871
ID62744,0.62059075
ID62745,0.3387202
ID62746,0.38789126
ID62747,0.6301302
ID62748,0.19889727
ID62749,0.74739397
ID62750,0.24629389
ID62751,0.21089181
ID62752,0.63974154
ID62753,0.027719628
ID62754,0.58404833
ID62755,0.5046713
ID62756,0.5498362
ID62757,0.146958
ID62758,0.5618575
ID62759,0.29526597
ID62760,0.19516625
ID62761,0.5970579
ID62762,0.702069
ID62763,0.69713414
ID62764,0.6369103
ID62765,0.57537705
ID62766,0.66226
ID62767,0.29593837
ID62768,0.5171954
ID62769,0.21939756
ID62770,0.15375437
ID62771,0.33668998
ID62772,0.38606468
ID62773,0.25137043
ID62774,0.5948665
ID62775,0.60676795
ID62776,0.33388266
ID62777,0.27920473
ID62778,0.21258262
ID62779,0.17135876
ID62780,0.4467728
ID62781,0.30595407
ID62782,0.22739868
ID62783,0.05297985
ID62784,0.6958816
ID62785,0.14292985
ID62786,0.00946235
ID62787,0.3352007
ID62788,0.3042133
ID62789,0.359341
ID62790,0.16574727
ID62791,0.67028505
ID62792,0.73246807
ID62793,0.45936874
ID62794,0.56120723
ID62795,0.39830834
ID62796,0.08984362
ID62797,0.26053748
ID62798,0.35161144
ID62799,0.30277145
ID62800,0.23813221
ID62801,0.3983216
ID62802,0.5978959
ID62803,0.13263187
ID62804,0.26652026
ID62805,0.08536753
ID62806,0.2561632
ID62807,0.23262033
ID62808,0.4086363
ID62809,0.38369012
ID62810,0.19614846
ID62811,0.111274555
ID62812,0.5875308
ID62813,0.559849
ID62814,0.45448032
ID62815,0.2613544
ID62816,0.6758066
ID62817,0.42165318
ID62818,0.13454887
ID62819,0.41151258
ID62820,0.3611825
ID62821,0.6013421
ID62822,0.44378528
ID62823,0.32005727
ID62824,0.108172
ID62825,0.29897356
ID62826,0.41782662
ID62827,0.24686506
ID62828,0.39676255
ID62829,0.10104534
ID62830,0.37851492
ID62831,0.12575905
ID62832,0.5282831
ID62833,0.61831987
ID62834,0.048363835
ID62835,0.6509274
ID62836,0.49077484
ID62837,0.5585058
ID62838,0.50130576
ID62839,0.58813137
ID62840,0.44063658
ID62841,0.5197858
ID62842,0.4377953
ID62843,0.26455852
ID62844,0.38044083
ID62845,0.34011182
ID62846,0.2476643
ID62847,0.6157535
ID62848,0.14750896
ID62849,0.48356962
ID62850,0.08766691
ID62851,0.48626545
ID62852,0.5849233
ID62853,0.099954285
ID62854,0.13900997
ID62855,0.5654691
ID62856,0.5843059
ID62857,0.6155022
ID62858,0.48183745
ID62859,0.5640835
ID62860,0.501046
ID62861,0.039918378
ID62862,0.18386619
ID62863,0.7019209
ID62864,0.49088895
ID62865,0.40399474
ID62866,0.45479012
ID62867,0.4123582
ID62868,0.57983774
ID62869,0.32989088
ID62870,0.057336807
ID62871,0.40640244
ID62872,0.6320622
ID62873,0.5662177
ID62874,0.25933066
ID62875,0.5692077
ID62876,0.48574778
ID62877,0.47888756
ID62878,0.61853504
ID62879,0.37391675
ID62880,0.35419533
ID62881,0.3852372
ID62882,0.082283065
ID62883,0.08062376
ID62884,0.59645224
ID62885,0.33243942
ID62886,0.35372895
ID62887,0.6313985
ID62888,0.34016877
ID62889,0.290927
ID62890,0.55867594
ID62891,0.44114864
ID62892,0.48900142
ID62893,0.4959634
ID62894,0.16353846
ID62895,0.6807176
ID62896,0.6272623
ID62897,0.5588606
ID62898,0.5129155
ID62899,0.24719918
ID62900,0.6193771
ID62901,0.46902466
ID62902,0.369048
ID62903,0.3380632
ID62904,0.4152545
ID62905,0.27004078
ID62906,0.17101121
ID62907,0.37494236
ID62908,0.16675036
ID62909,0.28236803
ID62910,0.44447252
ID62911,0.48363075
ID62912,0.19780546
ID62913,0.6219816
ID62914,0.5830465
ID62915,0.3497936
ID62916,0.32178247
ID62917,0.5393425
ID62918,0.37054396
ID62919,0.5186426
ID62920,0.61591166
ID62921,0.40581483
ID62922,0.2487382
ID62923,0.25964463
ID62924,0.54215527
ID62925,0.5818905
ID62926,0.05236002
ID62927,0.3409451
ID62928,0.6303034
ID62929,0.58858114
ID62930,0.63498634
ID62931,0.43881598
ID62932,0.31434748
ID62933,0.12389186
ID62934,0.29939923
ID62935,0.23944394
ID62936,0.3970379
ID62937,0.477721
ID62938,0.48482776
ID62939,0.009830395
ID62940,0.38253662
ID62941,0.47287
ID62942,0.61991924
ID62943,0.4284436
ID62944,0.634278
ID62945,0.3256323
ID62946,0.54291576
ID62947,0.57958484
ID62948,0.5187178
ID62949,0.55929315
ID62950,0.32291457
ID62951,0.50457686
ID62952,0.37238646
ID62953,0.12621272
ID62954,0.32869005
ID62955,0.43352634
ID62956,0.6694798
ID62957,0.68229306
ID62958,0.46791005
ID62959,0.18385512
ID62960,0.28013906
ID62961,0.604675
ID62962,0.38102168
ID62963,0.32292247
ID62964,0.5625378
ID62965,0.75250167
ID62966,0.5656496
ID62967,0.19588025
ID62968,0.2989829
ID62969,0.2728565
ID62970,0.19095694
ID62971,0.0320849
ID62972,0.36219332
ID62973,0.65236837
ID62974,0.65334064
ID62975,0.086429365
ID62976,0.36517686
ID62977,0.2596421
ID62978,0.34819096
ID62979,0.31244814
ID62980,0.5695132
ID62981,0.6240938
ID62982,0.6422614
ID62983,0.3739003
ID62984,0.6241452
ID62985,0.06258137
ID62986,0.3964628
ID62987,0.036998615
ID62988,0.63357025
ID62989,0.36813828
ID62990,0.76405174
ID62991,0.6300873
ID62992,0.458764
ID62993,0.51937026
ID62994,0.4833196
ID62995,0.23304838
ID62996,0.4817349
ID62997,0.59591734
ID62998,0.64076424
ID62999,0.19143191
ID63000,0.56849134
ID63001,0.4637109
ID63002,0.5141515
ID63003,0.2969425
ID63004,0.6278102
ID63005,0.32202935
ID63006,0.55143327
ID63007,0.6454917
ID63008,0.1411517
ID63009,0.24915978
ID63010,0.18954699
ID63011,0.45245448
ID63012,0.051550776
ID63013,0.1262817
ID63014,0.43625456
ID63015,0.5746057
ID63016,0.23647483
ID63017,0.34958518
ID63018,0.33270937
ID63019,0.43138573
ID63020,0.2650028
ID63021,0.29123604
ID63022,0.12953444
ID63023,0.28936735
ID63024,0.5162985
ID63025,0.37746403
ID63026,0.34323287
ID63027,0.6025018
ID63028,0.6170386
ID63029,0.5582425
ID63030,0.23646782
ID63031,0.500761
ID63032,0.32130733
ID63033,0.74697953
ID63034,0.7236077
ID63035,0.6373249
ID63036,0.18520668
ID63037,0.6171227
ID63038,0.48032218
ID63039,0.5247957
ID63040,0.14007649
ID63041,0.6239606
ID63042,0.42476046
ID63043,0.42926243
ID63044,0.25004962
ID63045,0.6013517
ID63046,0.19619966
ID63047,0.057433788
ID63048,0.4725302
ID63049,0.2379248
ID63050,0.5924321
ID63051,0.35795364
ID63052,0.53705144
ID63053,0.557337
ID63054,0.34487057
ID63055,0.49540696
ID63056,0.37843212
ID63057,0.76872736
ID63058,0.2674812
ID63059,0.6044672
ID63060,0.4409638
ID63061,0.6486192
ID63062,0.08383913
ID63063,0.29982415
ID63064,0.09591759
ID63065,0.32629952
ID63066,0.12016518
ID63067,0.1775727
ID63068,0.22389826
ID63069,0.17502134
ID63070,0.17247301
ID63071,0.5726097
ID63072,0.43092993
ID63073,0.58262473
ID63074,0.3747686
ID63075,0.45163
ID63076,0.3443099
ID63077,0.13015416
ID63078,0.33863115
ID63079,0.639518
ID63080,0.39200386
ID63081,0.12893428
ID63082,0.41435432
ID63083,0.45038375
ID63084,0.32171673
ID63085,0.6229356
ID63086,0.5038976
ID63087,0.36185
ID63088,0.77730423
ID63089,0.16026478
ID63090,0.18385136
ID63091,0.028568313
ID63092,0.34595138
ID63093,0.5117708
ID63094,0.11871292
ID63095,0.108686656
ID63096,0.6153552
ID63097,0.53202504
ID63098,0.612235
ID63099,0.54777545
ID63100,0.6306775
ID63101,0.3641598
ID63102,0.29607803
ID63103,0.06318032
ID63104,0.59471655
ID63105,0.2923875
ID63106,0.6214944
ID63107,0.5938965
ID63108,0.5386917
ID63109,0.035320926
ID63110,0.16724941
ID63111,0.5921889
ID63112,0.52733195
ID63113,0.34432968
ID63114,0.41894016
ID63115,0.5620511
ID63116,0.35995725
ID63117,0.2983051
ID63118,0.29661453
ID63119,0.61590934
ID63120,0.15377615
ID63121,0.54555964
ID63122,0.37799627
ID63123,0.57516783
ID63124,0.5295581
ID63125,0.3912212
ID63126,0.29269966
ID63127,0.51195693
ID63128,0.71765643
ID63129,0.19152538
ID63130,0.6779895
ID63131,0.6043899
ID63132,0.52591145
ID63133,0.50896955
ID63134,0.2220277
ID63135,0.59853435
ID63136,0.6776294
ID63137,0.36259848
ID63138,0.55483574
ID63139,0.41422898
ID63140,0.38594428
ID63141,0.35890526
ID63142,0.62707525
ID63143,0.13203454
ID63144,0.033520147
ID63145,0.16890883
ID63146,0.29364672
ID63147,0.60032576
ID63148,0.44280538
ID63149,0.3660144
ID63150,0.08481536
ID63151,0.5603804
ID63152,0.6650764
ID63153,0.5203039
ID63154,0.29772416
ID63155,0.4980951
ID63156,0.13722037
ID63157,0.18912947
ID63158,0.08732326
ID63159,0.18062156
ID63160,0.07414926
ID63161,0.4884685
ID63162,0.213661
ID63163,0.41832536
ID63164,0.5608845
ID63165,0.21721053
ID63166,0.04999003
ID63167,0.19310795
ID63168,0.30633345
ID63169,0.5044208
ID63170,0.64402467
ID63171,0.15401584
ID63172,0.30610383
ID63173,0.5259261
ID63174,0.25805023
ID63175,0.31282687
ID63176,0.6209199
ID63177,0.2036912
ID63178,0.037693623
ID63179,0.5218937
ID63180,0.37118995
ID63181,0.3441552
ID63182,0.4799301
ID63183,0.4501523
ID63184,0.35813785
ID63185,0.5357782
ID63186,0.25662264
ID63187,0.6124715
ID63188,0.46177325
ID63189,0.41538775
ID63190,0.34891647
ID63191,0.60685474
ID63192,0.14068727
ID63193,0.16492479
ID63194,0.5760696
ID63195,0.50353456
ID63196,0.5329964
ID63197,0.2977421
ID63198,0.06978403
ID63199,0.23804979
ID63200,0.6478521
ID63201,0.72355765
ID63202,0.3871252
ID63203,0.5863891
ID63204,0.41381717
ID63205,0.12064142
ID63206,0.46369264
ID63207,0.7056557
ID63208,0.65600234
ID63209,0.47456476
ID63210,0.66299325
ID63211,0.35732144
ID63212,0.08052593
ID63213,0.51863366
ID63214,0.19213326
ID63215,0.6398629
ID63216,0.40969065
ID63217,0.5866513
ID63218,0.2645189
ID63219,0.18945496
ID63220,0.2554178
ID63221,0.65600234
ID63222,0.3334549
ID63223,0.22503017
ID63224,0.5137992
ID63225,0.49788716
ID63226,0.33762836
ID63227,0.592111
ID63228,0.42231393
ID63229,0.3672933
ID63230,0.24208544
ID63231,0.5537631
ID63232,0.59469694
ID63233,0.5616861
ID63234,0.2826825
ID63235,0.5619236
ID63236,0.6309408
ID63237,0.44346008
ID63238,0.58509886
ID63239,0.49217403
ID63240,0.6908271
ID63241,0.31070805
ID63242,0.4424432
ID63243,0.42038316
ID63244,0.5741904
ID63245,0.51352465
ID63246,0.05479465
ID63247,0.6509932
ID63248,0.33204567
ID63249,0.55999243
ID63250,0.46512544
ID63251,0.57696027
ID63252,0.1669577
ID63253,0.67451066
ID63254,0.058376502
ID63255,0.14615324
ID63256,0.4176064
ID63257,0.5059249
ID63258,0.59282744
ID63259,0.5374126
ID63260,0.36313057
ID63261,0.25343752
ID63262,0.6241592
ID63263,0.32904565
ID63264,0.44003582
ID63265,0.23883921
ID63266,0.36141923
ID63267,0.4619539
ID63268,0.33312544
ID63269,0.4631884
ID63270,0.5594704
ID63271,0.4688344
ID63272,0.5578912
ID63273,0.013573598
ID63274,0.6706743
ID63275,0.15504465
ID63276,0.308811
ID63277,0.39005214
ID63278,0.014711249
ID63279,0.12188699
ID63280,0.63482785
ID63281,0.2459805
ID63282,0.35652047
ID63283,0.59094423
ID63284,0.52728766
ID63285,0.79648495
ID63286,0.5380326
ID63287,0.57840806
ID63288,0.43653923
ID63289,0.2487916
ID63290,0.18797506
ID63291,0.5812485
ID63292,0.38001007
ID63293,0.3129592
ID63294,0.6469786
ID63295,0.46587053
ID63296,0.24007273
ID63297,0.41689306
ID63298,0.59530556
ID63299,0.17751105
ID63300,0.57989097
ID63301,0.41029802
ID63302,0.44202778
ID63303,0.27793285
ID63304,0.7324588
ID63305,0.5795537
ID63306,0.2322751
ID63307,0.56508076
ID63308,0.5421745
ID63309,0.11432452
ID63310,0.3818417
ID63311,0.72562283
ID63312,0.093766704
ID63313,0.3012016
ID63314,0.6072046
ID63315,0.095480196
ID63316,0.56378776
ID63317,0.5864636
ID63318,0.3341481
ID63319,0.54251677
ID63320,0.6013744
ID63321,0.3622877
ID63322,0.65255797
ID63323,0.37096715
ID63324,0.61888087
ID63325,0.37961006
ID63326,0.13734749
ID63327,0.23673879
ID63328,0.30643865
ID63329,0.14672387
ID63330,0.5780113
ID63331,0.10305651
ID63332,0.5248366
ID63333,0.06002548
ID63334,0.64746606
ID63335,0.6928535
ID63336,0.42657328
ID63337,0.48394746
ID63338,0.2909241
ID63339,0.48380014
ID63340,0.47592184
ID63341,0.56056416
ID63342,0.0053595407
ID63343,0.4620346
ID63344,0.29071635
ID63345,0.53867906
ID63346,0.40194505
ID63347,0.20611945
ID63348,0.5009291
ID63349,0.062294655
ID63350,0.24528481
ID63351,0.42497995
ID63352,0.39929545
ID63353,0.37028793
ID63354,0.035510983
ID63355,0.4102373
ID63356,0.41413924
ID63357,0.3287044
ID63358,0.5240321
ID63359,0.28263086
ID63360,0.28922942
ID63361,0.56634516
ID63362,0.64973986
ID63363,0.51132447
ID63364,0.5287071
ID63365,0.3902905
ID63366,0.25408176
ID63367,0.20368807
ID63368,0.34862837
ID63369,0.17459255
ID63370,0.41243303
ID63371,0.24405983
ID63372,0.5258092
ID63373,0.14169632
ID63374,0.64338505
ID63375,0.5922273
ID63376,0.46811804
ID63377,0.22553092
ID63378,0.47218215
ID63379,0.45469612
ID63380,0.23350543
ID63381,0.5651293
ID63382,0.18375716
ID63383,0.24520281
ID63384,0.70801556
ID63385,0.3481424
ID63386,0.59821904
ID63387,0.80632454
ID63388,0.3432379
ID63389,0.6225494
ID63390,0.5179396
ID63391,0.4806183
ID63392,0.6098423
ID63393,0.13070174
ID63394,0.21372595
ID63395,0.34784657
ID63396,0.48010045
ID63397,0.5586601
ID63398,0.20721926
ID63399,0.5118593
ID63400,0.62497985
ID63401,0.5379884
ID63402,0.19459519
ID63403,0.45140737
ID63404,0.36075205
ID63405,0.6626836
ID63406,0.5884979
ID63407,0.22379045
ID63408,0.19590215
ID63409,0.124603316
ID63410,0.22541116
ID63411,0.17352198
ID63412,0.4559142
ID63413,0.4275948
ID63414,0.64165926
ID63415,0.4819211
ID63416,0.41318968
ID63417,0.30095404
ID63418,0.5273385
ID63419,0.5615722
ID63420,0.24814062
ID63421,0.2057598
ID63422,0.48922762
ID63423,0.52126205
ID63424,0.17159623
ID63425,0.51974887
ID63426,0.38594845
ID63427,0.676878
ID63428,0.5894434
ID63429,0.62747693
ID63430,0.4226999
ID63431,0.29648808
ID63432,0.6419792
ID63433,0.658564
ID63434,0.44417366
ID63435,0.39276364
ID63436,0.60819215
ID63437,0.4927292
ID63438,0.25707567
ID63439,0.29721645
ID63440,0.24030034
ID63441,0.18586774
ID63442,0.3947518
ID63443,0.64236456
ID63444,0.45153722
ID63445,0.37498727
ID63446,0.41931835
ID63447,0.5569316
ID63448,0.46452335
ID63449,0.24880719
ID63450,0.5904757
ID63451,0.4334806
ID63452,0.24722315
ID63453,0.559982
ID63454,0.34905973
ID63455,0.45359284
ID63456,0.4916406
ID63457,0.5741365
ID63458,0.560572
ID63459,0.6724921
ID63460,0.073854335
ID63461,0.19545412
ID63462,0.5289583
ID63463,0.6224905
ID63464,0.26132622
ID63465,0.3967929
ID63466,0.26624286
ID63467,0.49620038
ID63468,0.6157993
ID63469,0.2316726
ID63470,0.30411312
ID63471,0.60202676
ID63472,0.5823101
ID63473,0.34758386
ID63474,0.30645257
ID63475,0.6116819
ID63476,0.6135717
ID63477,0.24864224
ID63478,0.28309682
ID63479,0.40663978
ID63480,0.32829234
ID63481,0.71513647
ID63482,0.5567587
ID63483,0.2049715
ID63484,0.23177043
ID63485,0.5203606
ID63486,0.2624405
ID63487,0.2933852
ID63488,0.48211908
ID63489,0.40126735
ID63490,0.4681376
ID63491,0.08067359
ID63492,0.20560023
ID63493,0.17705344
ID63494,0.5758882
ID63495,0.7489192
ID63496,0.39183512
ID63497,0.37374806
ID63498,0.11176885
ID63499,0.009713686
ID63500,0.516325
ID63501,0.2593726
ID63502,0.37224966
ID63503,0.4192813
ID63504,0.44154975
ID63505,0.6405777
ID63506,0.33830228
ID63507,0.68924487
ID63508,0.56272846
ID63509,0.5779122
ID63510,0.0927055
ID63511,0.5551676
ID63512,0.10141804
ID63513,0.3120573
ID63514,0.6035898
ID63515,0.60482734
ID63516,0.5860612
ID63517,0.2755969
ID63518,0.28007334
ID63519,0.6570305
ID63520,0.29304603
ID63521,0.76189584
ID63522,0.34938657
ID63523,0.5139545
ID63524,0.56237847
ID63525,0.5342918
ID63526,0.520792
ID63527,0.24627526
ID63528,0.41900602
ID63529,0.7541442
ID63530,0.19218208
ID63531,0.33922592
ID63532,0.41223955
ID63533,0.7079287
ID63534,0.631321
ID63535,0.5673309
ID63536,0.6268966
ID63537,0.36713272
ID63538,0.57760936
ID63539,0.19149606
ID63540,0.37856513
ID63541,0.27023324
ID63542,0.3863968
ID63543,0.6554126
ID63544,0.63569796
ID63545,0.57626575
ID63546,0.6007942
ID63547,0.5161534
ID63548,0.3290078
ID63549,0.59840775
ID63550,0.53216296
ID63551,0.6579089
ID63552,0.52052337
ID63553,0.6028096
ID63554,0.2231585
ID63555,0.18891923
ID63556,0.7950353
ID63557,0.6446154
ID63558,0.59311354
ID63559,0.27596244
ID63560,0.31575218
ID63561,0.40209118
ID63562,0.48181406
ID63563,0.61669505
ID63564,0.19581993
ID63565,0.5415862
ID63566,0.14776659
ID63567,0.62348086
ID63568,0.5482747
ID63569,0.5939221
ID63570,0.5003659
ID63571,0.24714088
ID63572,0.35702133
ID63573,0.02552104
ID63574,0.011064185
ID63575,0.18599653
ID63576,0.59221214
ID63577,0.7137971
ID63578,0.12107695
ID63579,0.5970039
ID63580,0.34157574
ID63581,0.55148375
ID63582,0.5265957
ID63583,0.4603368
ID63584,0.50934786
ID63585,0.075190365
ID63586,0.44246167
ID63587,0.17677292
ID63588,0.60221493
ID63589,0.5299002
ID63590,0.42201033
ID63591,0.44521162
ID63592,0.5517001
ID63593,0.4592043
ID63594,0.35979286
ID63595,0.46721157
ID63596,0.51468146
ID63597,0.5457725
ID63598,0.38375148
ID63599,0.06828698
ID63600,0.45127514
ID63601,0.33173114
ID63602,0.42051542
ID63603,0.48943433
ID63604,0.43289027
ID63605,0.36012712
ID63606,0.067838065
ID63607,0.7806737
ID63608,0.394656
ID63609,0.35323322
ID63610,0.5569155
ID63611,0.27995265
ID63612,0.39694998
ID63613,0.5123983
ID63614,0.1330392
ID63615,0.27436477
ID63616,0.37634835
ID63617,0.5398719
ID63618,0.58125687
ID63619,0.39319885
ID63620,0.23458391
ID63621,0.3192615
ID63622,0.75984055
ID63623,0.4261095
ID63624,0.4108486
ID63625,0.12334731
ID63626,0.5856286
ID63627,0.2753085
ID63628,0.55345106
ID63629,0.5275074
ID63630,0.5868536
ID63631,0.16563584
ID63632,0.590174
ID63633,0.55572325
ID63634,0.5339432
ID63635,0.526279
ID63636,0.23507139
ID63637,0.19149393
ID63638,0.22128102
ID63639,0.5374096
ID63640,0.21416412
ID63641,0.6395936
ID63642,0.55641776
ID63643,0.36555713
ID63644,0.19499616
ID63645,0.4711924
ID63646,0.43358037
ID63647,0.4588124
ID63648,0.31239527
ID63649,0.5391279
ID63650,0.3220151
ID63651,0.39472243
ID63652,0.6483173
ID63653,0.4657944
ID63654,0.56076753
ID63655,0.2551082
ID63656,0.5003769
ID63657,0.6487145
ID63658,0.5227899
ID63659,0.5446409
ID63660,0.41749033
ID63661,0.5463797
ID63662,0.5614511
ID63663,0.45860207
ID63664,0.4694969
ID63665,0.24263808
ID63666,0.1977039
ID63667,0.18567999
ID63668,0.15645821
ID63669,0.35594833
ID63670,0.52435434
ID63671,0.3079872
ID63672,0.48202202
ID63673,0.3406237
ID63674,0.28578162
ID63675,0.35477558
ID63676,0.53595823
ID63677,0.61918557
ID63678,0.48131266
ID63679,0.12644105
ID63680,0.5671028
ID63681,0.55848205
ID63682,0.40774512
ID63683,0.3167577
ID63684,0.55010647
ID63685,0.2870115
ID63686,0.4408145
ID63687,0.27676368
ID63688,0.57831013
ID63689,0.5235851
ID63690,0.39872667
ID63691,0.5135562
ID63692,0.5239926
ID63693,0.22188014
ID63694,0.5489926
ID63695,0.6275358
ID63696,0.49089625
ID63697,0.4097772
ID63698,0.49894258
ID63699,0.52835983
ID63700,0.47283313
ID63701,0.62064785
ID63702,0.62409407
ID63703,0.24945925
ID63704,0.5489086
ID63705,0.60725754
ID63706,0.64109236
ID63707,0.5153665
ID63708,0.027036984
ID63709,0.33458218
ID63710,0.3712004
ID63711,0.29692665
ID63712,0.29524928
ID63713,0.4456214
ID63714,0.59202373
ID63715,0.56827945
ID63716,0.3856721
ID63717,0.21343695
ID63718,0.62550217
ID63719,0.48764393
ID63720,0.34943736
ID63721,0.20519082
ID63722,0.58303577
ID63723,0.05945926
ID63724,0.66270643
ID63725,0.52263284
ID63726,0.14735243
ID63727,0.54197854
ID63728,0.49110934
ID63729,0.63222986
ID63730,0.3703625
ID63731,0.52827936
ID63732,0.4131837
ID63733,0.42908975
ID63734,0.5344544
ID63735,0.6163081
ID63736,0.44265312
ID63737,0.5621559
ID63738,0.26763356
ID63739,0.606343
ID63740,0.5069619
ID63741,0.6414195
ID63742,0.24638376
ID63743,0.44128877
ID63744,0.6866775
ID63745,0.4510829
ID63746,0.43570635
ID63747,0.31879345
ID63748,0.5514436
ID63749,0.17068909
ID63750,0.6077233
ID63751,0.1547067
ID63752,0.62929416
ID63753,0.4425382
ID63754,0.42696214
ID63755,0.09624711
ID63756,0.23732711
ID63757,0.40091595
ID63758,0.4090016
ID63759,0.36550328
ID63760,0.6446442
ID63761,0.54464966
ID63762,0.5436596
ID63763,0.64939576
ID63764,0.79629654
ID63765,0.55034375
ID63766,0.15916769
ID63767,0.53848594
ID63768,0.26400945
ID63769,0.5954241
ID63770,0.6064608
ID63771,0.5599669
ID63772,0.6600376
ID63773,0.31762442
ID63774,0.020686414
ID63775,0.089520805
ID63776,0.63265395
ID63777,0.52831167
ID63778,0.26487356
ID63779,0.57248336
ID63780,0.35492408
ID63781,0.41037226
ID63782,0.16081955
ID63783,0.74141043
ID63784,0.31292817
ID63785,0.5571233
ID63786,0.15254629
ID63787,0.25997698
ID63788,0.450744
ID63789,0.31795976
ID63790,0.57017475
ID63791,0.020328807
ID63792,0.536268
ID63793,0.1901122
ID63794,0.59116894
ID63795,0.019483002
ID63796,0.43299448
ID63797,0.5956162
ID63798,0.06726014
ID63799,0.6662465
ID63800,0.5087129
ID63801,0.28925964
ID63802,0.24440391
ID63803,0.5611754
ID63804,0.20534734
ID63805,0.5722974
ID63806,0.57109994
ID63807,0.25827375
ID63808,0.5189047
ID63809,0.59573865
ID63810,0.6022106
ID63811,0.5940181
ID63812,0.62962997
ID63813,0.73073196
ID63814,0.5737926
ID63815,0.2434988
ID63816,0.66079056
ID63817,0.58533937
ID63818,0.63296014
ID63819,0.5693441
ID63820,0.0969515
ID63821,0.48184472
ID63822,0.103513695
ID63823,0.6797727
ID63824,0.5247633
ID63825,0.2947127
ID63826,0.41825017
ID63827,0.34158555
ID63828,0.113068305
ID63829,0.60149246
ID63830,0.48344144
ID63831,0.06754046
ID63832,0.376125
ID63833,0.6328736
ID63834,0.45276308
ID63835,0.57905155
ID63836,0.57332253
ID63837,0.40961188
ID63838,0.6630425
ID63839,0.037920635
ID63840,0.1555528
ID63841,0.5387848
ID63842,0.4301996
ID63843,0.45204368
ID63844,0.10757239
ID63845,0.37733182
ID63846,0.30795494
ID63847,0.6064099
ID63848,0.68548995
ID63849,0.60048246
ID63850,0.080683194
ID63851,0.61590475
ID63852,0.4741863
ID63853,0.33886865
ID63854,0.5478863
ID63855,0.6757907
ID63856,0.6256827
ID63857,0.41769472
ID63858,0.6475217
ID63859,0.32778472
ID63860,0.50890803
ID63861,0.373912
ID63862,0.6536148
ID63863,0.53605545
ID63864,0.28142545
ID63865,0.534035
ID63866,0.7234012
ID63867,0.57350606
ID63868,0.45538712
ID63869,0.42685467
ID63870,0.4979166
ID63871,0.56539756
ID63872,0.6320826
ID63873,0.6503141
ID63874,0.11808312
ID63875,0.25393924
ID63876,0.64547634
ID63877,0.5791208
ID63878,0.46006814
ID63879,0.41382214
ID63880,0.58126706
ID63881,0.29282755
ID63882,0.30440447
ID63883,0.6450223
ID63884,0.11020035
ID63885,0.14915492
ID63886,0.6360162
ID63887,0.39396513
ID63888,0.5871214
ID63889,0.12731957
ID63890,0.64617485
ID63891,0.3809018
ID63892,0.26830718
ID63893,0.4389263
ID63894,0.61109984
ID63895,0.11464673
ID63896,0.5027808
ID63897,0.5770128
ID63898,0.009561879
ID63899,0.46668553
ID63900,0.43583623
ID63901,0.56583744
ID63902,0.3801762
ID63903,0.5998788
ID63904,0.3321927
ID63905,0.10645698
ID63906,0.30510333
ID63907,0.5677945
ID63908,0.13762842
ID63909,0.13291462
ID63910,0.45757315
ID63911,0.5585442
ID63912,0.22700503
ID63913,0.32178813
ID63914,0.48732796
ID63915,0.6164177
ID63916,0.806487
ID63917,0.22975166
ID63918,0.38474852
ID63919,0.17795391
ID63920,0.20263986
ID63921,0.6086751
ID63922,0.42675617
ID63923,0.6767081
ID63924,0.3771123
ID63925,0.50052744
ID63926,0.31050837
ID63927,0.515397
ID63928,0.42974874
ID63929,0.0806272
ID63930,0.27800456
ID63931,0.31785446
ID63932,0.191002
ID63933,0.2833499
ID63934,0.6130755
ID63935,0.47930235
ID63936,0.80130476
ID63937,0.2331987
ID63938,0.6831228
ID63939,0.28907627
ID63940,0.33112916
ID63941,0.17282015
ID63942,0.37840793
ID63943,0.24032213
ID63944,0.34813026
ID63945,0.3047501
ID63946,0.604415
ID63947,0.37502027
ID63948,0.1490392
ID63949,0.5439734
ID63950,0.43649483
ID63951,0.740065
ID63952,0.6150984
ID63953,0.55990463
ID63954,0.55638164
ID63955,0.60032594
ID63956,0.6492167
ID63957,0.4311576
ID63958,0.5362047
ID63959,0.65428287
ID63960,0.3876621
ID63961,0.4436005
ID63962,0.61637294
ID63963,0.26523137
ID63964,0.3869524
ID63965,0.10607749
ID63966,0.47353038
ID63967,0.5753184
ID63968,0.5954617
ID63969,0.7386216
ID63970,0.35161835
ID63971,0.09067109
ID63972,0.23519053
ID63973,0.6286618
ID63974,0.6092263
ID63975,0.52580255
ID63976,0.5841932
ID63977,0.29142714
ID63978,0.34467274
ID63979,0.5882733
ID63980,0.3414428
ID63981,0.6723716
ID63982,0.21200599
ID63983,0.24548961
ID63984,0.1900531
ID63985,0.23839906
ID63986,0.54436815
ID63987,0.23315907
ID63988,0.4856906
ID63989,0.5538413
ID63990,0.64638954
ID63991,0.4936084
ID63992,0.39262015
ID63993,0.5436598
ID63994,0.5104415
ID63995,0.44579262
ID63996,0.46387973
ID63997,0.37902626
ID63998,0.25316405
ID63999,0.5620897
ID64000,0.642273
ID64001,0.48256117
ID64002,0.67208797
ID64003,0.38089237
ID64004,0.1800503
ID64005,0.4026569
ID64006,0.44650936
ID64007,0.5468551
ID64008,0.57945204
ID64009,0.6201546
ID64010,0.054546174
ID64011,0.3884803
ID64012,0.5469796
ID64013,0.45400012
ID64014,0.12994067
ID64015,0.55724484
ID64016,0.3398064
ID64017,0.35997885
ID64018,0.5530448
ID64019,0.40338868
ID64020,0.54402786
ID64021,0.53204304
ID64022,0.60807353
ID64023,0.33023384
ID64024,0.32099143
ID64025,0.6696556
ID64026,0.4317983
ID64027,0.32611135
ID64028,0.521378
ID64029,0.4391474
ID64030,0.51172465
ID64031,0.1768471
ID64032,0.40504855
ID64033,0.3565631
ID64034,0.65150005
ID64035,0.23902524
ID64036,0.610712
ID64037,0.55754113
ID64038,0.629508
ID64039,0.66083264
ID64040,0.5901272
ID64041,0.45758772
ID64042,0.5479435
ID64043,0.23132177
ID64044,0.18448703
ID64045,0.41875428
ID64046,0.6608443
ID64047,0.6097968
ID64048,0.6191058
ID64049,0.51221365
ID64050,0.13341883
ID64051,0.6063065
ID64052,0.12843041
ID64053,0.21968803
ID64054,0.5271899
ID64055,0.14132923
ID64056,0.51139146
ID64057,0.45318222
ID64058,0.5834255
ID64059,0.46980128
ID64060,0.2590273
ID64061,0.46155876
ID64062,0.33794564
ID64063,0.50338554
ID64064,0.5723681
ID64065,0.10883086
ID64066,0.36682418
ID64067,0.44363138
ID64068,0.1099295
ID64069,0.12626027
ID64070,0.58589274
ID64071,0.57207716
ID64072,0.2923823
ID64073,0.02766512
ID64074,0.39947647
ID64075,0.5248789
ID64076,0.036768958
ID64077,0.038945783
ID64078,0.6132142
ID64079,0.564595
ID64080,0.58054894
ID64081,0.5130056
ID64082,0.070620365
ID64083,0.6108899
ID64084,0.16450532
ID64085,0.15807767
ID64086,0.35687608
ID64087,0.30997527
ID64088,0.41970003
ID64089,0.46822643
ID64090,0.14962022
ID64091,0.42713296
ID64092,0.34059227
ID64093,0.30761915
ID64094,0.15948646
ID64095,0.2982695
ID64096,0.24305399
ID64097,0.18839349
ID64098,0.17473206
ID64099,0.471447
ID64100,0.16685046
ID64101,0.6143868
ID64102,0.33977246
ID64103,0.38307014
ID64104,0.411989
ID64105,0.55053234
ID64106,0.38699976
ID64107,0.1513544
ID64108,0.23070121
ID64109,0.15240166
ID64110,0.51092094
ID64111,0.3756959
ID64112,0.61007404
ID64113,0.02184636
ID64114,0.6910527
ID64115,0.11638037
ID64116,0.70174587
ID64117,0.22695988
ID64118,0.081165716
ID64119,0.5558231
ID64120,0.25286162
ID64121,0.16997354
ID64122,0.12817395
ID64123,0.47388458
ID64124,0.41276297
ID64125,0.102238685
ID64126,0.3804213
ID64127,0.58901614
ID64128,0.26619658
ID64129,0.3166362
ID64130,0.28223404
ID64131,0.41200808
ID64132,0.5330315
ID64133,0.4772942
ID64134,0.5310023
ID64135,0.57099
ID64136,0.35334903
ID64137,0.61106956
ID64138,0.27998263
ID64139,0.5715344
ID64140,0.5256584
ID64141,0.47814924
ID64142,0.405686
ID64143,0.50525326
ID64144,0.72487533
ID64145,0.63341224
ID64146,0.6485637
ID64147,0.6412324
ID64148,0.38421124
ID64149,0.6909929
ID64150,0.6411492
ID64151,0.54321647
ID64152,0.19409649
ID64153,0.6468116
ID64154,0.52358055
ID64155,0.42411724
ID64156,0.081235975
ID64157,0.23674504
ID64158,0.56751615
ID64159,0.46195182
ID64160,0.60908335
ID64161,0.3802217
ID64162,0.4557464
ID64163,0.5603024
ID64164,0.29941505
ID64165,0.53202593
ID64166,0.7015508
ID64167,0.79133946
ID64168,0.5137179
ID64169,0.21259747
ID64170,0.5560391
ID64171,0.62251735
ID64172,0.4465735
ID64173,0.21920688
ID64174,0.629046
ID64175,0.60998297
ID64176,0.58135813
ID64177,0.30167288
ID64178,0.6533206
ID64179,0.61650425
ID64180,0.21283135
ID64181,0.21531954
ID64182,0.63712656
ID64183,0.5942024
ID64184,0.62973326
ID64185,0.1574936
ID64186,0.5713619
ID64187,0.4933082
ID64188,0.61972475
ID64189,0.40714836
ID64190,0.5210333
ID64191,0.5127325
ID64192,0.3729468
ID64193,0.43240166
ID64194,0.6042587
ID64195,0.6614306
ID64196,0.18610507
ID64197,0.321229
ID64198,0.5153665
ID64199,0.55013263
ID64200,0.44051465
ID64201,0.5398472
ID64202,0.55434704
ID64203,0.21178731
ID64204,0.51527053
ID64205,0.66251266
ID64206,0.62119395
ID64207,0.57688665
ID64208,0.4887013
ID64209,0.06174088
ID64210,0.21466696
ID64211,0.46004805
ID64212,0.67186856
ID64213,0.6947906
ID64214,0.60085636
ID64215,0.6152391
ID64216,0.62634414
ID64217,0.48878947
ID64218,0.6073604
ID64219,0.5029819
ID64220,0.6046145
ID64221,0.45001706
ID64222,0.4789756
ID64223,0.4652342
ID64224,0.6012714
ID64225,0.55899894
ID64226,0.48810905
ID64227,0.0028243475
ID64228,0.39063978
ID64229,0.26765177
ID64230,0.23970146
ID64231,0.50321984
ID64232,0.64537865
ID64233,0.5081841
ID64234,0.65302545
ID64235,0.64522237
ID64236,0.6528701
ID64237,0.42439434
ID64238,0.28250286
ID64239,0.46811992
ID64240,0.36936483
ID64241,0.6270366
ID64242,0.41065568
ID64243,0.5280519
ID64244,0.14140187
ID64245,0.4557639
ID64246,0.3868875
ID64247,0.61860245
ID64248,0.32977572
ID64249,0.55454344
ID64250,0.35604683
ID64251,0.5270905
ID64252,0.5322219
ID64253,0.64387894
ID64254,0.6440126
ID64255,0.32284376
ID64256,0.31693608
ID64257,0.47250184
ID64258,0.31393197
ID64259,0.028929248
ID64260,0.5670334
ID64261,0.43366462
ID64262,0.3610109
ID64263,0.39564922
ID64264,0.56907624
ID64265,0.4762648
ID64266,0.2672598
ID64267,0.3677126
ID64268,0.42597586
ID64269,0.5079284
ID64270,0.58237654
ID64271,0.43417
ID64272,0.45903558
ID64273,0.5641221
ID64274,0.5395216
ID64275,0.46893576
ID64276,0.5521621
ID64277,0.116941586
ID64278,0.397723
ID64279,0.09710093
ID64280,0.5288847
ID64281,0.6082529
ID64282,0.46951723
ID64283,0.08976479
ID64284,0.5632041
ID64285,0.12605543
ID64286,0.3838336
ID64287,0.3796834
ID64288,0.40214592
ID64289,0.49724826
ID64290,0.5266721
ID64291,0.62705827
ID64292,0.43391746
ID64293,0.5723411
ID64294,0.41921678
ID64295,0.68078995
ID64296,0.4774633
ID64297,0.47509232
ID64298,0.54521704
ID64299,0.39817995
ID64300,0.2215299
ID64301,0.54022306
ID64302,0.48395193
ID64303,0.37634835
ID64304,0.57283735
ID64305,0.30304483
ID64306,0.64564836
ID64307,0.63159156
ID64308,0.38406992
ID64309,0.29302165
ID64310,0.45208368
ID64311,0.5459608
ID64312,0.59798265
ID64313,0.62277186
ID64314,0.033439323
ID64315,0.21854185
ID64316,0.5880514
ID64317,0.62364477
ID64318,0.48413712
ID64319,0.27029353
ID64320,0.45967767
ID64321,0.701873
ID64322,0.6220616
ID64323,0.34203154
ID64324,0.67361766
ID64325,0.24953182
ID64326,0.53456634
ID64327,0.5443281
ID64328,0.6165514
ID64329,0.22549672
ID64330,0.64514685
ID64331,0.2609255
ID64332,0.51114243
ID64333,0.46443427
ID64334,0.6588097
ID64335,0.64452744
ID64336,0.3738863
ID64337,0.5809601
ID64338,0.534228
ID64339,0.39297327
ID64340,0.34131518
ID64341,0.23278214
ID64342,0.5900148
ID64343,0.21096899
ID64344,0.61867726
ID64345,0.6161103
ID64346,0.14345638
ID64347,0.4252632
ID64348,0.39453322
ID64349,0.34979331
ID64350,0.6171035
ID64351,0.1000873
ID64352,0.22615148
ID64353,0.38127542
ID64354,0.5475529
ID64355,0.5915686
ID64356,0.5069627
ID64357,0.13721727
ID64358,0.49084908
ID64359,0.6606714
ID64360,0.49862388
ID64361,0.4603469
ID64362,0.146446
ID64363,0.33759037
ID64364,0.48434916
ID64365,0.6296403
ID64366,0.4908064
ID64367,0.15720135
ID64368,0.5994533
ID64369,0.56763005
ID64370,0.5453322
ID64371,0.28854194
ID64372,0.22900642
ID64373,0.70570666
ID64374,0.32864705
ID64375,0.44344357
ID64376,0.37454116
ID64377,0.46666586
ID64378,0.5611964
ID64379,0.6085795
ID64380,0.5556148
ID64381,0.24861252
ID64382,0.6572121
ID64383,0.46556687
ID64384,0.6750259
ID64385,0.5149402
ID64386,0.6009595
ID64387,0.699667
ID64388,0.5906862
ID64389,0.5354802
ID64390,0.6514613
ID64391,0.46566808
ID64392,0.3081315
ID64393,0.42348862
ID64394,0.6114319
ID64395,0.13812137
ID64396,0.69759285
ID64397,0.49525616
ID64398,0.61909103
ID64399,0.5497733
ID64400,0.2692566
ID64401,0.68244064
ID64402,0.6434678
ID64403,0.2771673
ID64404,0.35808662
ID64405,0.55071324
ID64406,0.42251784
ID64407,0.36208475
ID64408,0.6236915
ID64409,0.10848643
ID64410,0.37522492
ID64411,0.19081417
ID64412,0.63402784
ID64413,0.23147154
ID64414,0.3701719
ID64415,0.469374
ID64416,0.52365965
ID64417,0.57609785
ID64418,0.2699959
ID64419,0.42136115
ID64420,0.22992213
ID64421,0.588644
ID64422,0.38375297
ID64423,0.591791
ID64424,0.5707975
ID64425,0.11954914
ID64426,0.13167061
ID64427,0.355405
ID64428,0.42578024
ID64429,0.23702309
ID64430,0.38616946
ID64431,0.12533893
ID64432,0.45443085
ID64433,0.3634115
ID64434,0.43145338
ID64435,0.20559943
ID64436,0.27439055
ID64437,0.28380147
ID64438,0.23156436
ID64439,0.5813847
ID64440,0.57466424
ID64441,0.6484037
ID64442,0.5319984
ID64443,0.5531154
ID64444,0.5481145
ID64445,0.25524387
ID64446,0.7046062
ID64447,0.47732583
ID64448,0.7943485
ID64449,0.11595472
ID64450,0.26247233
ID64451,0.41797134
ID64452,0.21182266
ID64453,0.39017153
ID64454,0.34815428
ID64455,0.2325128
ID64456,0.11790747
ID64457,0.2175324
ID64458,0.28248325
ID64459,0.64021397
ID64460,0.21710072
ID64461,0.47069326
ID64462,0.521879
ID64463,0.5963469
ID64464,0.6047072
ID64465,0.49769798
ID64466,0.28233135
ID64467,0.66922617
ID64468,0.552612
ID64469,0.37875554
ID64470,0.20741546
ID64471,0.22676316
ID64472,0.61704046
ID64473,0.3446939
ID64474,0.28184703
ID64475,0.49457958
ID64476,0.74791384
ID64477,0.2542183
ID64478,0.6148987
ID64479,0.30983824
ID64480,0.2744605
ID64481,0.5561014
ID64482,0.24314338
ID64483,0.33793473
ID64484,0.803779
ID64485,0.5175059
ID64486,0.30626085
ID64487,0.45143658
ID64488,0.767345
ID64489,0.6180805
ID64490,0.5716349
ID64491,0.35685757
ID64492,0.6057181
ID64493,0.46790555
ID64494,0.39475235
ID64495,0.12879723
ID64496,0.52794886
ID64497,0.7798181
ID64498,0.5223641
ID64499,0.20098647
ID64500,0.5184783
ID64501,0.65082437
ID64502,0.46868518
ID64503,0.15940648
ID64504,0.40162978
ID64505,0.38433507
ID64506,0.5348284
ID64507,0.24517564
ID64508,0.33901042
ID64509,0.61709213
ID64510,0.30118042
ID64511,0.69774824
ID64512,0.5760092
ID64513,0.1366011
ID64514,0.35344464
ID64515,0.14410281
ID64516,0.66234565
ID64517,0.34740508
ID64518,0.59569234
ID64519,0.63330764
ID64520,0.27092162
ID64521,0.36503696
ID64522,0.57601017
ID64523,0.30156073
ID64524,0.43614936
ID64525,0.1803504
ID64526,0.010857672
ID64527,0.4864696
ID64528,0.4890485
ID64529,0.5880558
ID64530,0.13542785
ID64531,0.49251938
ID64532,0.6551483
ID64533,0.24583396
ID64534,0.27848437
ID64535,0.4565531
ID64536,0.55898875
ID64537,0.001929032
ID64538,0.15185578
ID64539,0.50359696
ID64540,0.44599313
ID64541,0.5265186
ID64542,0.37471306
ID64543,0.6017592
ID64544,0.112765916
ID64545,0.6567557
ID64546,0.7383042
ID64547,0.57932496
ID64548,0.059454583
ID64549,0.2693463
ID64550,0.3380299
ID64551,0.08803861
ID64552,0.21873121
ID64553,0.12610225
ID64554,0.48733383
ID64555,0.5134528
ID64556,0.4423788
ID64557,0.12923266
ID64558,0.3410525
ID64559,0.49708024
ID64560,0.21578719
ID64561,0.41159472
ID64562,0.4154457
ID64563,0.28839767
ID64564,0.33002087
ID64565,0.5598588
ID64566,0.67084914
ID64567,0.46524617
ID64568,0.4575574
ID64569,0.10345461
ID64570,0.4666975
ID64571,0.6106077
ID64572,0.38563874
ID64573,0.59062207
ID64574,0.65041876
ID64575,0.30092162
ID64576,0.5961546
ID64577,0.58359563
ID64578,0.3449372
ID64579,0.4468739
ID64580,0.584442
ID64581,0.18694174
ID64582,0.47657326
ID64583,0.46983853
ID64584,0.71441424
ID64585,0.25071335
ID64586,0.515342
ID64587,0.26153302
ID64588,0.7087309
ID64589,0.23576751
ID64590,0.52343357
ID64591,0.2334064
ID64592,0.55878544
ID64593,0.09102247
ID64594,0.005445867
ID64595,0.5668038
ID64596,0.33234894
ID64597,0.49613976
ID64598,0.5929614
ID64599,0.3621132
ID64600,0.51569426
ID64601,0.21469857
ID64602,0.37084353
ID64603,0.75710434
ID64604,0.14981428
ID64605,0.15795512
ID64606,0.3013833
ID64607,0.58547246
ID64608,0.5354786
ID64609,0.48187658
ID64610,0.49503595
ID64611,0.42196015
ID64612,0.119059935
ID64613,0.46090776
ID64614,0.2997397
ID64615,0.38288215
ID64616,0.3050899
ID64617,0.10529847
ID64618,0.27696484
ID64619,0.5495291
ID64620,0.5475941
ID64621,0.50509226
ID64622,0.43379396
ID64623,0.628495
ID64624,0.37819406
ID64625,0.3748765
ID64626,0.5321401
ID64627,0.56413406
ID64628,0.6187661
ID64629,0.19137792
ID64630,0.21491359
ID64631,0.74386215
ID64632,0.48510575
ID64633,0.6044635
ID64634,0.3903657
ID64635,0.28218725
ID64636,0.2958411
ID64637,0.5164791
ID64638,0.54106647
ID64639,0.012603182
ID64640,0.5490294
ID64641,0.34296313
ID64642,0.575929
ID64643,0.012017769
ID64644,0.66515726
ID64645,0.09469562
ID64646,0.6729049
ID64647,0.6149183
ID64648,0.36058334
ID64649,0.4421743
ID64650,0.5104157
ID64651,0.63494897
ID64652,0.73748547
ID64653,0.6335938
ID64654,0.43631214
ID64655,0.20203924
ID64656,0.52215225
ID64657,0.3521128
ID64658,0.42939794
ID64659,0.16537653
ID64660,0.541637
ID64661,0.6023181
ID64662,0.55045414
ID64663,0.56367
ID64664,0.23340444
ID64665,0.21074265
ID64666,0.4861553
ID64667,0.09504299
ID64668,0.48455375
ID64669,0.2700368
ID64670,0.26553953
ID64671,0.4582251
ID64672,0.572024
ID64673,0.020632118
ID64674,0.4376308
ID64675,0.40630126
ID64676,0.49007934
ID64677,0.07838321
ID64678,0.36683872
ID64679,0.5122365
ID64680,0.36534438
ID64681,0.08712665
ID64682,0.5998949
ID64683,0.3344942
ID64684,0.37167606
ID64685,0.23725286
ID64686,0.34373033
ID64687,0.5076519
ID64688,0.45050672
ID64689,0.25816348
ID64690,0.7665777
ID64691,0.6042242
ID64692,0.3683306
ID64693,0.47212684
ID64694,0.6343254
ID64695,0.6200375
ID64696,0.6236465
ID64697,0.44362828
ID64698,0.37869093
ID64699,0.027917353
ID64700,0.14550664
ID64701,0.39445093
ID64702,0.37319213
ID64703,0.65332353
ID64704,0.573783
ID64705,0.44085386
ID64706,0.6230506
ID64707,0.2384685
ID64708,0.4953196
ID64709,0.24735267
ID64710,0.36271515
ID64711,0.6561677
ID64712,0.45222825
ID64713,0.46988565
ID64714,0.18075703
ID64715,0.47488415
ID64716,0.44042966
ID64717,0.46618658
ID64718,0.20618182
ID64719,0.2629573
ID64720,0.5612508
ID64721,0.6278535
ID64722,0.5664297
ID64723,0.47474724
ID64724,0.55721337
ID64725,0.25287554
ID64726,0.63774884
ID64727,0.30041713
ID64728,0.5518665
ID64729,0.326927
ID64730,0.46172217
ID64731,0.34133562
ID64732,0.6319159
ID64733,0.23823841
ID64734,0.43528152
ID64735,0.5213686
ID64736,0.5771727
ID64737,0.5500637
ID64738,0.6048744
ID64739,0.60999316
ID64740,0.7211152
ID64741,0.75500035
ID64742,0.22479819
ID64743,0.739191
ID64744,0.6185562
ID64745,0.5851102
ID64746,0.49711826
ID64747,0.6670042
ID64748,0.176803
ID64749,0.41445118
ID64750,0.28739893
ID64751,0.4372152
ID64752,0.39481786
ID64753,0.73141974
ID64754,0.5238801
ID64755,0.5716771
ID64756,0.44150725
ID64757,0.3945765
ID64758,0.4329753
ID64759,0.45687237
ID64760,0.26649916
ID64761,0.63762045
ID64762,0.56002986
ID64763,0.3821724
ID64764,0.19783708
ID64765,0.15106097
ID64766,0.50491387
ID64767,0.3654682
ID64768,0.037270702
ID64769,0.45117208
ID64770,0.44797233
ID64771,0.3387202
ID64772,0.30891004
ID64773,0.31309834
ID64774,0.47223964
ID64775,0.54830325
ID64776,0.22004652
ID64777,0.11371961
ID64778,0.6712429
ID64779,0.3338314
ID64780,0.6903096
ID64781,0.4224951
ID64782,0.6012914
ID64783,0.5954905
ID64784,0.48056653
ID64785,0.7462396
ID64786,0.41152436
ID64787,0.120167516
ID64788,0.6319491
ID64789,0.12661272
ID64790,0.53244025
ID64791,0.5485026
ID64792,0.68688273
ID64793,0.29113728
ID64794,0.59435326
ID64795,0.5177416
ID64796,0.5168384
ID64797,0.18242328
ID64798,0.44430825
ID64799,0.47008592
ID64800,0.50130206
ID64801,0.282351
ID64802,0.53370196
ID64803,0.5112548
ID64804,0.23572993
ID64805,0.27043617
ID64806,0.6602467
ID64807,0.48290607
ID64808,0.4226618
ID64809,0.03858546
ID64810,0.23795114
ID64811,0.6063867
ID64812,0.59729534
ID64813,0.10934798
ID64814,0.2275326
ID64815,0.3552305
ID64816,0.47341564
ID64817,0.50544465
ID64818,0.23101038
ID64819,0.055858776
ID64820,0.5480968
ID64821,0.5511675
ID64822,0.4436632
ID64823,0.61140734
ID64824,0.5148313
ID64825,0.08838052
ID64826,0.6585901
ID64827,0.06838828
ID64828,0.31368658
ID64829,0.53800154
ID64830,0.6052098
ID64831,0.6320093
ID64832,0.27275553
ID64833,0.5349195
ID64834,0.39760658
ID64835,0.5124636
ID64836,0.5087623
ID64837,0.09801187
ID64838,0.1663985
ID64839,0.47235867
ID64840,0.40708047
ID64841,0.41136315
ID64842,0.3085565
ID64843,0.519623
ID64844,0.41855323
ID64845,0.43557164
ID64846,0.31356832
ID64847,0.40999222
ID64848,0.09164992
ID64849,0.3947199
ID64850,0.5523982
ID64851,0.5653115
ID64852,0.18277933
ID64853,0.55245185
ID64854,0.6684753
ID64855,0.36927965
ID64856,0.20556453
ID64857,0.6249298
ID64858,0.5670204
ID64859,0.35993606
ID64860,0.49646387
ID64861,0.50385594
ID64862,0.20569102
ID64863,0.28408745
ID64864,0.6643446
ID64865,0.62393427
ID64866,0.49309632
ID64867,0.4293575
ID64868,0.546316
ID64869,0.3918684
ID64870,0.6386678
ID64871,0.4852829
ID64872,0.23519954
ID64873,0.65373665
ID64874,0.80997646
ID64875,0.60438967
ID64876,0.50572366
ID64877,0.376175
ID64878,0.5502222
ID64879,0.4353562
ID64880,0.44815552
ID64881,0.5821935
ID64882,0.36389834
ID64883,0.3482788
ID64884,0.37552023
ID64885,0.6213109
ID64886,0.52480066
ID64887,0.55704963
ID64888,0.5864028
ID64889,0.4084935
ID64890,0.31089664
ID64891,0.6323212
ID64892,0.59753895
ID64893,0.3208158
ID64894,0.3245022
ID64895,0.49094635
ID64896,0.5243651
ID64897,0.20581935
ID64898,0.49970025
ID64899,0.53256667
ID64900,0.47164795
ID64901,0.51850396
ID64902,0.4216285
ID64903,0.18472984
ID64904,0.5282664
ID64905,0.3776677
ID64906,0.259673
ID64907,0.39317968
ID64908,0.38436776
ID64909,0.740509
ID64910,0.48243064
ID64911,0.10549015
ID64912,0.72960067
ID64913,0.25533125
ID64914,0.45595703
ID64915,0.32148188
ID64916,0.47570562
ID64917,0.5277357
ID64918,0.6415768
ID64919,0.3538095
ID64920,0.54762185
ID64921,0.58892435
ID64922,0.35514593
ID64923,0.41382122
ID64924,0.023571758
ID64925,0.18532857
ID64926,0.45136967
ID64927,0.55766684
ID64928,0.16018687
ID64929,0.3092873
ID64930,0.4720264
ID64931,0.19839126
ID64932,0.24107434
ID64933,0.45488003
ID64934,0.56347847
ID64935,0.5903159
ID64936,0.38320804
ID64937,0.5953452
ID64938,0.49359205
ID64939,0.28754035
ID64940,0.21252361
ID64941,0.6131694
ID64942,0.4151521
ID64943,0.29436353
ID64944,0.37468907
ID64945,0.04621362
ID64946,0.61488825
ID64947,0.5969284
ID64948,0.70050776
ID64949,0.25617766
ID64950,0.54556996
ID64951,0.6289991
ID64952,0.6273617
ID64953,0.38089183
ID64954,0.2190399
ID64955,0.65364856
ID64956,0.48963758
ID64957,0.40587726
ID64958,0.40672264
ID64959,0.5279577
ID64960,0.54167956
ID64961,0.030269995
ID64962,0.5847291
ID64963,0.6079095
ID64964,0.36050355
ID64965,0.53438616
ID64966,0.61424524
ID64967,0.54135114
ID64968,0.5071105
ID64969,0.50412464
ID64970,0.08807579
ID64971,0.6469996
ID64972,0.37492943
ID64973,0.6032355
ID64974,0.5936535
ID64975,0.053910293
ID64976,0.43442205
ID64977,0.5503519
ID64978,0.7570249
ID64979,0.19173294
ID64980,0.5886253
ID64981,0.6192839
ID64982,0.4123629
ID64983,0.09510645
ID64984,0.5954974
ID64985,0.1422872
ID64986,0.3403344
ID64987,0.41764143
ID64988,0.42074245
ID64989,0.43274698
ID64990,0.29097205
ID64991,0.47921738
ID64992,0.570849
ID64993,0.08798074
ID64994,0.23778854
ID64995,0.5913257
ID64996,0.47114888
ID64997,0.33739215
ID64998,0.5806657
ID64999,0.6189594
ID65000,0.15699176
ID65001,0.42474753
ID65002,0.17815025
ID65003,0.15977968
ID65004,0.1862751
ID65005,0.6573821
ID65006,0.44381362
ID65007,0.3838876
ID65008,0.37788966
ID65009,0.51328087
ID65010,0.2798122
ID65011,0.47179514
ID65012,0.25037426
ID65013,0.70435303
ID65014,0.59340304
ID65015,0.64137316
ID65016,0.47619337
ID65017,0.5343478
ID65018,0.2705386
ID65019,0.3604725
ID65020,0.48278263
ID65021,0.3923402
ID65022,0.5513719
ID65023,0.5470722
ID65024,0.60817677
ID65025,0.049545534
ID65026,0.49691495
ID65027,0.45780668
ID65028,0.45882452
ID65029,0.67295474
ID65030,0.20007859
ID65031,0.4926278
ID65032,0.07993615
ID65033,0.42111224
ID65034,0.4678176
ID65035,0.48292354
ID65036,0.45823312
ID65037,0.09068481
ID65038,0.53560376
ID65039,0.49584228
ID65040,0.70892143
ID65041,0.69452727
ID65042,0.5162548
ID65043,0.61482656
ID65044,0.59165025
ID65045,0.3539113
ID65046,0.3108787
ID65047,0.44559598
ID65048,0.47445127
ID65049,0.5254167
ID65050,0.12391959
ID65051,0.6317933
ID65052,0.48231223
ID65053,0.29219213
ID65054,0.5806813
ID65055,0.38259193
ID65056,0.42219552
ID65057,0.09871379
ID65058,0.28498772
ID65059,0.6847227
ID65060,0.5698353
ID65061,0.20196189
ID65062,0.43026796
ID65063,0.5732802
ID65064,0.27612153
ID65065,0.5733246
ID65066,0.5509118
ID65067,0.545842
ID65068,0.24287975
ID65069,0.3555825
ID65070,0.48342806
ID65071,0.42599532
ID65072,0.29706657
ID65073,0.14345603
ID65074,0.35465288
ID65075,0.0285009
ID65076,0.5142993
ID65077,0.57146394
ID65078,0.094706535
ID65079,0.41232893
ID65080,0.40307564
ID65081,0.63260204
ID65082,0.44891822
ID65083,0.42489582
ID65084,0.31498012
ID65085,0.5806828
ID65086,0.64699167
ID65087,0.16510877
ID65088,0.35441837
ID65089,0.34357417
ID65090,0.45859146
ID65091,0.08860463
ID65092,0.5780336
ID65093,0.60232353
ID65094,0.20903508
ID65095,0.6379126
ID65096,0.56465393
ID65097,0.5837896
ID65098,0.588408
ID65099,0.5981873
ID65100,0.5929614
ID65101,0.5214253
ID65102,0.59873354
ID65103,0.018865587
ID65104,0.5420556
ID65105,0.20881894
ID65106,0.067019545
ID65107,0.5705608
ID65108,0.363476
ID65109,0.40593344
ID65110,0.63564634
ID65111,0.62027586
ID65112,0.26167768
ID65113,0.64365274
ID65114,0.6156742
ID65115,0.026725104
ID65116,0.5683573
ID65117,0.5276085
ID65118,0.4759232
ID65119,0.49074566
ID65120,0.37885606
ID65121,0.13567936
ID65122,0.60652053
ID65123,0.15078753
ID65124,0.46225566
ID65125,0.63094753
ID65126,0.45622513
ID65127,0.22220749
ID65128,0.4735008
ID65129,0.3465482
ID65130,0.44241753
ID65131,0.5703256
ID65132,0.5784511
ID65133,0.4187798
ID65134,0.37265316
ID65135,0.5876763
ID65136,0.439576
ID65137,0.57553536
ID65138,0.6461285
ID65139,0.18783419
ID65140,0.57038707
ID65141,0.5677871
ID65142,0.48816204
ID65143,0.11968313
ID65144,0.58070093
ID65145,0.67357695
ID65146,0.3019774
ID65147,0.45339915
ID65148,0.30957618
ID65149,0.6270018
ID65150,0.06794223
ID65151,0.5817579
ID65152,0.13155265
ID65153,0.23901984
ID65154,0.061287884
ID65155,0.35210645
ID65156,0.09017584
ID65157,0.54735786
ID65158,0.077470824
ID65159,0.4404275
ID65160,0.24559742
ID65161,0.5548203
ID65162,0.64747626
ID65163,0.39219686
ID65164,0.45630863
ID65165,0.6050678
ID65166,0.65609056
ID65167,0.08878218
ID65168,0.6466446
ID65169,0.45253018
ID65170,0.6888533
ID65171,0.17919643
ID65172,0.5079552
ID65173,0.6748014
ID65174,0.58259517
ID65175,0.28259945
ID65176,0.5933385
ID65177,0.48150495
ID65178,0.7528305
ID65179,0.4860052
ID65180,0.43295723
ID65181,0.470908
ID65182,0.3301294
ID65183,0.27558774
ID65184,0.35466737
ID65185,0.36870214
ID65186,0.27068317
ID65187,0.63647217
ID65188,0.15736736
ID65189,0.72295344
ID65190,0.51860946
ID65191,0.4962405
ID65192,0.7188384
ID65193,0.67802846
ID65194,0.10950492
ID65195,0.48590952
ID65196,0.59574705
ID65197,0.2724247
ID65198,0.25361738
ID65199,0.66828763
ID65200,0.118081525
ID65201,0.51277214
ID65202,0.54281104
ID65203,0.59038883
ID65204,0.5640378
ID65205,0.5877117
ID65206,0.65795034
ID65207,0.5089168
ID65208,0.12796551
ID65209,0.53576845
ID65210,0.5052499
ID65211,0.73839426
ID65212,0.45301366
ID65213,0.37276962
ID65214,0.5536959
ID65215,0.5045435
ID65216,0.4667273
ID65217,0.26149043
ID65218,0.7055188
ID65219,0.46529716
ID65220,0.4047115
ID65221,0.25860575
ID65222,0.45965448
ID65223,0.5931695
ID65224,0.24681744
ID65225,0.14402859
ID65226,0.4829932
ID65227,0.20207304
ID65228,0.20190638
ID65229,0.58140963
ID65230,0.49228457
ID65231,0.1276224
ID65232,0.2081325
ID65233,0.42870826
ID65234,0.1731199
ID65235,0.36160943
ID65236,0.043277353
ID65237,0.46684724
ID65238,0.5501686
ID65239,0.36645994
ID65240,0.58314174
ID65241,0.40699318
ID65242,0.58325183
ID65243,0.03210785
ID65244,0.14515269
ID65245,0.6428223
ID65246,0.5340177
ID65247,0.58315223
ID65248,0.64506304
ID65249,0.38213825
ID65250,0.71831805
ID65251,0.2343339
ID65252,0.12982614
ID65253,0.49137565
ID65254,0.52978885
ID65255,0.22661966
ID65256,0.50827473
ID65257,0.5533637
ID65258,0.21361732
ID65259,0.43418235
ID65260,0.14335635
ID65261,0.60991085
ID65262,0.53699815
ID65263,0.3921425
ID65264,0.4408226
ID65265,0.1548806
ID65266,0.58111584
ID65267,0.6522187
ID65268,0.27834117
ID65269,0.09060519
ID65270,0.32892382
ID65271,0.48953986
ID65272,0.40836
ID65273,0.72036517
ID65274,0.57029855
ID65275,0.6400432
ID65276,0.5215768
ID65277,0.51690555
ID65278,0.62752616
ID65279,0.21490626
ID65280,0.3403962
ID65281,0.34163517
ID65282,0.39341968
ID65283,0.5635571
ID65284,0.48876822
ID65285,0.61663234
ID65286,0.58677006
ID65287,0.57317126
ID65288,0.361618
ID65289,0.48051247
ID65290,0.64667916
ID65291,0.16148987
ID65292,0.5359972
ID65293,0.44438776
ID65294,0.39482313
ID65295,0.6137596
ID65296,0.6846983
ID65297,0.2889768
ID65298,0.6389024
ID65299,0.32265478
ID65300,0.21355061
ID65301,0.31091747
ID65302,0.63738245
ID65303,0.3746085
ID65304,0.3116407
ID65305,0.6554275
ID65306,0.6325883
ID65307,0.5423137
ID65308,0.33769292
ID65309,0.017277362
ID65310,0.7155866
ID65311,0.09843883
ID65312,0.15969366
ID65313,0.6225526
ID65314,0.34472787
ID65315,0.3951769
ID65316,0.42579213
ID65317,0.34139696
ID65318,0.4515687
ID65319,0.36170775
ID65320,0.5203726
ID65321,0.34827778
ID65322,0.61141866
ID65323,0.5584244
ID65324,0.29814643
ID65325,0.1916017
ID65326,0.11285581
ID65327,0.50993764
ID65328,0.095625155
ID65329,0.10829864
ID65330,0.023539258
ID65331,0.10198684
ID65332,0.27351728
ID65333,0.4839946
ID65334,0.550432
ID65335,0.53549224
ID65336,0.35090977
ID65337,0.14222667
ID65338,0.46512955
ID65339,0.15038607
ID65340,0.35677087
ID65341,0.010862263
ID65342,0.4117157
ID65343,0.18211089
ID65344,0.4578786
ID65345,0.7094556
ID65346,0.4743246
ID65347,0.7175432
ID65348,0.21852663
ID65349,0.49981964
ID65350,0.468388
ID65351,0.07807041
ID65352,0.5927148
ID65353,0.0738116
ID65354,0.0950812
ID65355,0.38784114
ID65356,0.29163194
ID65357,0.55529904
ID65358,0.44236317
ID65359,0.48828527
ID65360,0.5993119
ID65361,0.5023099
ID65362,0.4742959
ID65363,0.36209399
ID65364,0.48803777
ID65365,0.6625032
ID65366,0.5919428
ID65367,0.41111466
ID65368,0.5048354
ID65369,0.037116323
ID65370,0.6341927
ID65371,0.5013751
ID65372,0.4238235
ID65373,0.22867964
ID65374,0.38280058
ID65375,0.11716658
ID65376,0.5878339
ID65377,0.6117504
ID65378,0.61080784
ID65379,0.05405796
ID65380,0.40585256
ID65381,0.25210318
ID65382,0.5680799
ID65383,0.6863152
ID65384,0.40922922
ID65385,0.48617047
ID65386,0.65863556
ID65387,0.20867462
ID65388,0.2658984
ID65389,0.58875704
ID65390,0.6112431
ID65391,0.47490048
ID65392,0.40234628
ID65393,0.12800132
ID65394,0.28491765
ID65395,0.5759629
ID65396,0.037661787
ID65397,0.4165037
ID65398,0.455192
ID65399,0.16258089
ID65400,0.41348147
ID65401,0.2792436
ID65402,0.27421358
ID65403,0.48340154
ID65404,0.5779395
ID65405,0.28020278
ID65406,0.38139477
ID65407,0.59930617
ID65408,0.32783476
ID65409,0.50996554
ID65410,0.61348224
ID65411,0.4427409
ID65412,0.6189257
ID65413,0.22047369
ID65414,0.3673485
ID65415,0.25968027
ID65416,0.47792444
ID65417,0.32281357
ID65418,0.51351464
ID65419,0.19244488
ID65420,0.40514445
ID65421,0.47586483
ID65422,0.25838453
ID65423,0.64183766
ID65424,0.29527703
ID65425,0.4090098
ID65426,0.5937205
ID65427,0.6415087
ID65428,0.17509174
ID65429,0.62824357
ID65430,0.4776814
ID65431,0.25034547
ID65432,0.45041943
ID65433,0.5857769
ID65434,0.16600664
ID65435,0.6543834
ID65436,0.58797777
ID65437,0.616471
ID65438,0.633142
ID65439,0.65084237
ID65440,0.27040303
ID65441,0.4443098
ID65442,0.49692684
ID65443,0.53629404
ID65444,0.04014547
ID65445,0.31013486
ID65446,0.20058854
ID65447,0.19663334
ID65448,0.35054392
ID65449,0.12280398
ID65450,0.6269166
ID65451,0.36169985
ID65452,0.25573653
ID65453,0.46964377
ID65454,0.69508314
ID65455,0.08777148
ID65456,0.191876
ID65457,0.23112147
ID65458,0.54435086
ID65459,0.43614388
ID65460,0.5046091
ID65461,0.53819346
ID65462,0.57030535
ID65463,0.47530442
ID65464,0.5280578
ID65465,0.4757
ID65466,0.23268941
ID65467,0.005998624
ID65468,0.48976883
ID65469,0.27728522
ID65470,0.5009688
ID65471,0.7192064
ID65472,0.59003353
ID65473,0.24972892
ID65474,0.07690782
ID65475,0.5305724
ID65476,0.42238316
ID65477,0.4935639
ID65478,0.29316744
ID65479,0.17046796
ID65480,0.3544358
ID65481,0.6961245
ID65482,0.52632976
ID65483,0.3520253
ID65484,0.42042318
ID65485,0.24503994
ID65486,0.24123979
ID65487,0.34477317
ID65488,0.23751925
ID65489,0.7076283
ID65490,0.20997024
ID65491,0.16023695
ID65492,0.32761908
ID65493,0.39939278
ID65494,0.1044333
ID65495,0.35868385
ID65496,0.16889268
ID65497,0.5422073
ID65498,0.5242706
ID65499,0.3868623
ID65500,0.68656987
ID65501,0.5542698
ID65502,0.1611723
ID65503,0.1288152
ID65504,0.5831384
ID65505,0.5668155
ID65506,0.09083046
ID65507,0.44244674
ID65508,0.24304187
ID65509,0.1289628
ID65510,0.22791839
ID65511,0.22068095
ID65512,0.48816684
ID65513,0.6827578
ID65514,0.64763296
ID65515,0.59500206
ID65516,0.11543254
ID65517,0.44138694
ID65518,0.1811119
ID65519,0.5944435
ID65520,0.5401002
ID65521,0.3464274
ID65522,0.31687164
ID65523,0.57753164
ID65524,0.4846924
ID65525,0.54403657
ID65526,0.40592942
ID65527,0.29646823
ID65528,0.30382976
ID65529,0.15240976
ID65530,0.21400853
ID65531,0.34480473
ID65532,0.36149904
ID65533,0.42114112
ID65534,0.5495416
ID65535,0.1798929
ID65536,0.666605
ID65537,0.42025107
ID65538,0.67986006
ID65539,0.62133247
ID65540,0.6214735
ID65541,0.44303617
ID65542,0.14097036
ID65543,0.43772507
ID65544,0.42076293
ID65545,0.64017355
ID65546,0.36229044
ID65547,0.77141064
ID65548,0.4098125
ID65549,0.59827787
ID65550,0.4678194
ID65551,0.6269362
ID65552,0.5426339
ID65553,0.09156331
ID65554,0.21457547
ID65555,0.5007492
ID65556,0.11626202
ID65557,0.008250206
ID65558,0.48125884
ID65559,0.4256676
ID65560,0.5201847
ID65561,0.65553445
ID65562,0.07841117
ID65563,0.43525064
ID65564,0.1815765
ID65565,0.51071966
ID65566,0.3127154
ID65567,0.46934322
ID65568,0.34688497
ID65569,0.54403174
ID65570,0.503113
ID65571,0.65542984
ID65572,0.26068282
ID65573,0.385235
ID65574,0.6245568
ID65575,0.6275379
ID65576,0.62063885
ID65577,0.6478398
ID65578,0.29838854
ID65579,0.59732467
ID65580,0.22028026
ID65581,0.5489086
ID65582,0.3590978
ID65583,0.40003887
ID65584,0.37257168
ID65585,0.44013572
ID65586,0.6414174
ID65587,0.45454332
ID65588,0.08213962
ID65589,0.5906953
ID65590,0.46716598
ID65591,0.5710793
ID65592,0.08099893
ID65593,0.24121864
ID65594,0.34609017
ID65595,0.43611223
ID65596,0.26434362
ID65597,0.63265395
ID65598,0.15908268
ID65599,0.07112569
ID65600,0.28708482
ID65601,0.2752707
ID65602,0.32143176
ID65603,0.7247647
ID65604,0.62284875
ID65605,0.49567467
ID65606,0.22324634
ID65607,0.41638815
ID65608,0.4397324
ID65609,0.4750648
ID65610,0.21822836
ID65611,0.62575847
ID65612,0.48588026
ID65613,0.40343675
ID65614,0.10815724
ID65615,0.7503416
ID65616,0.6287762
ID65617,0.377866
ID65618,0.4461623
ID65619,0.116033055
ID65620,0.589029
ID65621,0.43669388
ID65622,0.5890136
ID65623,0.48686433
ID65624,0.29020882
ID65625,0.32268086
ID65626,0.44467947
ID65627,0.40051022
ID65628,0.56170344
ID65629,0.21229371
ID65630,0.4070566
ID65631,0.15883407
ID65632,0.2414898
ID65633,0.20172115
ID65634,0.60534567
ID65635,0.6045114
ID65636,0.606247
ID65637,0.6553932
ID65638,0.36462376
ID65639,0.6074448
ID65640,0.0074653123
ID65641,0.306132
ID65642,0.22322828
ID65643,0.5310487
ID65644,0.39514524
ID65645,0.61811984
ID65646,0.554751
ID65647,0.5934959
ID65648,0.55696225
ID65649,0.6685577
ID65650,0.27934307
ID65651,0.33859593
ID65652,0.40277794
ID65653,0.5776187
ID65654,0.05998749
ID65655,0.5343467
ID65656,0.34534448
ID65657,0.4358912
ID65658,0.7301493
ID65659,0.65940505
ID65660,0.40434766
ID65661,0.18859583
ID65662,0.41394275
ID65663,0.69933313
ID65664,0.5591512
ID65665,0.08527007
ID65666,0.1932218
ID65667,0.31005633
ID65668,0.5804734
ID65669,0.5194496
ID65670,0.48737252
ID65671,0.6101115
ID65672,0.60735524
ID65673,0.5753417
ID65674,0.4227606
ID65675,0.5737301
ID65676,0.4394672
ID65677,0.11058704
ID65678,0.05704913
ID65679,0.4541611
ID65680,0.568125
ID65681,0.08706535
ID65682,0.31858072
ID65683,0.29736072
ID65684,0.7340181
ID65685,0.28402102
ID65686,0.45757955
ID65687,0.047401384
ID65688,0.14817719
ID65689,0.69684607
ID65690,0.63267833
ID65691,0.43222135
ID65692,0.5649744
ID65693,0.40005052
ID65694,0.47576836
ID65695,0.6363207
ID65696,0.5787008
ID65697,0.4618987
ID65698,0.6545862
ID65699,0.08746695
ID65700,0.62113845
ID65701,0.33932537
ID65702,0.35235152
ID65703,0.21205433
ID65704,0.23230767
ID65705,0.23886847
ID65706,0.6761537
ID65707,0.25938058
ID65708,0.3998829
ID65709,0.5425753
ID65710,0.64810365
ID65711,0.48943907
ID65712,0.26777768
ID65713,0.11441118
ID65714,0.4541491
ID65715,0.6185186
ID65716,0.42178375
ID65717,0.6058321
ID65718,0.36640012
ID65719,0.4484724
ID65720,0.18659364
ID65721,0.29754755
ID65722,0.19888079
ID65723,0.53228575
ID65724,0.7662091
ID65725,0.27459598
ID65726,0.21304934
ID65727,0.31580544
ID65728,0.39173716
ID65729,0.26656082
ID65730,0.0641904
ID65731,0.43759114
ID65732,0.37761948
ID65733,0.6207578
ID65734,0.5591552
ID65735,0.3831939
ID65736,0.43798447
ID65737,0.41582116
ID65738,0.46558383
ID65739,0.35878313
ID65740,0.23039499
ID65741,0.4883055
ID65742,0.5985234
ID65743,0.4243512
ID65744,0.19717348
ID65745,0.30220178
ID65746,0.57547826
ID65747,0.33529598
ID65748,0.52743524
ID65749,0.5361182
ID65750,0.4400416
ID65751,0.5156118
ID65752,0.41786823
ID65753,0.40206358
ID65754,0.40420356
ID65755,0.6382557
ID65756,0.16812085
ID65757,0.2593437
ID65758,0.25061902
ID65759,0.44493988
ID65760,0.38274366
ID65761,0.41534552
ID65762,0.5971835
ID65763,0.46131474
ID65764,0.12030241
ID65765,0.5792469
ID65766,0.7373255
ID65767,0.15418054
ID65768,0.35596704
ID65769,0.11602519
ID65770,0.6546853
ID65771,0.4468339
ID65772,0.55633277
ID65773,0.38651502
ID65774,0.3095013
ID65775,0.07846384
ID65776,0.63492274
ID65777,0.3492102
ID65778,0.6108378
ID65779,0.37714022
ID65780,0.28370523
ID65781,0.5016621
ID65782,0.64847964
ID65783,0.56607884
ID65784,0.7359558
ID65785,0.5509959
ID65786,0.6168444
ID65787,0.49984175
ID65788,0.48226526
ID65789,0.5268704
ID65790,0.26813054
ID65791,0.6415801
ID65792,0.28511474
ID65793,0.53607076
ID65794,0.23955701
ID65795,0.643589
ID65796,0.53896636
ID65797,0.36187536
ID65798,0.7124259
ID65799,0.21080175
ID65800,0.50843436
ID65801,0.42238438
ID65802,0.20165934
ID65803,0.60748565
ID65804,0.30586353
ID65805,0.5497763
ID65806,0.564155
ID65807,0.55367494
ID65808,0.44842914
ID65809,0.5471398
ID65810,0.19907556
ID65811,0.14779505
ID65812,0.40634716
ID65813,0.36242864
ID65814,0.42225248
ID65815,0.6409945
ID65816,0.07907875
ID65817,0.39240202
ID65818,0.093577325
ID65819,0.21626474
ID65820,0.112538874
ID65821,0.44742268
ID65822,0.28705555
ID65823,0.43395767
ID65824,0.5969038
ID65825,0.45086226
ID65826,0.39191073
ID65827,0.45142928
ID65828,0.2566205
ID65829,0.4654063
ID65830,0.57811975
ID65831,0.6823351
ID65832,0.101492934
ID65833,0.1223418
ID65834,0.4696263
ID65835,0.17206971
ID65836,0.69576687
ID65837,0.30927792
ID65838,0.007887823
ID65839,0.23220047
ID65840,0.7558727
ID65841,0.34285167
ID65842,0.46638563
ID65843,0.5715864
ID65844,0.7167384
ID65845,0.33931673
ID65846,0.050305683
ID65847,0.42072743
ID65848,0.5210099
ID65849,0.5866765
ID65850,0.14211273
ID65851,0.5871999
ID65852,0.34907436
ID65853,0.46318436
ID65854,0.38350412
ID65855,0.45486015
ID65856,0.509339
ID65857,0.01865356
ID65858,0.4324401
ID65859,0.27495453
ID65860,0.545134
ID65861,0.61211574
ID65862,0.35003707
ID65863,0.4982126
ID65864,0.43378097
ID65865,0.2545154
ID65866,0.40990174
ID65867,0.22314852
ID65868,0.10509003
ID65869,0.44947782
ID65870,0.4387216
ID65871,0.55832976
ID65872,0.6021276
ID65873,0.01699152
ID65874,0.41356543
ID65875,0.11177347
ID65876,0.22162743
ID65877,0.3749641
ID65878,0.56064206
ID65879,0.5817812
ID65880,0.49770784
ID65881,0.59426606
ID65882,0.46590135
ID65883,0.32665586
ID65884,0.6060732
ID65885,0.269833
ID65886,0.4110496
ID65887,0.58256227
ID65888,0.5929897
ID65889,0.67447215
ID65890,0.5659822
ID65891,0.54253423
ID65892,0.08752324
ID65893,0.5592877
ID65894,0.08237913
ID65895,0.36227238
ID65896,0.6241805
ID65897,0.6630993
ID65898,0.5700998
ID65899,0.6377066
ID65900,0.6294126
ID65901,0.35336995
ID65902,0.5992264
ID65903,0.44171408
ID65904,0.6257906
ID65905,0.3311143
ID65906,0.3414819
ID65907,0.5981331
ID65908,0.19878535
ID65909,0.076002665
ID65910,0.23182167
ID65911,0.52836186
ID65912,0.34760055
ID65913,0.28467712
ID65914,0.33552247
ID65915,0.2474116
ID65916,0.6491557
ID65917,0.4007024
ID65918,0.51294744
ID65919,0.47751918
ID65920,0.47110677
ID65921,0.5662467
ID65922,0.32279462
ID65923,0.4862982
ID65924,0.63698125
ID65925,0.21370913
ID65926,0.16742621
ID65927,0.38611785
ID65928,0.37695172
ID65929,0.64231634
ID65930,0.42750728
ID65931,0.41352716
ID65932,0.5053008
ID65933,0.1611484
ID65934,0.6127291
ID65935,0.6161114
ID65936,0.18547708
ID65937,0.6774614
ID65938,0.3247401
ID65939,0.67486244
ID65940,0.28953826
ID65941,0.62181145
ID65942,0.059563942
ID65943,0.6244349
ID65944,0.3880903
ID65945,0.42389023
ID65946,0.4194757
ID65947,0.39219445
ID65948,0.1223264
ID65949,0.56899226
ID65950,0.63330305
ID65951,0.38508466
ID65952,0.45685694
ID65953,0.15821911
ID65954,0.6036802
ID65955,0.55668706
ID65956,0.4009151
ID65957,0.29219523
ID65958,0.4746697
ID65959,0.10754352
ID65960,0.27163202
ID65961,0.4946588
ID65962,0.5062742
ID65963,0.25146198
ID65964,0.47371468
ID65965,0.2743735
ID65966,0.3358337
ID65967,0.39042982
ID65968,0.6710644
ID65969,0.62604076
ID65970,0.570405
ID65971,0.71917176
ID65972,0.6392553
ID65973,0.4700953
ID65974,0.37950826
ID65975,0.5412634
ID65976,0.025746973
ID65977,0.23998015
ID65978,0.17375384
ID65979,0.43237564
ID65980,0.46702284
ID65981,0.404824
ID65982,0.54317784
ID65983,0.07600933
ID65984,0.54414016
ID65985,0.37292865
ID65986,0.4908744
ID65987,0.30407166
ID65988,0.3872653
ID65989,0.115804866
ID65990,0.028839478
ID65991,0.31148618
ID65992,0.38036627
ID65993,0.55360377
ID65994,0.75631917
ID65995,0.6768334
ID65996,0.6509133
ID65997,0.25930935
ID65998,0.6062463
ID65999,0.23731294
ID66000,0.42695132
ID66001,0.42055672
ID66002,0.64241385
ID66003,0.4329006
ID66004,0.63073695
ID66005,0.3312937
ID66006,0.47304812
ID66007,0.5467839
ID66008,0.5862218
ID66009,0.527586
ID66010,0.15035136
ID66011,0.6609676
ID66012,0.595539
ID66013,0.050336093
ID66014,0.61612487
ID66015,0.39337873
ID66016,0.5481793
ID66017,0.3111822
ID66018,0.20303349
ID66019,0.6828226
ID66020,0.3845102
ID66021,0.18773621
ID66022,0.42473757
ID66023,0.24091776
ID66024,0.56621546
ID66025,0.28507945
ID66026,0.18780158
ID66027,0.3604613
ID66028,0.62737745
ID66029,0.13081823
ID66030,0.5770295
ID66031,0.137856
ID66032,0.41121957
ID66033,0.27224478
ID66034,0.51409554
ID66035,0.29960912
ID66036,0.73732793
ID66037,0.40036303
ID66038,0.2938262
ID66039,0.63033205
ID66040,0.48688823
ID66041,0.41932586
ID66042,0.6208562
ID66043,0.5065659
ID66044,0.1780421
ID66045,0.3266746
ID66046,0.13085048
ID66047,0.1771552
ID66048,0.60657805
ID66049,0.5656982
ID66050,0.12943773
ID66051,0.49217176
ID66052,0.5244515
ID66053,0.5614853
ID66054,0.08777969
ID66055,0.6190056
ID66056,0.36633286
ID66057,0.6134784
ID66058,0.5217513
ID66059,0.17092529
ID66060,0.6173553
ID66061,0.5292626
ID66062,0.7779786
ID66063,0.050257895
ID66064,0.07390763
ID66065,0.5350672
ID66066,0.5801387
ID66067,0.47946107
ID66068,0.40376154
ID66069,0.43829432
ID66070,0.398714
ID66071,0.34847027
ID66072,0.29909822
ID66073,0.36609772
ID66074,0.5471786
ID66075,0.40832785
ID66076,0.2743735
ID66077,0.31309178
ID66078,0.3737526
ID66079,0.5552998
ID66080,0.20564334
ID66081,0.39189374
ID66082,0.6089125
ID66083,0.40060264
ID66084,0.3239755
ID66085,0.11106311
ID66086,0.55545366
ID66087,0.36258954
ID66088,0.29467562
ID66089,0.7628251
ID66090,0.2977555
ID66091,0.35968187
ID66092,0.5177912
ID66093,0.5234637
ID66094,0.21273014
ID66095,0.5229069
ID66096,0.2948498
ID66097,0.5472178
ID66098,0.28953037
ID66099,0.5878755
ID66100,0.5660851
ID66101,0.14681385
ID66102,0.8197247
ID66103,0.4433533
ID66104,0.4774377
ID66105,0.31550866
ID66106,0.65835947
ID66107,0.26488152
ID66108,0.5993596
ID66109,0.522598
ID66110,0.34294805
ID66111,0.19653766
ID66112,0.10017985
ID66113,0.42857745
ID66114,0.7736504
ID66115,0.32436836
ID66116,0.5140447
ID66117,0.47628552
ID66118,0.37406433
ID66119,0.055739194
ID66120,0.5932613
ID66121,0.5754351
ID66122,0.3313149
ID66123,0.21593396
ID66124,0.16942516
ID66125,0.33467662
ID66126,0.46128196
ID66127,0.6347474
ID66128,0.097899355
ID66129,0.6187909
ID66130,0.2389481
ID66131,0.75860703
ID66132,0.28428993
ID66133,0.4908611
ID66134,0.12798348
ID66135,0.6720726
ID66136,0.05388412
ID66137,0.14961322
ID66138,0.6113115
ID66139,0.341486
ID66140,0.57204705
ID66141,0.71424454
ID66142,0.27842617
ID66143,0.64135724
ID66144,0.30262494
ID66145,0.63052595
ID66146,0.24602026
ID66147,0.55304587
ID66148,0.33331937
ID66149,0.32802188
ID66150,0.32568368
ID66151,0.2402564
ID66152,0.18299535
ID66153,0.53824
ID66154,0.09192253
ID66155,0.42056796
ID66156,0.02592591
ID66157,0.13197225
ID66158,0.27232057
ID66159,0.017130155
ID66160,0.3367886
ID66161,0.52559024
ID66162,0.011911368
ID66163,0.8046154
ID66164,0.4144711
ID66165,0.4624553
ID66166,0.62947094
ID66167,0.62654525
ID66168,0.57943034
ID66169,0.23109145
ID66170,0.17029263
ID66171,0.52681446
ID66172,0.5442937
ID66173,0.47183058
ID66174,0.44725206
ID66175,0.3384879
ID66176,0.33157077
ID66177,0.19038633
ID66178,0.048427112
ID66179,0.14194396
ID66180,0.24813487
ID66181,0.59435165
ID66182,0.18224819
ID66183,0.24519253
ID66184,0.56778485
ID66185,0.45519724
ID66186,0.6044388
ID66187,0.24086425
ID66188,0.6089822
ID66189,0.42580512
ID66190,0.38827866
ID66191,0.43163967
ID66192,0.6038282
ID66193,0.3585335
ID66194,0.2827997
ID66195,0.57671565
ID66196,0.40824234
ID66197,0.46245357
ID66198,0.39661315
ID66199,0.68731904
ID66200,0.44975466
ID66201,0.57281476
ID66202,0.4697661
ID66203,0.33019084
ID66204,0.6494125
ID66205,0.30500874
ID66206,0.43504784
ID66207,0.13630013
ID66208,0.36869878
ID66209,0.42452246
ID66210,0.35939315
ID66211,0.50517464
ID66212,0.30371368
ID66213,0.3954519
ID66214,0.6701707
ID66215,0.44797644
ID66216,0.4081808
ID66217,0.1273467
ID66218,0.063590035
ID66219,0.52685726
ID66220,0.26401082
ID66221,0.5163319
ID66222,0.16652927
ID66223,0.6200894
ID66224,0.5140951
ID66225,0.44795454
ID66226,0.052177858
ID66227,0.34826005
ID66228,0.33946744
ID66229,0.43792063
ID66230,0.42611644
ID66231,0.6407381
ID66232,0.22111599
ID66233,0.25911126
ID66234,0.57297873
ID66235,0.097697176
ID66236,0.32890478
ID66237,0.26053303
ID66238,0.29242423
ID66239,0.22843857
ID66240,0.16255051
ID66241,0.32133192
ID66242,0.46965283
ID66243,0.41080734
ID66244,0.60479844
ID66245,0.12917937
ID66246,0.22272313
ID66247,0.2986488
ID66248,0.47972766
ID66249,0.44047147
ID66250,0.35402727
ID66251,0.43010986
ID66252,0.4828255
ID66253,0.44791812
ID66254,0.59464985
ID66255,0.5467577
ID66256,0.04281459
ID66257,0.31682074
ID66258,0.64861214
ID66259,0.64535433
ID66260,0.31575668
ID66261,0.63286203
ID66262,0.49321774
ID66263,0.38903823
ID66264,0.4632643
ID66265,0.5767546
ID66266,0.58447254
ID66267,0.3252799
ID66268,0.31517386
ID66269,0.09323868
ID66270,0.54143167
ID66271,0.31455225
ID66272,0.29282102
ID66273,0.30282742
ID66274,0.45359656
ID66275,0.101410605
ID66276,0.6137302
ID66277,0.39400014
ID66278,0.16072224
ID66279,0.39167038
ID66280,0.27164853
ID66281,0.022438176
ID66282,0.26236412
ID66283,0.40362743
ID66284,0.5291592
ID66285,0.5330563
ID66286,0.5521935
ID66287,0.44550487
ID66288,0.11282389
ID66289,0.64732236
ID66290,0.5834579
ID66291,0.37287688
ID66292,0.5199748
ID66293,0.3699172
ID66294,0.40764323
ID66295,0.56912315
ID66296,0.35620487
ID66297,0.5092633
ID66298,0.5631449
ID66299,0.5141175
ID66300,0.65183705
ID66301,0.32479906
ID66302,0.5053823
ID66303,0.5755843
ID66304,0.23728383
ID66305,0.50277746
ID66306,0.2463152
ID66307,0.38912684
ID66308,0.41474733
ID66309,0.5920318
ID66310,0.33035553
ID66311,0.30700287
ID66312,0.6061574
ID66313,0.43928757
ID66314,0.38888776
ID66315,0.57017034
ID66316,0.4449094
ID66317,0.5837811
ID66318,0.33130595
ID66319,0.36264658
ID66320,0.09092598
ID66321,0.2755293
ID66322,0.3354796
ID66323,0.6442143
ID66324,0.66313577
ID66325,0.65799844
ID66326,0.1374266
ID66327,0.020925349
ID66328,0.3986171
ID66329,0.5044636
ID66330,0.4232075
ID66331,0.40022343
ID66332,0.46832588
ID66333,0.7506459
ID66334,0.2566442
ID66335,0.5825868
ID66336,0.6300197
ID66337,0.347671
ID66338,0.37030956
ID66339,0.16456151
ID66340,0.6790799
ID66341,0.43633145
ID66342,0.45505068
ID66343,0.63999236
ID66344,0.40335688
ID66345,0.3986006
ID66346,0.1501683
ID66347,0.38513392
ID66348,0.20642972
ID66349,0.087550014
ID66350,0.19142827
ID66351,0.6453706
ID66352,0.22744638
ID66353,0.54970163
ID66354,0.4524918
ID66355,0.55384517
ID66356,0.011445617
ID66357,0.52072066
ID66358,0.521378
ID66359,0.42249304
ID66360,0.5642074
ID66361,0.5146826
ID66362,0.37504026
ID66363,0.21578723
ID66364,0.57079244
ID66365,0.1795818
ID66366,0.6377463
ID66367,0.16526973
ID66368,0.54093325
ID66369,0.07885421
ID66370,0.3514944
ID66371,0.48677155
ID66372,0.28207123
ID66373,0.4187847
ID66374,0.5479817
ID66375,0.5112195
ID66376,0.5438086
ID66377,0.45664608
ID66378,0.5300803
ID66379,0.48561192
ID66380,0.6048291
ID66381,0.08955142
ID66382,0.4692307
ID66383,0.39648128
ID66384,0.06629934
ID66385,0.41789946
ID66386,0.5094549
ID66387,0.51077074
ID66388,0.6471706
ID66389,0.08095576
ID66390,0.3696213
ID66391,0.57242244
ID66392,0.54204416
ID66393,0.21300177
ID66394,0.16347423
ID66395,0.41597295
ID66396,0.53184026
ID66397,0.32594207
ID66398,0.37825027
ID66399,0.28355655
ID66400,0.63206536
ID66401,0.44772413
ID66402,0.08144242
ID66403,0.597153
ID66404,0.66490567
ID66405,0.6333473
ID66406,0.5719569
ID66407,0.49329212
ID66408,0.2979586
ID66409,0.51277715
ID66410,0.7451976
ID66411,0.09248197
ID66412,0.22670615
ID66413,0.2524745
ID66414,0.68537915
ID66415,0.62648547
ID66416,0.18054375
ID66417,0.15089908
ID66418,0.496042
ID66419,0.11205352
ID66420,0.2508646
ID66421,0.49400657
ID66422,0.42650095
ID66423,0.341078
ID66424,0.60174173
ID66425,0.14645827
ID66426,0.03606285
ID66427,0.030002473
ID66428,0.2488995
ID66429,0.787499
ID66430,0.543489
ID66431,0.19055286
ID66432,0.45622513
ID66433,0.20980924
ID66434,0.32924908
ID66435,0.5390257
ID66436,0.55191797
ID66437,0.3768537
ID66438,0.58881456
ID66439,0.17861511
ID66440,0.212677
ID66441,0.39870897
ID66442,0.5018723
ID66443,0.5256482
ID66444,0.55520266
ID66445,0.4552447
ID66446,0.54251254
ID66447,0.71405303
ID66448,0.6115858
ID66449,0.31575346
ID66450,0.41354552
ID66451,0.3618042
ID66452,0.5679894
ID66453,0.4254834
ID66454,0.4231926
ID66455,0.39088514
ID66456,0.4235093
ID66457,0.78104794
ID66458,0.4113564
ID66459,0.5023844
ID66460,0.56958485
ID66461,0.45334142
ID66462,0.2712428
ID66463,0.5635856
ID66464,0.5549495
ID66465,0.09505991
ID66466,0.40244752
ID66467,0.66570103
ID66468,0.2803368
ID66469,0.25108066
ID66470,0.45949042
ID66471,0.039879452
ID66472,0.25131565
ID66473,0.34202635
ID66474,0.17997402
ID66475,0.038886916
ID66476,0.34199816
ID66477,0.5406272
ID66478,0.63808393
ID66479,0.6448716
ID66480,0.74158984
ID66481,0.29714054
ID66482,0.470141
ID66483,0.26509783
ID66484,0.5083448
ID66485,0.64135724
ID66486,0.0709506
ID66487,0.37833777
ID66488,0.3127455
ID66489,0.5571116
ID66490,0.30488917
ID66491,0.056831725
ID66492,0.5303152
ID66493,0.6441087
ID66494,0.10862195
ID66495,0.49668875
ID66496,0.48127237
ID66497,0.6072366
ID66498,0.28325874
ID66499,0.39000058
ID66500,0.58650213
ID66501,0.45440486
ID66502,0.2981922
ID66503,0.11058089
ID66504,0.46417305
ID66505,0.40180013
ID66506,0.041392732
ID66507,0.5526386
ID66508,0.42284998
ID66509,0.5702202
ID66510,0.5229199
ID66511,0.58409226
ID66512,0.50140285
ID66513,0.60273534
ID66514,0.5330627
ID66515,0.3968532
ID66516,0.3168442
ID66517,0.094314486
ID66518,0.54629874
ID66519,0.080404505
ID66520,0.28418764
ID66521,0.32658127
ID66522,0.46569657
ID66523,0.40366215
ID66524,0.32343498
ID66525,0.46334043
ID66526,0.28486183
ID66527,0.6277707
ID66528,0.24638446
ID66529,0.28940833
ID66530,0.5471557
ID66531,0.4815688
ID66532,0.40164238
ID66533,0.6472073
ID66534,0.64643246
ID66535,0.5825192
ID66536,0.19283326
ID66537,0.48187155
ID66538,0.53889805
ID66539,0.3199056
ID66540,0.6577819
ID66541,0.58225113
ID66542,0.6549571
ID66543,0.49783298
ID66544,0.19469726
ID66545,0.5941718
ID66546,0.34150553
ID66547,0.5426298
ID66548,0.20484117
ID66549,0.63220054
ID66550,0.48990744
ID66551,0.5841055
ID66552,0.5760465
ID66553,0.23599292
ID66554,0.58664316
ID66555,0.5106335
ID66556,0.41443005
ID66557,0.3894435
ID66558,0.62008077
ID66559,0.12904729
ID66560,0.5485997
ID66561,0.31598338
ID66562,0.4993289
ID66563,0.69246256
ID66564,0.62004197
ID66565,0.19222738
ID66566,0.6384771
ID66567,0.19904032
ID66568,0.6553862
ID66569,0.2265487
ID66570,0.06622681
ID66571,0.29642174
ID66572,0.69482493
ID66573,0.106625915
ID66574,0.29232123
ID66575,0.7464926
ID66576,0.11917527
ID66577,0.5682055
ID66578,0.35066816
ID66579,0.5187302
ID66580,0.5325932
ID66581,0.0320849
ID66582,0.51813626
ID66583,0.52148896
ID66584,0.22379136
ID66585,0.34520188
ID66586,0.55815595
ID66587,0.6235717
ID66588,0.45998296
ID66589,0.58627486
ID66590,0.40620202
ID66591,0.32995754
ID66592,0.6098346
ID66593,0.5745463
ID66594,0.5123601
ID66595,0.27417752
ID66596,0.22466168
ID66597,0.63991225
ID66598,0.30236465
ID66599,0.4674286
ID66600,0.39607167
ID66601,0.41671392
ID66602,0.3234531
ID66603,0.27250132
ID66604,0.10851172
ID66605,0.33919558
ID66606,0.47113058
ID66607,0.3690448
ID66608,0.48966843
ID66609,0.53137696
ID66610,0.3744881
ID66611,0.120392576
ID66612,0.39128426
ID66613,0.09077649
ID66614,0.5821758
ID66615,0.43850273
ID66616,0.1450987
ID66617,0.29384977
ID66618,0.04705882
ID66619,0.40756738
ID66620,0.37809652
ID66621,0.10647984
ID66622,0.53882074
ID66623,0.0326766
ID66624,0.5854889
ID66625,0.67328507
ID66626,0.45220914
ID66627,0.54197115
ID66628,0.46749127
ID66629,0.051167525
ID66630,0.50766426
ID66631,0.53789353
ID66632,0.09119621
ID66633,0.54025656
ID66634,0.42125
ID66635,0.537188
ID66636,0.0023127573
ID66637,0.38487858
ID66638,0.43059963
ID66639,0.5899058
ID66640,0.58839476
ID66641,0.4137374
ID66642,0.18688686
ID66643,0.2992603
ID66644,0.26979345
ID66645,0.23452294
ID66646,0.5670373
ID66647,0.39465514
ID66648,0.7563514
ID66649,0.4243176
ID66650,0.46720156
ID66651,0.6355575
ID66652,0.2676172
ID66653,0.3009219
ID66654,0.25560743
ID66655,0.6245181
ID66656,0.6763219
ID66657,0.41262197
ID66658,0.6343945
ID66659,0.5398738
ID66660,0.5119136
ID66661,0.3011096
ID66662,0.58464587
ID66663,0.40686914
ID66664,0.32070377
ID66665,0.48866454
ID66666,0.40153795
ID66667,0.1374074
ID66668,0.47372517
ID66669,0.49246913
ID66670,0.7437871
ID66671,0.38792711
ID66672,0.55950844
ID66673,0.7710688
ID66674,0.07026837
ID66675,0.034203652
ID66676,0.5755056
ID66677,0.4703496
ID66678,0.42684713
ID66679,0.5033084
ID66680,0.21626474
ID66681,0.43183842
ID66682,0.54200494
ID66683,0.43496984
ID66684,0.2793479
ID66685,0.10884898
ID66686,0.62198406
ID66687,0.5264245
ID66688,0.66030294
ID66689,0.74329346
ID66690,0.30078346
ID66691,0.5613826
ID66692,0.10065201
ID66693,0.016862692
ID66694,0.14710416
ID66695,0.24361263
ID66696,0.15130076
ID66697,0.46252587
ID66698,0.6587129
ID66699,0.29382905
ID66700,0.28246158
ID66701,0.51343364
ID66702,0.2833551
ID66703,0.53381145
ID66704,0.07933212
ID66705,0.25751883
ID66706,0.43885234
ID66707,0.30496842
ID66708,0.3011461
ID66709,0.48241654
ID66710,0.061668664
ID66711,0.30719557
ID66712,0.1288277
ID66713,0.60216236
ID66714,0.34279072
ID66715,0.37295878
ID66716,0.37138525
ID66717,0.31136188
ID66718,0.15361187
ID66719,0.33542556
ID66720,0.5101336
ID66721,0.5875721
ID66722,0.6469603
ID66723,0.45814824
ID66724,0.23992969
ID66725,0.2416468
ID66726,0.4662184
ID66727,0.35360765
ID66728,0.644355
ID66729,0.44049895
ID66730,0.59146285
ID66731,0.519547
ID66732,0.5658366
ID66733,0.26217073
ID66734,0.58546
ID66735,0.15240943
ID66736,0.59828115
ID66737,0.44422755
ID66738,0.10128721
ID66739,0.2681384
ID66740,0.24035427
ID66741,0.12093209
ID66742,0.3023177
ID66743,0.6163253
ID66744,0.6047437
ID66745,0.17653011
ID66746,0.44559976
ID66747,0.08301373
ID66748,0.5214465
ID66749,0.25593284
ID66750,0.58458483
ID66751,0.073454775
ID66752,0.2643373
ID66753,0.434049
ID66754,0.56892383
ID66755,0.7155706
ID66756,0.26816013
ID66757,0.58990985
ID66758,0.4041015
ID66759,0.500784
ID66760,0.30009314
ID66761,0.60411865
ID66762,0.5469584
ID66763,0.15353633
ID66764,0.31824768
ID66765,0.21596125
ID66766,0.16472912
ID66767,0.4698017
ID66768,0.18007337
ID66769,0.40133628
ID66770,0.6024609
ID66771,0.6492135
ID66772,0.6412341
ID66773,0.5745677
ID66774,0.39618555
ID66775,0.2521779
ID66776,0.1984258
ID66777,0.5862902
ID66778,0.25030437
ID66779,0.2607079
ID66780,0.33351848
ID66781,0.028772112
ID66782,0.30625516
ID66783,0.6442183
ID66784,0.5206093
ID66785,0.546603
ID66786,0.21954842
ID66787,0.16986069
ID66788,0.4191278
ID66789,0.42949718
ID66790,0.6283062
ID66791,0.26163977
ID66792,0.5371337
ID66793,0.5782596
ID66794,0.2475204
ID66795,0.53531134
ID66796,0.5900936
ID66797,0.36359677
ID66798,0.71920294
ID66799,0.6966484
ID66800,0.6141947
ID66801,0.36976263
ID66802,0.37454954
ID66803,0.6407734
ID66804,0.46070713
ID66805,0.1941031
ID66806,0.5448462
ID66807,0.47269318
ID66808,0.4856894
ID66809,0.7780803
ID66810,0.19487119
ID66811,0.26664785
ID66812,0.6739711
ID66813,0.27483574
ID66814,0.51712245
ID66815,0.08271482
ID66816,0.7322511
ID66817,0.30336362
ID66818,0.04711191
ID66819,0.22019637
ID66820,0.31120494
ID66821,0.03258695
ID66822,0.54370874
ID66823,0.3589264
ID66824,0.49369264
ID66825,0.5456574
ID66826,0.37688783
ID66827,0.1875994
ID66828,0.28514707
ID66829,0.45852983
ID66830,0.6330795
ID66831,0.6204888
ID66832,0.593346
ID66833,0.51783144
ID66834,0.7345328
ID66835,0.035237964
ID66836,0.36338598
ID66837,0.096121825
ID66838,0.4143738
ID66839,0.25269914
ID66840,0.30422106
ID66841,0.52575225
ID66842,0.07452588
ID66843,0.19925353
ID66844,0.4507827
ID66845,0.43239257
ID66846,0.5707553
ID66847,0.5899468
ID66848,0.45462865
ID66849,0.5280424
ID66850,0.089798756
ID66851,0.18868308
ID66852,0.2906986
ID66853,0.4091143
ID66854,0.31797552
ID66855,0.55628335
ID66856,0.6289817
ID66857,0.4509753
ID66858,0.5356704
ID66859,0.14190038
ID66860,0.5577304
ID66861,0.6400191
ID66862,0.31304884
ID66863,0.63059115
ID66864,0.29775625
ID66865,0.65831554
ID66866,0.22514589
ID66867,0.65686935
ID66868,0.49736986
ID66869,0.510168
ID66870,0.5876713
ID66871,0.4340569
ID66872,0.26019686
ID66873,0.39678782
ID66874,0.44083974
ID66875,0.7580524
ID66876,0.39696214
ID66877,0.16897684
ID66878,0.058961857
ID66879,0.602172
ID66880,0.33892038
ID66881,0.17244059
ID66882,0.35601476
ID66883,0.44593143
ID66884,0.5831368
ID66885,0.5990956
ID66886,0.59509355
ID66887,0.09888137
ID66888,0.35077766
ID66889,0.44553104
ID66890,0.13430057
ID66891,0.5902208
ID66892,0.46471435
ID66893,0.20168166
ID66894,0.313346
ID66895,0.59361935
ID66896,0.51209354
ID66897,0.54604733
ID66898,0.3844425
ID66899,0.54164606
ID66900,0.33459473
ID66901,0.63603157
ID66902,0.6208264
ID66903,0.245013
ID66904,0.5546677
ID66905,0.47372517
ID66906,0.4490599
ID66907,0.49357587
ID66908,0.47360182
ID66909,0.5270802
ID66910,0.29762083
ID66911,0.1589832
ID66912,0.5882743
ID66913,0.4616215
ID66914,0.5030198
ID66915,0.49186397
ID66916,0.5525778
ID66917,0.09095625
ID66918,0.29832757
ID66919,0.5611975
ID66920,0.5685989
ID66921,0.2209591
ID66922,0.7333234
ID66923,0.40624002
ID66924,0.2576912
ID66925,0.5482129
ID66926,0.6959304
ID66927,0.6474267
ID66928,0.39349928
ID66929,0.6736178
ID66930,0.5555273
ID66931,0.4425317
ID66932,0.6507901
ID66933,0.39213204
ID66934,0.6321563
ID66935,0.51166517
ID66936,0.6965526
ID66937,0.6466447
ID66938,0.088831656
ID66939,0.58049077
ID66940,0.20910361
ID66941,0.6481602
ID66942,0.77343786
ID66943,0.53134626
ID66944,0.58471507
ID66945,0.1210925
ID66946,0.31488994
ID66947,0.013089916
ID66948,0.3416862
ID66949,0.5442184
ID66950,0.54118526
ID66951,0.20828305
ID66952,0.5910921
ID66953,0.7735278
ID66954,0.33446676
ID66955,0.48359337
ID66956,0.4601477
ID66957,0.40729654
ID66958,0.15574
ID66959,0.29712424
ID66960,0.4228184
ID66961,0.4537576
ID66962,0.6418604
ID66963,0.31912133
ID66964,0.56237596
ID66965,0.72898245
ID66966,0.46671787
ID66967,0.5433054
ID66968,0.24081601
ID66969,0.27164677
ID66970,0.5138963
ID66971,0.7430345
ID66972,0.20492241
ID66973,0.55837053
ID66974,0.6268867
ID66975,0.5820961
ID66976,0.7705221
ID66977,0.27742362
ID66978,0.39547253
ID66979,0.52762824
ID66980,0.3635918
ID66981,0.61493254
ID66982,0.49673805
ID66983,0.6297295
ID66984,0.590262
ID66985,0.18894689
ID66986,0.65341336
ID66987,0.66949767
ID66988,0.5390707
ID66989,0.0968659
ID66990,0.064580746
ID66991,0.6307445
ID66992,0.34019083
ID66993,0.5662432
ID66994,0.5987671
ID66995,0.35824433
ID66996,0.40230736
ID66997,0.5450981
ID66998,0.410274
ID66999,0.5710804
ID67000,0.56064284
ID67001,0.2987357
ID67002,0.27681825
ID67003,0.33920512
ID67004,0.14003113
ID67005,0.5791901
ID67006,0.53198415
ID67007,0.14992921
ID67008,0.14201763
ID67009,0.59347904
ID67010,0.38912678
ID67011,0.5165246
ID67012,0.6009065
ID67013,0.4273195
ID67014,0.48863694
ID67015,0.35046944
ID67016,0.23650774
ID67017,0.1269892
ID67018,0.5612982
ID67019,0.5343467
ID67020,0.03151605
ID67021,0.25896382
ID67022,0.16128998
ID67023,0.5537426
ID67024,0.519871
ID67025,0.6285319
ID67026,0.4854741
ID67027,0.35721496
ID67028,0.4875559
ID67029,0.31733543
ID67030,0.575032
ID67031,0.58034295
ID67032,0.51097333
ID67033,0.45695668
ID67034,0.2530892
ID67035,0.5476953
ID67036,0.13578491
ID67037,0.3636335
ID67038,0.08662035
ID67039,0.30954856
ID67040,0.1985381
ID67041,0.43958536
ID67042,0.09375864
ID67043,0.59920657
ID67044,0.13933784
ID67045,0.6101115
ID67046,0.25651422
ID67047,0.1518788
ID67048,0.340001
ID67049,0.6635024
ID67050,0.116673216
ID67051,0.6194771
ID67052,0.5365288
ID67053,0.4123672
ID67054,0.52801365
ID67055,0.35557637
ID67056,0.55380535
ID67057,0.24786396
ID67058,0.40509227
ID67059,0.23513994
ID67060,0.587579
ID67061,0.43162805
ID67062,0.20863271
ID67063,0.19518642
ID67064,0.51354253
ID67065,0.60596997
ID67066,0.08818909
ID67067,0.58326286
ID67068,0.44558784
ID67069,0.6208622
ID67070,0.032169975
ID67071,0.26971492
ID67072,0.3288884
ID67073,0.16462041
ID67074,0.059435442
ID67075,0.52318156
ID67076,0.31399375
ID67077,0.49747118
ID67078,0.5188666
ID67079,0.21238653
ID67080,0.56083846
ID67081,0.16964643
ID67082,0.15776514
ID67083,0.27481103
ID67084,0.5564473
ID67085,0.23939458
ID67086,0.08036325
ID67087,0.026902976
ID67088,0.6715255
ID67089,0.61541086
ID67090,0.3023669
ID67091,0.5894434
ID67092,0.55561626
ID67093,0.5831299
ID67094,0.46723953
ID67095,0.21584605
ID67096,0.76256233
ID67097,0.46459338
ID67098,0.20660804
ID67099,0.33020645
ID67100,0.56933933
ID67101,0.32005957
ID67102,0.66377974
ID67103,0.5337182
ID67104,0.14929469
ID67105,0.12659544
ID67106,0.3301945
ID67107,0.35654572
ID67108,0.48415852
ID67109,0.08954609
ID67110,0.46742302
ID67111,0.56321925
ID67112,0.46614224
ID67113,0.18648365
ID67114,0.36731043
ID67115,0.50362676
ID67116,0.25400588
ID67117,0.100351855
ID67118,0.22299178
ID67119,0.20513374
ID67120,0.2651391
ID67121,0.24933735
ID67122,0.18426816
ID67123,0.2599827
ID67124,0.26637518
ID67125,0.49140063
ID67126,0.6212399
ID67127,0.38537008
ID67128,0.701838
ID67129,0.423042
ID67130,0.63359886
ID67131,0.21008988
ID67132,0.58293074
ID67133,0.77976507
ID67134,0.20400268
ID67135,0.46798852
ID67136,0.5806973
ID67137,0.55477923
ID67138,0.5807939
ID67139,0.3593502
ID67140,0.10096633
ID67141,0.35980248
ID67142,0.32178953
ID67143,0.13020521
ID67144,0.57905453
ID67145,0.6066065
ID67146,0.23097229
ID67147,0.537445
ID67148,0.45512977
ID67149,0.5960653
ID67150,0.313422
ID67151,0.4935157
ID67152,0.60684776
ID67153,0.6405634
ID67154,0.5183325
ID67155,0.42821345
ID67156,0.68819934
ID67157,0.39915892
ID67158,0.16733369
ID67159,0.032167934
ID67160,0.32358104
ID67161,0.5635384
ID67162,0.07654908
ID67163,0.10833141
ID67164,0.5971955
ID67165,0.6177679
ID67166,0.144301
ID67167,0.29643154
ID67168,0.66627634
ID67169,0.18546803
ID67170,0.7277144
ID67171,0.31218177
ID67172,0.37742358
ID67173,0.5654788
ID67174,0.18832274
ID67175,0.42587602
ID67176,0.410099
ID67177,0.23825091
ID67178,0.3481488
ID67179,0.51131195
ID67180,0.29191035
ID67181,0.62907124
ID67182,0.59211314
ID67183,0.7795734
ID67184,0.5392404
ID67185,0.35305068
ID67186,0.27107638
ID67187,0.53215
ID67188,0.23270793
ID67189,0.3629309
ID67190,0.3550712
ID67191,0.48384535
ID67192,0.45501253
ID67193,0.11589714
ID67194,0.1904229
ID67195,0.13258629
ID67196,0.35751522
ID67197,0.62270004
ID67198,0.37979624
ID67199,0.51066995
ID67200,0.46987832
ID67201,0.1310272
ID67202,0.59176457
ID67203,0.56548536
ID67204,0.63036644
ID67205,0.28882778
ID67206,0.31047988
ID67207,0.53075284
ID67208,0.6007956
ID67209,0.6799694
ID67210,0.46039507
ID67211,0.3758896
ID67212,0.3004725
ID67213,0.62607455
ID67214,0.2869592
ID67215,0.5168279
ID67216,0.6238599
ID67217,0.5499946
ID67218,0.53177625
ID67219,0.21540362
ID67220,0.48207167
ID67221,0.5932342
ID67222,0.49336952
ID67223,0.66354984
ID67224,0.5568155
ID67225,0.4407778
ID67226,0.67650276
ID67227,0.69784254
ID67228,0.5105737
ID67229,0.43394423
ID67230,0.7791244
ID67231,0.32854977
ID67232,0.6110484
ID67233,0.41122556
ID67234,0.33352455
ID67235,0.3864007
ID67236,0.15715376
ID67237,0.21399285
ID67238,0.5301631
ID67239,0.55779934
ID67240,0.35168
ID67241,0.44154143
ID67242,0.32562077
ID67243,0.6330175
ID67244,0.35949782
ID67245,0.09845808
ID67246,0.3732488
ID67247,0.58097404
ID67248,0.1964605
ID67249,0.6338895
ID67250,0.24993543
ID67251,0.643428
ID67252,0.56761473
ID67253,0.21099943
ID67254,0.5578394
ID67255,0.107506245
ID67256,0.4773205
ID67257,0.27064243
ID67258,0.52625006
ID67259,0.46953264
ID67260,0.63596904
ID67261,0.6023989
ID67262,0.57356036
ID67263,0.3282971
ID67264,0.0743987
ID67265,0.05190189
ID67266,0.52981687
ID67267,0.5297313
ID67268,0.39507207
ID67269,0.6069907
ID67270,0.5469816
ID67271,0.4646884
ID67272,0.34196082
ID67273,0.39627188
ID67274,0.427322
ID67275,0.7363066
ID67276,0.4422936
ID67277,0.40981084
ID67278,0.15961124
ID67279,0.7104362
ID67280,0.38096046
ID67281,0.34008932
ID67282,0.48702097
ID67283,0.29113114
ID67284,0.56776476
ID67285,0.05276717
ID67286,0.5221627
ID67287,0.5104091
ID67288,0.31824705
ID67289,0.40295228
ID67290,0.27543432
ID67291,0.47603378
ID67292,0.16910785
ID67293,0.36877793
ID67294,0.47839212
ID67295,0.4023846
ID67296,0.64539504
ID67297,0.4756527
ID67298,0.3151702
ID67299,0.14600693
ID67300,0.76941437
ID67301,0.110190466
ID67302,0.13478953
ID67303,0.3671309
ID67304,0.46098334
ID67305,0.55519253
ID67306,0.36764348
ID67307,0.58140475
ID67308,0.45079872
ID67309,0.011114255
ID67310,0.16938207
ID67311,0.41009066
ID67312,0.31138307
ID67313,0.5192602
ID67314,0.16114193
ID67315,0.33268964
ID67316,0.6876668
ID67317,0.52042013
ID67318,0.5255767
ID67319,0.32802632
ID67320,0.1572294
ID67321,0.13915911
ID67322,0.6017239
ID67323,0.45630863
ID67324,0.552762
ID67325,0.5981424
ID67326,0.45609203
ID67327,0.28384846
ID67328,0.46121895
ID67329,0.6492516
ID67330,0.3480045
ID67331,0.5907497
ID67332,0.6824564
ID67333,0.3923072
ID67334,0.4376579
ID67335,0.6532217
ID67336,0.6350725
ID67337,0.6431249
ID67338,0.5949623
ID67339,0.40326422
ID67340,0.34493715
ID67341,0.4738516
ID67342,0.5183544
ID67343,0.5249881
ID67344,0.18504544
ID67345,0.44870788
ID67346,0.44197977
ID67347,0.43362385
ID67348,0.47907498
ID67349,0.30575976
ID67350,0.4521324
ID67351,0.40785375
ID67352,0.339879
ID67353,0.13398021
ID67354,0.35343325
ID67355,0.39722604
ID67356,0.6457389
ID67357,0.518996
ID67358,0.47184926
ID67359,0.62362474
ID67360,0.24890555
ID67361,0.49786127
ID67362,0.2805365
ID67363,0.2602995
ID67364,0.10230578
ID67365,0.4754504
ID67366,0.606553
ID67367,0.4476409
ID67368,0.56519365
ID67369,0.61418676
ID67370,0.72149354
ID67371,0.58660966
ID67372,0.6123369
ID67373,0.29490876
ID67374,0.57101053
ID67375,0.3392115
ID67376,0.24560311
ID67377,0.5493403
ID67378,0.3178449
ID67379,0.5473781
ID67380,0.35693064
ID67381,0.37512344
ID67382,0.6427041
ID67383,0.57627845
ID67384,0.118492015
ID67385,0.61075604
ID67386,0.56883913
ID67387,0.17727935
ID67388,0.44941163
ID67389,0.3282616
ID67390,0.21095158
ID67391,0.5730594
ID67392,0.58149874
ID67393,0.47239345
ID67394,0.58889073
ID67395,0.39103618
ID67396,0.5419499
ID67397,0.45725176
ID67398,0.12576263
ID67399,0.64732236
ID67400,0.2698649
ID67401,0.65573835
ID67402,0.03563261
ID67403,0.7570183
ID67404,0.46993214
ID67405,0.5652743
ID67406,0.746063
ID67407,0.41220963
ID67408,0.30811447
ID67409,0.4685599
ID67410,0.3201428
ID67411,0.3363343
ID67412,0.3879639
ID67413,0.6389234
ID67414,0.64986026
ID67415,0.4850067
ID67416,0.50202405
ID67417,0.6350357
ID67418,0.57721263
ID67419,0.53887635
ID67420,0.50709194
ID67421,0.54686356
ID67422,0.3858105
ID67423,0.24582048
ID67424,0.09653569
ID67425,0.20021898
ID67426,0.64153147
ID67427,0.39585483
ID67428,0.5408552
ID67429,0.046868596
ID67430,0.52789724
ID67431,0.1546061
ID67432,0.5813946
ID67433,0.12131658
ID67434,0.6137585
ID67435,0.6125221
ID67436,0.36707133
ID67437,0.6030047
ID67438,0.23463446
ID67439,0.50626934
ID67440,0.37343347
ID67441,0.34245208
ID67442,0.29732764
ID67443,0.27100417
ID67444,0.3657641
ID67445,0.6470081
ID67446,0.42229992
ID67447,0.43649483
ID67448,0.46078858
ID67449,0.31338847
ID67450,0.5332814
ID67451,0.48032087
ID67452,0.13414517
ID67453,0.14298809
ID67454,0.64148617
ID67455,0.7885698
ID67456,0.19285534
ID67457,0.047819447
ID67458,0.32768974
ID67459,0.34651855
ID67460,0.734402
ID67461,0.5366505
ID67462,0.59032565
ID67463,0.3160602
ID67464,0.50709474
ID67465,0.3243319
ID67466,0.09735907
ID67467,0.33928877
ID67468,0.6321141
ID67469,0.27561373
ID67470,0.3357756
ID67471,0.5950705
ID67472,0.31532696
ID67473,0.6783437
ID67474,0.47939298
ID67475,0.51831216
ID67476,0.52504
ID67477,0.026710361
ID67478,0.5041779
ID67479,0.50446296
ID67480,0.45973992
ID67481,0.17371763
ID67482,0.12437467
ID67483,0.5770936
ID67484,0.6901658
ID67485,0.48713213
ID67486,0.121778615
ID67487,0.26059932
ID67488,0.44743958
ID67489,0.49029854
ID67490,0.051680088
ID67491,0.5629681
ID67492,0.5721905
ID67493,0.18154278
ID67494,0.6675785
ID67495,0.5646306
ID67496,0.41418746
ID67497,0.53249335
ID67498,0.41656354
ID67499,0.18067352
ID67500,0.5358611
ID67501,0.28524587
ID67502,0.2269745
ID67503,0.23777822
ID67504,0.43801534
ID67505,0.38912684
ID67506,0.22473215
ID67507,0.25433996
ID67508,0.39795816
ID67509,0.054804485
ID67510,0.4828203
ID67511,0.4702865
ID67512,0.23286025
ID67513,0.6246748
ID67514,0.60713935
ID67515,0.41507608
ID67516,0.54554176
ID67517,0.4163895
ID67518,0.53306794
ID67519,0.6265845
ID67520,0.19067113
ID67521,0.24455734
ID67522,0.66238886
ID67523,0.42705935
ID67524,0.045691688
ID67525,0.2103028
ID67526,0.6740528
ID67527,0.38564095
ID67528,0.5329876
ID67529,0.03378941
ID67530,0.3532654
ID67531,0.1835336
ID67532,0.47697917
ID67533,0.37773883
ID67534,0.3880814
ID67535,0.2918871
ID67536,0.52660114
ID67537,0.49930218
ID67538,0.40634018
ID67539,0.42863318
ID67540,0.35019112
ID67541,0.18963678
ID67542,0.23847435
ID67543,0.57755506
ID67544,0.17344567
ID67545,0.29648554
ID67546,0.26165825
ID67547,0.4119041
ID67548,0.5715501
ID67549,0.32077104
ID67550,0.486725
ID67551,0.4643258
ID67552,0.31724614
ID67553,0.17854789
ID67554,0.7264555
ID67555,0.5923153
ID67556,0.27696332
ID67557,0.6437346
ID67558,0.5150583
ID67559,0.26122075
ID67560,0.5208913
ID67561,0.52219737
ID67562,0.47846973
ID67563,0.59107524
ID67564,0.49445784
ID67565,0.55506617
ID67566,0.224607
ID67567,0.7592743
ID67568,0.37349313
ID67569,0.32056463
ID67570,0.3465523
ID67571,0.3088138
ID67572,0.21708019
ID67573,0.5227888
ID67574,0.55188423
ID67575,0.19952816
ID67576,0.28325832
ID67577,0.14258406
ID67578,0.056383524
ID67579,0.11411109
ID67580,0.16989578
ID67581,0.70687723
ID67582,0.5460957
ID67583,0.43440208
ID67584,0.41421685
ID67585,0.40348902
ID67586,0.30137312
ID67587,0.5498006
ID67588,0.64145017
ID67589,0.37639531
ID67590,0.43622705
ID67591,0.37033764
ID67592,0.56291825
ID67593,0.55125934
ID67594,0.45977643
ID67595,0.4547974
ID67596,0.6339191
ID67597,0.61296517
ID67598,0.62200385
ID67599,0.08992499
ID67600,0.3599447
ID67601,0.29512864
ID67602,0.44105873
ID67603,0.11610848
ID67604,0.34700826
ID67605,0.24671738
ID67606,0.42368427
ID67607,0.2826964
ID67608,0.4829074
ID67609,0.42538762
ID67610,0.49340358
ID67611,0.58034295
ID67612,0.19835848
ID67613,0.63722295
ID67614,0.6205036
ID67615,0.12660113
ID67616,0.53220564
ID67617,0.69242823
ID67618,0.6131178
ID67619,0.0984012
ID67620,0.46776065
ID67621,0.52693063
ID67622,0.5292556
ID67623,0.6879521
ID67624,0.53667474
ID67625,0.59959245
ID67626,0.55260754
ID67627,0.21292818
ID67628,0.686841
ID67629,0.38511008
ID67630,0.41626438
ID67631,0.32547712
ID67632,0.25723472
ID67633,0.4159272
ID67634,0.43513134
ID67635,0.5456688
ID67636,0.65938884
ID67637,0.42589447
ID67638,0.7182613
ID67639,0.08712141
ID67640,0.29879802
ID67641,0.58947057
ID67642,0.2104966
ID67643,0.6001921
ID67644,0.21768142
ID67645,0.39295635
ID67646,0.4064277
ID67647,0.6752364
ID67648,0.1857855
ID67649,0.31111372
ID67650,0.43576792
ID67651,0.46508914
ID67652,0.09470489
ID67653,0.4042801
ID67654,0.11599482
ID67655,0.82578474
ID67656,0.38535932
ID67657,0.64181215
ID67658,0.32074136
ID67659,0.56927836
ID67660,0.16182572
ID67661,0.7026848
ID67662,0.5237787
ID67663,0.5748437
ID67664,0.43246925
ID67665,0.65825
ID67666,0.35808662
ID67667,0.47922942
ID67668,0.41642052
ID67669,0.68592924
ID67670,0.5740221
ID67671,0.09576215
ID67672,0.17492309
ID67673,0.22081369
ID67674,0.5813976
ID67675,0.55303395
ID67676,0.42739725
ID67677,0.59065115
ID67678,0.5350834
ID67679,0.20552294
ID67680,0.36820367
ID67681,0.5406128
ID67682,0.26707152
ID67683,0.0034453229
ID67684,0.34110487
ID67685,0.47958344
ID67686,0.51729274
ID67687,0.18201725
ID67688,0.038490262
ID67689,0.46208057
ID67690,0.7180226
ID67691,0.30098492
ID67692,0.32366976
ID67693,0.09130971
ID67694,0.35118338
ID67695,0.54716426
ID67696,0.53224987
ID67697,0.60264385
ID67698,0.7518224
ID67699,0.5327573
ID67700,0.41573304
ID67701,0.3378372
ID67702,0.61793774
ID67703,0.45774025
ID67704,0.05778421
ID67705,0.54686517
ID67706,0.7380229
ID67707,0.34721702
ID67708,0.3748042
ID67709,0.7047406
ID67710,0.56993806
ID67711,0.5609831
ID67712,0.4388107
ID67713,0.25790673
ID67714,0.5595195
ID67715,0.26268873
ID67716,0.56224895
ID67717,0.34059837
ID67718,0.40084782
ID67719,0.5214155
ID67720,0.38813305
ID67721,0.5632549
ID67722,0.5383796
ID67723,0.64361304
ID67724,0.57764363
ID67725,0.56622756
ID67726,0.18599866
ID67727,0.5930896
ID67728,0.38998157
ID67729,0.13071828
ID67730,0.42964974
ID67731,0.6226085
ID67732,0.18008979
ID67733,0.5634887
ID67734,0.6091325
ID67735,0.7330019
ID67736,0.13370214
ID67737,0.30849037
ID67738,0.4467509
ID67739,0.39625055
ID67740,0.5049149
ID67741,0.54976803
ID67742,0.48767138
ID67743,0.5105335
ID67744,0.6295278
ID67745,0.22178233
ID67746,0.50657433
ID67747,0.5219609
ID67748,0.5717713
ID67749,0.49775285
ID67750,0.6410448
ID67751,0.643555
ID67752,0.59938055
ID67753,0.64144045
ID67754,0.6994039
ID67755,0.3072736
ID67756,0.09726413
ID67757,0.5522474
ID67758,0.32859385
ID67759,0.57735837
ID67760,0.30550957
ID67761,0.25355464
ID67762,0.0619561
ID67763,0.29381356
ID67764,0.63370275
ID67765,0.3354796
ID67766,0.41148618
ID67767,0.6296253
ID67768,0.40258813
ID67769,0.24070252
ID67770,0.08961575
ID67771,0.40909404
ID67772,0.21276735
ID67773,0.7260029
ID67774,0.47405082
ID67775,0.29432383
ID67776,0.31182155
ID67777,0.429685
ID67778,0.20184572
ID67779,0.7076095
ID67780,0.22597785
ID67781,0.560517
ID67782,0.0110826595
ID67783,0.354142
ID67784,0.7747327
ID67785,0.53226626
ID67786,0.3245991
ID67787,0.4088847
ID67788,0.47081602
ID67789,0.29242513
ID67790,0.6894849
ID67791,0.59603596
ID67792,0.3732276
ID67793,0.3075137
ID67794,0.29676694
ID67795,0.15458764
ID67796,0.2698071
ID67797,0.3776041
ID67798,0.5275607
ID67799,0.054795507
ID67800,0.42189893
ID67801,0.55020285
ID67802,0.13865016
ID67803,0.5417167
ID67804,0.09451637
ID67805,0.28276962
ID67806,0.5735776
ID67807,0.22439484
ID67808,0.4900871
ID67809,0.10411124
ID67810,0.38014767
ID67811,0.0056416597
ID67812,0.5219039
ID67813,0.4669779
ID67814,0.575944
ID67815,0.39560777
ID67816,0.62292874
ID67817,0.39284882
ID67818,0.6402611
ID67819,0.32160088
ID67820,0.23947248
ID67821,0.16377133
ID67822,0.660082
ID67823,0.252303
ID67824,0.202557
ID67825,0.3043042
ID67826,0.706115
ID67827,0.5034695
ID67828,0.17046939
ID67829,0.18501484
ID67830,0.4708275
ID67831,0.869074
ID67832,0.0920233
ID67833,0.0049058828
ID67834,0.20537911
ID67835,0.61971444
ID67836,0.5457029
ID67837,0.6136296
ID67838,0.043753844
ID67839,0.6612961
ID67840,0.4689537
ID67841,0.44939846
ID67842,0.6773432
ID67843,0.77525824
ID67844,0.56239206
ID67845,0.58737075
ID67846,0.6414195
ID67847,0.22424693
ID67848,0.32340425
ID67849,0.1900605
ID67850,0.2104966
ID67851,0.20124829
ID67852,0.56485087
ID67853,0.40709722
ID67854,0.6712897
ID67855,0.017028628
ID67856,0.6108896
ID67857,0.7101635
ID67858,0.6575251
ID67859,0.4368372
ID67860,0.54316264
ID67861,0.64832073
ID67862,0.16451304
ID67863,0.5342441
ID67864,0.14516042
ID67865,0.56831986
ID67866,0.31307524
ID67867,0.47753865
ID67868,0.47591558
ID67869,0.42453322
ID67870,0.63094103
ID67871,0.5233198
ID67872,0.31538865
ID67873,0.68544304
ID67874,0.18948638
ID67875,0.63700837
ID67876,0.42551583
ID67877,0.07549551
ID67878,0.59671754
ID67879,0.4860555
ID67880,0.5548242
ID67881,0.56882787
ID67882,0.62898195
ID67883,0.7744512
ID67884,0.43341255
ID67885,0.5005495
ID67886,0.6963589
ID67887,0.45073482
ID67888,0.46731496
ID67889,0.41800866
ID67890,0.6110106
ID67891,0.18045004
ID67892,0.46624494
ID67893,0.48325327
ID67894,0.61476123
ID67895,0.4024133
ID67896,0.5154573
ID67897,0.5653031
ID67898,0.7242249
ID67899,0.28830078
ID67900,0.58656555
ID67901,0.57689667
ID67902,0.61076117
ID67903,0.59465027
ID67904,0.045256328
ID67905,0.5224355
ID67906,0.6113189
ID67907,0.48350275
ID67908,0.3817778
ID67909,0.5738526
ID67910,0.3062515
ID67911,0.23993129
ID67912,0.77343786
ID67913,0.27582005
ID67914,0.6645629
ID67915,0.18687652
ID67916,0.17226765
ID67917,0.49718082
ID67918,0.28942108
ID67919,0.5639658
ID67920,0.42926618
ID67921,0.5785091
ID67922,0.5720047
ID67923,0.5764389
ID67924,0.4124269
ID67925,0.20697534
ID67926,0.45402798
ID67927,0.34933633
ID67928,0.361136
ID67929,0.19864544
ID67930,0.38011467
ID67931,0.5209776
ID67932,0.73472726
ID67933,0.06919846
ID67934,0.4238917
ID67935,0.38135028
ID67936,0.759429
ID67937,0.37959117
ID67938,0.44765726
ID67939,0.59888446
ID67940,0.38099557
ID67941,0.5253515
ID67942,0.48922956
ID67943,0.46356422
ID67944,0.5062325
ID67945,0.5151352
ID67946,0.22310235
ID67947,0.22839521
ID67948,0.52062714
ID67949,0.47649696
ID67950,0.18701722
ID67951,0.49037215
ID67952,0.046842106
ID67953,0.22681266
ID67954,0.14813629
ID67955,0.45936808
ID67956,0.542079
ID67957,0.36790836
ID67958,0.5031423
ID67959,0.6133276
ID67960,0.40218773
ID67961,0.24415451
ID67962,0.1876107
ID67963,0.20037918
ID67964,0.36434278
ID67965,0.6681512
ID67966,0.5218026
ID67967,0.60645217
ID67968,0.5304258
ID67969,0.52801067
ID67970,0.75148576
ID67971,0.6068357
ID67972,0.4630393
ID67973,0.3103019
ID67974,0.7580483
ID67975,0.110584505
ID67976,0.6256981
ID67977,0.6612261
ID67978,0.1954189
ID67979,0.5395422
ID67980,0.33737767
ID67981,0.35181913
ID67982,0.64062476
ID67983,0.5269064
ID67984,0.58311886
ID67985,0.31224328
ID67986,0.45333517
ID67987,0.29005587
ID67988,0.5728564
ID67989,0.6107679
ID67990,0.40806442
ID67991,0.17410426
ID67992,0.64137214
ID67993,0.3582562
ID67994,0.642779
ID67995,0.07299143
ID67996,0.6288873
ID67997,0.003958886
ID67998,0.24096826
ID67999,0.19419181
ID68000,0.093766704
ID68001,0.34992245
ID68002,0.41560027
ID68003,0.6633333
ID68004,0.6535904
ID68005,0.44621745
ID68006,0.5370385
ID68007,0.39158675
ID68008,0.6481409
ID68009,0.5800716
ID68010,0.3048807
ID68011,0.736344
ID68012,0.4856263
ID68013,0.18729803
ID68014,0.09921239
ID68015,0.11093832
ID68016,0.35610282
ID68017,0.5233759
ID68018,0.43605444
ID68019,0.22677523
ID68020,0.52966726
ID68021,0.60843974
ID68022,0.46031532
ID68023,0.15180619
ID68024,0.57823694
ID68025,0.16168702
ID68026,0.4785047
ID68027,0.10394429
ID68028,0.061908007
ID68029,0.09687239
ID68030,0.41348147
ID68031,0.5679611
ID68032,0.5409075
ID68033,0.2443428
ID68034,0.61309445
ID68035,0.63693595
ID68036,0.3167643
ID68037,0.63362855
ID68038,0.55332834
ID68039,0.27511698
ID68040,0.6279276
ID68041,0.5076736
ID68042,0.5962466
ID68043,0.32624546
ID68044,0.5497729
ID68045,0.3717218
ID68046,0.60051066
ID68047,0.4586059
ID68048,0.50933427
ID68049,0.5052585
ID68050,0.63505864
ID68051,0.136187
ID68052,0.609314
ID68053,0.06658017
ID68054,0.23938265
ID68055,0.33373004
ID68056,0.42985067
ID68057,0.6272926
ID68058,0.65498996
ID68059,0.19145803
ID68060,0.38948312
ID68061,0.31618336
ID68062,0.34702426
ID68063,0.54949045
ID68064,0.38867387
ID68065,0.44874638
ID68066,0.15760908
ID68067,0.77479964
ID68068,0.41073385
ID68069,0.23912396
ID68070,0.34082353
ID68071,0.5990469
ID68072,0.28832433
ID68073,0.6032678
ID68074,0.44718063
ID68075,0.51704735
ID68076,0.2773065
ID68077,0.46752352
ID68078,0.3153903
ID68079,0.06525263
ID68080,0.6357756
ID68081,0.55312717
ID68082,0.55846006
ID68083,0.65530515
ID68084,0.62672776
ID68085,0.3104346
ID68086,0.19525588
ID68087,0.5491747
ID68088,0.4263733
ID68089,0.54092306
ID68090,0.0692796
ID68091,0.5628875
ID68092,0.34254876
ID68093,0.20975128
ID68094,0.5008096
ID68095,0.27897993
ID68096,0.55357754
ID68097,0.2643185
ID68098,0.4309165
ID68099,0.31748194
ID68100,0.2607079
ID68101,0.5936512
ID68102,0.49009252
ID68103,0.49217114
ID68104,0.4206202
ID68105,0.41538262
ID68106,0.22298433
ID68107,0.5407226
ID68108,0.42640755
ID68109,0.2074483
ID68110,0.35592642
ID68111,0.4057257
ID68112,0.61150753
ID68113,0.5327391
ID68114,0.35002178
ID68115,0.2769588
ID68116,0.29743037
ID68117,0.4359923
ID68118,0.6552968
ID68119,0.16826712
ID68120,0.24675445
ID68121,0.2508863
ID68122,0.30547047
ID68123,0.63675153
ID68124,0.33047476
ID68125,0.2547946
ID68126,0.354698
ID68127,0.62533647
ID68128,0.2199029
ID68129,0.40909925
ID68130,0.20745036
ID68131,0.33681998
ID68132,0.413687
ID68133,0.5953146
ID68134,0.29076764
ID68135,0.6344654
ID68136,0.45464182
ID68137,0.3892445
ID68138,0.5845452
ID68139,0.5582906
ID68140,0.44552222
ID68141,0.6283439
ID68142,0.25467083
ID68143,0.6086321
ID68144,0.632138
ID68145,0.0855165
ID68146,0.36116925
ID68147,0.43747893
ID68148,0.59081864
ID68149,0.1758945
ID68150,0.36450067
ID68151,0.5052977
ID68152,0.5408098
ID68153,0.5813706
ID68154,0.27272832
ID68155,0.44948316
ID68156,0.58294123
ID68157,0.50007
ID68158,0.047371037
ID68159,0.5050665
ID68160,0.2650853
ID68161,0.1891344
ID68162,0.69981897
ID68163,0.12427544
ID68164,0.4938383
ID68165,0.5211719
ID68166,0.5333377
ID68167,0.6661096
ID68168,0.46880168
ID68169,0.37797713
ID68170,0.31245878
ID68171,0.35909662
ID68172,0.6237434
ID68173,0.085690655
ID68174,0.2773966
ID68175,0.62063813
ID68176,0.3807396
ID68177,0.16127484
ID68178,0.1627931
ID68179,0.6297795
ID68180,0.22822636
ID68181,0.59622824
ID68182,0.46354136
ID68183,0.19891825
ID68184,0.6085413
ID68185,0.28891972
ID68186,0.5649928
ID68187,0.44434744
ID68188,0.688312
ID68189,0.6186581
ID68190,0.29872522
ID68191,0.41468427
ID68192,0.59284127
ID68193,0.5938965
ID68194,0.6402878
ID68195,0.4748423
ID68196,0.03727444
ID68197,0.13264364
ID68198,0.4749492
ID68199,0.60679966
ID68200,0.6474142
ID68201,0.24015035
ID68202,0.6260482
ID68203,0.54908043
ID68204,0.36127222
ID68205,0.46339655
ID68206,0.64628327
ID68207,0.30471307
ID68208,0.2930875
ID68209,0.58837867
ID68210,0.32270405
ID68211,0.44518822
ID68212,0.027490627
ID68213,0.6103386
ID68214,0.1402042
ID68215,0.4811713
ID68216,0.5962279
ID68217,0.49563754
ID68218,0.38217673
ID68219,0.6548854
ID68220,0.39345187
ID68221,0.60540944
ID68222,0.64506304
ID68223,0.18700701
ID68224,0.5832993
ID68225,0.49862188
ID68226,0.23274706
ID68227,0.6051064
ID68228,0.31580588
ID68229,0.54074967
ID68230,0.34884137
ID68231,0.6253813
ID68232,0.046002857
ID68233,0.761025
ID68234,0.13987489
ID68235,0.64020026
ID68236,0.64869344
ID68237,0.64289427
ID68238,0.22110489
ID68239,0.5453466
ID68240,0.65201384
ID68241,0.2711221
ID68242,0.014177944
ID68243,0.46445405
ID68244,0.4555756
ID68245,0.3441967
ID68246,0.61268765
ID68247,0.3608928
ID68248,0.31822795
ID68249,0.58981085
ID68250,0.575761
ID68251,0.34979698
ID68252,0.6027316
ID68253,0.7927709
ID68254,0.5826979
ID68255,0.6122804
ID68256,0.33769068
ID68257,0.5232081
ID68258,0.65935427
ID68259,0.19440156
ID68260,0.18831249
ID68261,0.2936686
ID68262,0.054107737
ID68263,0.22912326
ID68264,0.52814347
ID68265,0.62155133
ID68266,0.6193216
ID68267,0.5318757
ID68268,0.1427425
ID68269,0.4422564
ID68270,0.2687073
ID68271,0.43844378
ID68272,0.42892882
ID68273,0.3588121
ID68274,0.3507472
ID68275,0.6517771
ID68276,0.17114669
ID68277,0.30166018
ID68278,0.56634986
ID68279,0.121320195
ID68280,0.073490985
ID68281,0.16369696
ID68282,0.184278
ID68283,0.2730275
ID68284,0.43580472
ID68285,0.543782
ID68286,0.6351676
ID68287,0.53967714
ID68288,0.2817255
ID68289,0.40813604
ID68290,0.3248732
ID68291,0.34645578
ID68292,0.49231508
ID68293,0.19176824
ID68294,0.4146665
ID68295,0.26103908
ID68296,0.4931495
ID68297,0.13457566
ID68298,0.76480365
ID68299,0.5342609
ID68300,0.19571885
ID68301,0.5478626
ID68302,0.5320757
ID68303,0.28384405
ID68304,0.15505917
ID68305,0.3976756
ID68306,0.57421285
ID68307,0.10745726
ID68308,0.649763
ID68309,0.6553605
ID68310,0.19889727
ID68311,0.10348648
ID68312,0.5028941
ID68313,0.7653641
ID68314,0.1538732
ID68315,0.5081447
ID68316,0.40171036
ID68317,0.55745405
ID68318,0.45646942
ID68319,0.34267548
ID68320,0.30331045
ID68321,0.31888643
ID68322,0.4152393
ID68323,0.49448338
ID68324,0.31400457
ID68325,0.5843473
ID68326,0.71888417
ID68327,0.34617293
ID68328,0.34458864
ID68329,0.57325333
ID68330,0.47060937
ID68331,0.32707345
ID68332,0.2616933
ID68333,0.27818716
ID68334,0.3879438
ID68335,0.62388563
ID68336,0.34706348
ID68337,0.74143195
ID68338,0.23862946
ID68339,0.3639884
ID68340,0.35049632
ID68341,0.18060347
ID68342,0.28276548
ID68343,0.3787001
ID68344,0.49536127
ID68345,0.2438702
ID68346,0.37835082
ID68347,0.445128
ID68348,0.16725871
ID68349,0.56033313
ID68350,0.6086646
ID68351,0.09609789
ID68352,0.3024678
ID68353,0.6595589
ID68354,0.24894089
ID68355,0.66536313
ID68356,0.15696725
ID68357,0.64555514
ID68358,0.7576474
ID68359,0.43335783
ID68360,0.5263086
ID68361,0.6216553
ID68362,0.6221434
ID68363,0.5149879
ID68364,0.6635524
ID68365,0.22249411
ID68366,0.54890126
ID68367,0.4917954
ID68368,0.097665004
ID68369,0.40371335
ID68370,0.1892661
ID68371,0.39872363
ID68372,0.40183255
ID68373,0.5448714
ID68374,0.56080884
ID68375,0.026572065
ID68376,0.6006488
ID68377,0.35755837
ID68378,0.64350057
ID68379,0.20596527
ID68380,0.3504135
ID68381,0.36955002
ID68382,0.25073692
ID68383,0.08053193
ID68384,0.5375537
ID68385,0.5086005
ID68386,0.48951507
ID68387,0.10414492
ID68388,0.5212842
ID68389,0.2530843
ID68390,0.433046
ID68391,0.31136137
ID68392,0.5685364
ID68393,0.5324315
ID68394,0.38483694
ID68395,0.3917155
ID68396,0.2770443
ID68397,0.6163869
ID68398,0.6445144
ID68399,0.39417216
ID68400,0.30303943
ID68401,0.43096155
ID68402,0.61558825
ID68403,0.61235595
ID68404,0.48069552
ID68405,0.33970207
ID68406,0.41528454
ID68407,0.6528105
ID68408,0.34549657
ID68409,0.13209924
ID68410,0.055165302
ID68411,0.62681997
ID68412,0.32547712
ID68413,0.56497145
ID68414,0.6315384
ID68415,0.39160755
ID68416,0.3617383
ID68417,0.59038883
ID68418,0.63402784
ID68419,0.42592123
ID68420,0.59407884
ID68421,0.7588093
ID68422,0.29848588
ID68423,0.24557637
ID68424,0.48543185
ID68425,0.6713324
ID68426,0.40931123
ID68427,0.51367915
ID68428,0.25159267
ID68429,0.46000162
ID68430,0.42584714
ID68431,0.291595
ID68432,0.505999
ID68433,0.5576666
ID68434,0.6184703
ID68435,0.2865723
ID68436,0.193986
ID68437,0.5346573
ID68438,0.40548286
ID68439,0.5174599
ID68440,0.24350972
ID68441,0.5357782
ID68442,0.6093221
ID68443,0.26549155
ID68444,0.47180596
ID68445,0.48281893
ID68446,0.04576823
ID68447,0.6380222
ID68448,0.6482204
ID68449,0.5502891
ID68450,0.571157
ID68451,0.2200564
ID68452,0.5039199
ID68453,0.31595606
ID68454,0.3510192
ID68455,0.62274176
ID68456,0.41582742
ID68457,0.31099275
ID68458,0.47878143
ID68459,0.19565508
ID68460,0.6595142
ID68461,0.51955235
ID68462,0.55615765
ID68463,0.39207092
ID68464,0.5033252
ID68465,0.50271666
ID68466,0.2706228
ID68467,0.2191927
ID68468,0.44128025
ID68469,0.6423666
ID68470,0.6595272
ID68471,0.12761933
ID68472,0.49503455
ID68473,0.32597163
ID68474,0.4774634
ID68475,0.42986706
ID68476,0.61402357
ID68477,0.54306585
ID68478,0.18223675
ID68479,0.65822613
ID68480,0.47180617
ID68481,0.37776485
ID68482,0.53438646
ID68483,0.3015488
ID68484,0.50549936
ID68485,0.5760034
ID68486,0.25407073
ID68487,0.58826375
ID68488,0.43595538
ID68489,0.21817125
ID68490,0.54022306
ID68491,0.6860251
ID68492,0.7739889
ID68493,0.46246463
ID68494,0.36278525
ID68495,0.6067129
ID68496,0.0029395728
ID68497,0.51834935
ID68498,0.40635288
ID68499,0.6741729
ID68500,0.31059268
ID68501,0.6933064
ID68502,0.073599964
ID68503,0.5434303
ID68504,0.20385228
ID68505,0.28931415
ID68506,0.57874423
ID68507,0.3662508
ID68508,0.1721156
ID68509,0.62453675
ID68510,0.6958099
ID68511,0.4289896
ID68512,0.48746434
ID68513,0.25552297
ID68514,0.39443868
ID68515,0.16284603
ID68516,0.6173794
ID68517,0.026121322
ID68518,0.46099192
ID68519,0.39037284
ID68520,0.41576764
ID68521,0.5165647
ID68522,0.43989992
ID68523,0.72557753
ID68524,0.07163829
ID68525,0.34086725
ID68526,0.16352913
ID68527,0.3050293
ID68528,0.673106
ID68529,0.087015286
ID68530,0.36951622
ID68531,0.5402535
ID68532,0.7051547
ID68533,0.5715958
ID68534,0.039174803
ID68535,0.68151087
ID68536,0.3587879
ID68537,0.36297727
ID68538,0.29215708
ID68539,0.45398197
ID68540,0.6118363
ID68541,0.41925213
ID68542,0.087875105
ID68543,0.6827968
ID68544,0.56168604
ID68545,0.57849324
ID68546,0.48472285
ID68547,0.29650858
ID68548,0.46317
ID68549,0.5457124
ID68550,0.37824756
ID68551,0.27969837
ID68552,0.49767807
ID68553,0.3306674
ID68554,0.64469534
ID68555,0.46759814
ID68556,0.16404745
ID68557,0.32095748
ID68558,0.03453874
ID68559,0.2577552
ID68560,0.3511975
ID68561,0.20860307
ID68562,0.6507662
ID68563,0.5168279
ID68564,0.5286665
ID68565,0.50320435
ID68566,0.3469169
ID68567,0.46310735
ID68568,0.65813684
ID68569,0.57978284
ID68570,0.5401127
ID68571,0.39927328
ID68572,0.45545432
ID68573,0.36696574
ID68574,0.48844472
ID68575,0.4589408
ID68576,0.22489561
ID68577,0.5777913
ID68578,0.6618708
ID68579,0.20120797
ID68580,0.6288623
ID68581,0.32929093
ID68582,0.81091666
ID68583,0.62725484
ID68584,0.19003916
ID68585,0.5319958
ID68586,0.56699175
ID68587,0.6002826
ID68588,0.41339996
ID68589,0.26143402
ID68590,0.19906959
ID68591,0.07258597
ID68592,0.09359536
ID68593,0.47626767
ID68594,0.5384226
ID68595,0.5467472
ID68596,0.33210328
ID68597,0.34115776
ID68598,0.32707548
ID68599,0.500981
ID68600,0.3426249
ID68601,0.12092252
ID68602,0.44920456
ID68603,0.22867867
ID68604,0.35946965
ID68605,0.40090123
ID68606,0.68957454
ID68607,0.3883814
ID68608,0.65887445
ID68609,0.14587843
ID68610,0.25610828
ID68611,0.52316123
ID68612,0.26293766
ID68613,0.38069907
ID68614,0.11197723
ID68615,0.6134955
ID68616,0.1525277
ID68617,0.50084496
ID68618,0.6430285
ID68619,0.13519737
ID68620,0.6290877
ID68621,0.57483
ID68622,0.49801698
ID68623,0.1464124
ID68624,0.16151348
ID68625,0.5554718
ID68626,0.5893067
ID68627,0.49758387
ID68628,0.47143304
ID68629,0.5084786
ID68630,0.6247884
ID68631,0.2572779
ID68632,0.5095805
ID68633,0.5830598
ID68634,0.2109849
ID68635,0.5273385
ID68636,0.37330475
ID68637,0.5140643
ID68638,0.46598232
ID68639,0.6771472
ID68640,0.27030882
ID68641,0.09359128
ID68642,0.5212239
ID68643,0.552345
ID68644,0.37698904
ID68645,0.04165774
ID68646,0.5001011
ID68647,0.17733432
ID68648,0.43775418
ID68649,0.4114507
ID68650,0.6770988
ID68651,0.38816157
ID68652,0.7022998
ID68653,0.08253031
ID68654,0.695398
ID68655,0.5086607
ID68656,0.53142124
ID68657,0.1705088
ID68658,0.48267013
ID68659,0.47448328
ID68660,0.37589085
ID68661,0.4826769
ID68662,0.2977149
ID68663,0.20584312
ID68664,0.4153157
ID68665,0.10986905
ID68666,0.32347754
ID68667,0.74670255
ID68668,0.19745436
ID68669,0.50790673
ID68670,0.3242107
ID68671,0.5779375
ID68672,0.4937768
ID68673,0.58080834
ID68674,0.23674504
ID68675,0.6406392
ID68676,0.45469046
ID68677,0.21646066
ID68678,0.5382022
ID68679,0.54984415
ID68680,0.13211314
ID68681,0.1382267
ID68682,0.61139935
ID68683,0.48083848
ID68684,0.37274185
ID68685,0.49675676
ID68686,0.5651394
ID68687,0.26652268
ID68688,0.45420074
ID68689,0.17223655
ID68690,0.16746852
ID68691,0.5686213
ID68692,0.21836995
ID68693,0.8046448
ID68694,0.25239384
ID68695,0.17703308
ID68696,0.56496644
ID68697,0.31451684
ID68698,0.619884
ID68699,0.3077512
ID68700,0.24742827
ID68701,0.43305618
ID68702,0.5046541
ID68703,0.24623165
ID68704,0.25368986
ID68705,0.26277933
ID68706,0.054694448
ID68707,0.5987877
ID68708,0.6753273
ID68709,0.2774088
ID68710,0.18861404
ID68711,0.45750776
ID68712,0.61863124
ID68713,0.059077047
ID68714,0.26115265
ID68715,0.62152195
ID68716,0.24114886
ID68717,0.5620866
ID68718,0.2577223
ID68719,0.10497877
ID68720,0.5938717
ID68721,0.40449348
ID68722,0.33694503
ID68723,0.11753676
ID68724,0.505459
ID68725,0.31893215
ID68726,0.34858635
ID68727,0.48068088
ID68728,0.5729576
ID68729,0.44639844
ID68730,0.6333497
ID68731,0.6941102
ID68732,0.12738219
ID68733,0.20363978
ID68734,0.57369393
ID68735,0.3713067
ID68736,0.19303845
ID68737,0.5518411
ID68738,0.5910007
ID68739,0.26073536
ID68740,0.2813915
ID68741,0.43049133
ID68742,0.3357274
ID68743,0.23843893
ID68744,0.46266446
ID68745,0.5088383
ID68746,0.2681531
ID68747,0.4660512
ID68748,0.5462709
ID68749,0.43916002
ID68750,0.34238365
ID68751,0.453477
ID68752,0.03282258
ID68753,0.2775247
ID68754,0.37144333
ID68755,0.28703612
ID68756,0.11113914
ID68757,0.6073581
ID68758,0.44968832
ID68759,0.42924806
ID68760,0.56338674
ID68761,0.53168315
ID68762,0.2688555
ID68763,0.6617039
ID68764,0.61037874
ID68765,0.2792436
ID68766,0.5944981
ID68767,0.76261854
ID68768,0.60464627
ID68769,0.61712956
ID68770,0.33126408
ID68771,0.7268884
ID68772,0.27142227
ID68773,0.19509079
ID68774,0.39322132
ID68775,0.6060998
ID68776,0.457173
ID68777,0.40590507
ID68778,0.51679546
ID68779,0.53888476
ID68780,0.5999061
ID68781,0.18105003
ID68782,0.1385294
ID68783,0.7487316
ID68784,0.15565483
ID68785,0.11556591
ID68786,0.41714707
ID68787,0.12063783
ID68788,0.48122963
ID68789,0.6686888
ID68790,0.18541554
ID68791,0.56302947
ID68792,0.2384558
ID68793,0.09196612
ID68794,0.62316257
ID68795,0.5173111
ID68796,0.39695835
ID68797,0.3143415
ID68798,0.05288249
ID68799,0.38211608
ID68800,0.033380944
ID68801,0.2236166
ID68802,0.4192774
ID68803,0.06931445
ID68804,0.7064128
ID68805,0.30286837
ID68806,0.48758832
ID68807,0.5927603
ID68808,0.5261055
ID68809,0.74918634
ID68810,0.47143167
ID68811,0.35560417
ID68812,0.5546795
ID68813,0.5450931
ID68814,0.3169628
ID68815,0.59934545
ID68816,0.62786865
ID68817,0.037297204
ID68818,0.3508879
ID68819,0.62106615
ID68820,0.5592359
ID68821,0.39873442
ID68822,0.21534625
ID68823,0.5886492
ID68824,0.078072935
ID68825,0.4670571
ID68826,0.23003787
ID68827,0.37294763
ID68828,0.16779126
ID68829,0.31326905
ID68830,0.5180848
ID68831,0.30790636
ID68832,0.4123604
ID68833,0.4239078
ID68834,0.6169593
ID68835,0.44229427
ID68836,0.3653535
ID68837,0.45261154
ID68838,0.5185958
ID68839,0.5879236
ID68840,0.20418403
ID68841,0.5022004
ID68842,0.48620343
ID68843,0.13881731
ID68844,0.60025924
ID68845,0.4900189
ID68846,0.19749135
ID68847,0.37856513
ID68848,0.60890853
ID68849,0.6280761
ID68850,0.2213037
ID68851,0.5980746
ID68852,0.5483041
ID68853,0.5438498
ID68854,0.42104477
ID68855,0.39972615
ID68856,0.26923734
ID68857,0.30976352
ID68858,0.45450866
ID68859,0.24626663
ID68860,0.312625
ID68861,0.644719
ID68862,0.68971354
ID68863,0.5190064
ID68864,0.1101065
ID68865,0.73050165
ID68866,0.12830468
ID68867,0.30987892
ID68868,0.41802716
ID68869,0.7268927
ID68870,0.56949043
ID68871,0.44589412
ID68872,0.321961
ID68873,0.46027982
ID68874,0.44920737
ID68875,0.63267076
ID68876,0.42361572
ID68877,0.14679283
ID68878,0.5959091
ID68879,0.6203392
ID68880,0.13123937
ID68881,0.53853035
ID68882,0.49492064
ID68883,0.74641436
ID68884,0.48366678
ID68885,0.1655258
ID68886,0.3720446
ID68887,0.7323921
ID68888,0.5539721
ID68889,0.26131633
ID68890,0.58158803
ID68891,0.19029301
ID68892,0.040460106
ID68893,0.23092543
ID68894,0.4404824
ID68895,0.30208814
ID68896,0.4605357
ID68897,0.13884561
ID68898,0.0729372
ID68899,0.43822965
ID68900,0.5564331
ID68901,0.27192965
ID68902,0.36329624
ID68903,0.34884474
ID68904,0.23403862
ID68905,0.07795109
ID68906,0.20547216
ID68907,0.64248997
ID68908,0.6439714
ID68909,0.49760824
ID68910,0.22520342
ID68911,0.6820102
ID68912,0.50869703
ID68913,0.2773721
ID68914,0.4699855
ID68915,0.27070832
ID68916,0.6958684
ID68917,0.5216854
ID68918,0.5639404
ID68919,0.6487017
ID68920,0.49725062
ID68921,0.48527762
ID68922,0.47821224
ID68923,0.25965118
ID68924,0.6203336
ID68925,0.73877144
ID68926,0.21740346
ID68927,0.120135196
ID68928,0.1440999
ID68929,0.30281082
ID68930,0.6090089
ID68931,0.59061754
ID68932,0.48392928
ID68933,0.17344338
ID68934,0.3261399
ID68935,0.449494
ID68936,0.13927685
ID68937,0.10481403
ID68938,0.042935766
ID68939,0.23957463
ID68940,0.50373805
ID68941,0.7011838
ID68942,0.5836969
ID68943,0.5454409
ID68944,0.42827505
ID68945,0.55702394
ID68946,0.0925635
ID68947,0.6215957
ID68948,0.43917686
ID68949,0.3629158
ID68950,0.27146482
ID68951,0.46415913
ID68952,0.46749127
ID68953,0.47761157
ID68954,0.05127535
ID68955,0.05687499
ID68956,0.7219216
ID68957,0.56006575
ID68958,0.48141465
ID68959,0.31301647
ID68960,0.3164341
ID68961,0.6466819
ID68962,0.49933463
ID68963,0.30336094
ID68964,0.4632416
ID68965,0.5356704
ID68966,0.22726811
ID68967,0.5668514
ID68968,0.33399564
ID68969,0.18575959
ID68970,0.19917017
ID68971,0.38789126
ID68972,0.43731958
ID68973,0.5515017
ID68974,0.3988257
ID68975,0.6363927
ID68976,0.59091073
ID68977,0.42920265
ID68978,0.4250362
ID68979,0.35750097
ID68980,0.605041
ID68981,0.60122323
ID68982,0.45697406
ID68983,0.6501571
ID68984,0.45000905
ID68985,0.75470245
ID68986,0.5441396
ID68987,0.29622906
ID68988,0.60046035
ID68989,0.56413233
ID68990,0.043687873
ID68991,0.23387933
ID68992,0.27974567
ID68993,0.4725897
ID68994,0.17723893
ID68995,0.6238754
ID68996,0.63446414
ID68997,0.5772668
ID68998,0.644496
ID68999,0.036631495
ID69000,0.2373763
ID69001,0.51497614
ID69002,0.0060810777
ID69003,0.48664638
ID69004,0.26610675
ID69005,0.7584882
ID69006,0.27130952
ID69007,0.42787993
ID69008,0.5428691
ID69009,0.1847201
ID69010,0.6296132
ID69011,0.66822803
ID69012,0.40945154
ID69013,0.6017118
ID69014,0.28544998
ID69015,0.18135978
ID69016,0.74326724
ID69017,0.6994173
ID69018,0.23152395
ID69019,0.40549493
ID69020,0.35447362
ID69021,0.07228555
ID69022,0.38042328
ID69023,0.39215976
ID69024,0.49360618
ID69025,0.5887516
ID69026,0.5545784
ID69027,0.73588985
ID69028,0.40971994
ID69029,0.8080226
ID69030,0.42356414
ID69031,0.5674038
ID69032,0.40384793
ID69033,0.5335597
ID69034,0.6980652
ID69035,0.5679992
ID69036,0.27648705
ID69037,0.5792408
ID69038,0.25811777
ID69039,0.46696064
ID69040,0.4218879
ID69041,0.4019292
ID69042,0.4775558
ID69043,0.63713044
ID69044,0.6495161
ID69045,0.54506886
ID69046,0.32835606
ID69047,0.36827326
ID69048,0.020763585
ID69049,0.4889842
ID69050,0.27015907
ID69051,0.13132529
ID69052,0.6271771
ID69053,0.62775975
ID69054,0.6014689
ID69055,0.43982828
ID69056,0.636519
ID69057,0.2970026
ID69058,0.5037833
ID69059,0.36766925
ID69060,0.061564606
ID69061,0.54743284
ID69062,0.43531784
ID69063,0.61129
ID69064,0.34661153
ID69065,0.4591444
ID69066,0.5932613
ID69067,0.7224752
ID69068,0.077583574
ID69069,0.6318159
ID69070,0.11470048
ID69071,0.2385162
ID69072,0.3130276
ID69073,0.53094524
ID69074,0.49774298
ID69075,0.38580963
ID69076,0.40128693
ID69077,0.57852954
ID69078,0.3396205
ID69079,0.1561133
ID69080,0.60145164
ID69081,0.5219176
ID69082,0.18360692
ID69083,0.2549841
ID69084,0.09776235
ID69085,0.5527461
ID69086,0.28608185
ID69087,0.4011637
ID69088,0.09835073
ID69089,0.5813489
ID69090,0.68041754
ID69091,0.3300338
ID69092,0.5064547
ID69093,0.53308886
ID69094,0.34737024
ID69095,0.17788096
ID69096,0.21091227
ID69097,0.5356156
ID69098,0.13350792
ID69099,0.08279014
ID69100,0.38550845
ID69101,0.47652873
ID69102,0.24103588
ID69103,0.15035816
ID69104,0.36604935
ID69105,0.5042155
ID69106,0.13347144
ID69107,0.3474657
ID69108,0.650983
ID69109,0.3038136
ID69110,0.39270973
ID69111,0.43953282
ID69112,0.5620284
ID69113,0.4324144
ID69114,0.39167863
ID69115,0.40618998
ID69116,0.6067151
ID69117,0.6976795
ID69118,0.23025063
ID69119,0.30193168
ID69120,0.64474666
ID69121,0.11515395
ID69122,0.396306
ID69123,0.6568057
ID69124,0.5148236
ID69125,0.6188874
ID69126,0.4641558
ID69127,0.57067525
ID69128,0.61068
ID69129,0.31166235
ID69130,0.7424318
ID69131,0.5536507
ID69132,0.29335576
ID69133,0.34237817
ID69134,0.1779941
ID69135,0.45430574
ID69136,0.08573172
ID69137,0.48272723
ID69138,0.32801953
ID69139,0.25510553
ID69140,0.5697047
ID69141,0.35447606
ID69142,0.17324482
ID69143,0.614956
ID69144,0.6876981
ID69145,0.6381736
ID69146,0.29978466
ID69147,0.255386
ID69148,0.31586736
ID69149,0.49264967
ID69150,0.59968126
ID69151,0.17349616
ID69152,0.6383949
ID69153,0.23882286
ID69154,0.6109693
ID69155,0.21691549
ID69156,0.3252114
ID69157,0.45152137
ID69158,0.11891355
ID69159,0.62922174
ID69160,0.18191569
ID69161,0.28725368
ID69162,0.08605525
ID69163,0.1183188
ID69164,0.34098703
ID69165,0.32602075
ID69166,0.56518286
ID69167,0.350448
ID69168,0.07640491
ID69169,0.14658369
ID69170,0.4705272
ID69171,0.4520564
ID69172,0.46069443
ID69173,0.005500054
ID69174,0.33066553
ID69175,0.39103755
ID69176,0.059968315
ID69177,0.5865337
ID69178,0.4722558
ID69179,0.57853943
ID69180,0.62510586
ID69181,0.23797728
ID69182,0.40437868
ID69183,0.27728975
ID69184,0.53748816
ID69185,0.33177054
ID69186,0.49397707
ID69187,0.5620692
ID69188,0.56598043
ID69189,0.40717915
ID69190,0.67639726
ID69191,0.5577234
ID69192,0.24623165
ID69193,0.41414058
ID69194,0.68336743
ID69195,0.11594465
ID69196,0.5324724
ID69197,0.49999106
ID69198,0.3571125
ID69199,0.35477507
ID69200,0.6313794
ID69201,0.61672
ID69202,0.42645812
ID69203,0.39678872
ID69204,0.38939264
ID69205,0.19964372
ID69206,0.57558966
ID69207,0.4773104
ID69208,0.30917636
ID69209,0.55307204
ID69210,0.30365497
ID69211,0.64087206
ID69212,0.3754635
ID69213,0.25428125
ID69214,0.2265072
ID69215,0.014378194
ID69216,0.1874919
ID69217,0.62066174
ID69218,0.09845912
ID69219,0.30881444
ID69220,0.6146761
ID69221,0.18039308
ID69222,0.5714943
ID69223,0.47272834
ID69224,0.166334
ID69225,0.17160681
ID69226,0.12550488
ID69227,0.15903644
ID69228,0.51024956
ID69229,0.18060347
ID69230,0.45588833
ID69231,0.16263598
ID69232,0.5677202
ID69233,0.47619343
ID69234,0.3848556
ID69235,0.20568047
ID69236,0.025494209
ID69237,0.40421408
ID69238,0.4629859
ID69239,0.4383535
ID69240,0.50131637
ID69241,0.57061523
ID69242,0.52272785
ID69243,0.45075306
ID69244,0.64888763
ID69245,0.6768276
ID69246,0.33833787
ID69247,0.2675749
ID69248,0.4436054
ID69249,0.67688453
ID69250,0.22158083
ID69251,0.49691266
ID69252,0.5380476
ID69253,0.15187849
ID69254,0.35576245
ID69255,0.6712042
ID69256,0.23055294
ID69257,0.64318335
ID69258,0.5777824
ID69259,0.5324415
ID69260,0.46918744
ID69261,0.701339
ID69262,0.42255294
ID69263,0.3491439
ID69264,0.3716814
ID69265,0.57162404
ID69266,0.42700312
ID69267,0.58807164
ID69268,0.6203313
ID69269,0.20372693
ID69270,0.280621
ID69271,0.5921447
ID69272,0.44704574
ID69273,0.100590855
ID69274,0.7372277
ID69275,0.49091557
ID69276,0.024818523
ID69277,0.4034749
ID69278,0.13621877
ID69279,0.36541033
ID69280,0.33953694
ID69281,0.41761363
ID69282,0.4903459
ID69283,0.5247725
ID69284,0.5437161
ID69285,0.58269763
ID69286,0.5538185
ID69287,0.4719684
ID69288,0.39022416
ID69289,0.1638717
ID69290,0.21681052
ID69291,0.6484996
ID69292,0.40598223
ID69293,0.6586989
ID69294,0.24194571
ID69295,0.43514484
ID69296,0.5148677
ID69297,0.4099871
ID69298,0.38832504
ID69299,0.10311757
ID69300,0.36363074
ID69301,0.733594
ID69302,0.6094735
ID69303,0.15095384
ID69304,0.15718374
ID69305,0.48961174
ID69306,0.46493313
ID69307,0.4950217
ID69308,0.61408156
ID69309,0.44630978
ID69310,0.32360917
ID69311,0.48758686
ID69312,0.34325287
ID69313,0.67332345
ID69314,0.2179698
ID69315,0.64343965
ID69316,0.5873587
ID69317,0.74472165
ID69318,0.41473413
ID69319,0.63537306
ID69320,0.6062081
ID69321,0.34981748
ID69322,0.40873936
ID69323,0.3148153
ID69324,0.6475708
ID69325,0.15719664
ID69326,0.4114003
ID69327,0.14333107
ID69328,0.49985275
ID69329,0.56318796
ID69330,0.5296155
ID69331,0.258293
ID69332,0.6081602
ID69333,0.3870753
ID69334,0.29474956
ID69335,0.3893075
ID69336,0.46714768
ID69337,0.41007504
ID69338,0.11977167
ID69339,0.69813854
ID69340,0.4132153
ID69341,0.57818687
ID69342,0.1472508
ID69343,0.49198672
ID69344,0.49855432
ID69345,0.5717432
ID69346,0.41767
ID69347,0.42422062
ID69348,0.52919114
ID69349,0.12867005
ID69350,0.07600975
ID69351,0.34191066
ID69352,0.2303978
ID69353,0.32684666
ID69354,0.61557615
ID69355,0.20464292
ID69356,0.50334764
ID69357,0.4956212
ID69358,0.28673276
ID69359,0.60008746
ID69360,0.181407
ID69361,0.5504927
ID69362,0.60717285
ID69363,0.34177628
ID69364,0.38696668
ID69365,0.39371672
ID69366,0.5729127
ID69367,0.5508447
ID69368,0.16902836
ID69369,0.50362766
ID69370,0.57455117
ID69371,0.35362646
ID69372,0.63171846
ID69373,0.38028756
ID69374,0.45125118
ID69375,0.31771046
ID69376,0.56017226
ID69377,0.5725183
ID69378,0.2462412
ID69379,0.40273958
ID69380,0.6276185
ID69381,0.30622905
ID69382,0.30338106
ID69383,0.60132295
ID69384,0.22761744
ID69385,0.44111058
ID69386,0.19895566
ID69387,0.6532423
ID69388,0.10332017
ID69389,0.42991975
ID69390,0.3450237
ID69391,0.58287513
ID69392,0.61028904
ID69393,0.17048562
ID69394,0.29826772
ID69395,0.5547474
ID69396,0.1689733
ID69397,0.13940898
ID69398,0.23129247
ID69399,0.40795365
ID69400,0.61292094
ID69401,0.23997603
ID69402,0.47361445
ID69403,0.4190686
ID69404,0.6150083
ID69405,0.2827665
ID69406,0.36320123
ID69407,0.29747492
ID69408,0.3370541
ID69409,0.57782227
ID69410,0.29615965
ID69411,0.015401438
ID69412,0.29943964
ID69413,0.22378847
ID69414,0.59408456
ID69415,0.08002048
ID69416,0.4717787
ID69417,0.6167557
ID69418,0.21255584
ID69419,0.48681054
ID69420,0.58038574
ID69421,0.21710983
ID69422,0.28923723
ID69423,0.41316533
ID69424,0.5082964
ID69425,0.3563534
ID69426,0.5731583
ID69427,0.48105294
ID69428,0.65703845
ID69429,0.24907196
ID69430,0.53200173
ID69431,0.58099204
ID69432,0.27861875
ID69433,0.14359304
ID69434,0.4728828
ID69435,0.29191646
ID69436,0.4607175
ID69437,0.14637557
ID69438,0.07346378
ID69439,0.36658952
ID69440,0.27899826
ID69441,0.38366494
ID69442,0.67002463
ID69443,0.18045865
ID69444,0.59636563
ID69445,0.28686848
ID69446,0.36853316
ID69447,0.13863842
ID69448,0.3873152
ID69449,0.46067813
ID69450,0.59528667
ID69451,0.34635136
ID69452,0.3736209
ID69453,0.44207573
ID69454,0.29394576
ID69455,0.54604733
ID69456,0.44058546
ID69457,0.33175042
ID69458,0.45284522
ID69459,0.3567563
ID69460,0.14898668
ID69461,0.29088843
ID69462,0.51698613
ID69463,0.39675155
ID69464,0.5216746
ID69465,0.21112365
ID69466,0.21414407
ID69467,0.73471135
ID69468,0.034142587
ID69469,0.25640318
ID69470,0.6806172
ID69471,0.23453933
ID69472,0.6810525
ID69473,0.14693911
ID69474,0.44059
ID69475,0.5419523
ID69476,0.3768411
ID69477,0.4370286
ID69478,0.7455993
ID69479,0.20100142
ID69480,0.045817573
ID69481,0.4612553
ID69482,0.34240413
ID69483,0.5586928
ID69484,0.046293806
ID69485,0.65283066
ID69486,0.3481488
ID69487,0.4732515
ID69488,0.35472512
ID69489,0.026760021
ID69490,0.5956664
ID69491,0.7476386
ID69492,0.7804605
ID69493,0.4143195
ID69494,0.31344122
ID69495,0.6595013
ID69496,0.3499368
ID69497,0.14251187
ID69498,0.48201793
ID69499,0.3605024
ID69500,0.45493704
ID69501,0.54216963
ID69502,0.28124124
ID69503,0.099168
ID69504,0.6201109
ID69505,0.5285771
ID69506,0.48778462
ID69507,0.16657981
ID69508,0.132492
ID69509,0.47169274
ID69510,0.5915236
ID69511,0.60526824
ID69512,0.07336254
ID69513,0.5182069
ID69514,0.22479819
ID69515,0.08184933
ID69516,0.58123857
ID69517,0.16621476
ID69518,0.2598803
ID69519,0.43858245
ID69520,0.51289254
ID69521,0.16739784
ID69522,0.5566265
ID69523,0.6236326
ID69524,0.44965678
ID69525,0.12413726
ID69526,0.30898172
ID69527,0.48574954
ID69528,0.022589492
ID69529,0.7160936
ID69530,0.38398936
ID69531,0.27623352
ID69532,0.5703106
ID69533,0.4810861
ID69534,0.05046758
ID69535,0.49192685
ID69536,0.14303277
ID69537,0.35460007
ID69538,0.55938554
ID69539,0.51951224
ID69540,0.29879802
ID69541,0.037383363
ID69542,0.4242899
ID69543,0.57812136
ID69544,0.5139235
ID69545,0.35085964
ID69546,0.6131178
ID69547,0.17887764
ID69548,0.29728156
ID69549,0.45745987
ID69550,0.5062011
ID69551,0.4411136
ID69552,0.4550415
ID69553,0.5053282
ID69554,0.44797254
ID69555,0.48486575
ID69556,0.19772835
ID69557,0.30656144
ID69558,0.35603073
ID69559,0.6784766
ID69560,0.5632028
ID69561,0.035263464
ID69562,0.62987655
ID69563,0.5850291
ID69564,0.2696524
ID69565,0.65449715
ID69566,0.3936308
ID69567,0.40217423
ID69568,0.5961156
ID69569,0.5052585
ID69570,0.28763118
ID69571,0.32258478
ID69572,0.5738794
ID69573,0.026210397
ID69574,0.29453903
ID69575,0.57704085
ID69576,0.014948532
ID69577,0.25622886
ID69578,0.25404233
ID69579,0.17022078
ID69580,0.3116128
ID69581,0.29946396
ID69582,0.77298564
ID69583,0.5698209
ID69584,0.628221
ID69585,0.17618214
ID69586,0.55399525
ID69587,0.5816241
ID69588,0.12872611
ID69589,0.6340265
ID69590,0.3714153
ID69591,0.23478866
ID69592,0.3104992
ID69593,0.53633076
ID69594,0.7558
ID69595,0.66301906
ID69596,0.26103112
ID69597,0.1112581
ID69598,0.52056247
ID69599,0.75984055
ID69600,0.5268372
ID69601,0.29207152
ID69602,0.08088483
ID69603,0.5245673
ID69604,0.06723387
ID69605,0.36200574
ID69606,0.16745079
ID69607,0.48299775
ID69608,0.5666898
ID69609,0.6224182
ID69610,0.61662966
ID69611,0.5155741
ID69612,0.2523916
ID69613,0.5546376
ID69614,0.613548
ID69615,0.051109232
ID69616,0.5588897
ID69617,0.3985177
ID69618,0.29350618
ID69619,0.46090403
ID69620,0.48638263
ID69621,0.4364662
ID69622,0.52095646
ID69623,0.4795937
ID69624,0.46443683
ID69625,0.24715428
ID69626,0.26964426
ID69627,0.26068282
ID69628,0.6163452
ID69629,0.11498424
ID69630,0.66862106
ID69631,0.68974483
ID69632,0.64478
ID69633,0.42407286
ID69634,0.45630863
ID69635,0.31316477
ID69636,0.34989563
ID69637,0.26280922
ID69638,0.44926625
ID69639,0.48358935
ID69640,0.49813887
ID69641,0.6441514
ID69642,0.5850934
ID69643,0.115461975
ID69644,0.56099373
ID69645,0.20150536
ID69646,0.3828433
ID69647,0.59367514
ID69648,0.45439205
ID69649,0.41309053
ID69650,0.40422773
ID69651,0.41791266
ID69652,0.3052895
ID69653,0.54890966
ID69654,0.6852052
ID69655,0.10844783
ID69656,0.5325652
ID69657,0.53968614
ID69658,0.16079107
ID69659,0.5462468
ID69660,0.5907507
ID69661,0.5064123
ID69662,0.54605055
ID69663,0.5815319
ID69664,0.054602403
ID69665,0.40528327
ID69666,0.40067306
ID69667,0.28720105
ID69668,0.3693953
ID69669,0.08349604
ID69670,0.34966344
ID69671,0.59838116
ID69672,0.4461783
ID69673,0.6232721
ID69674,0.29050267
ID69675,0.49848184
ID69676,0.25127894
ID69677,0.38226324
ID69678,0.230563
ID69679,0.35423207
ID69680,0.12406106
ID69681,0.6052716
ID69682,0.40754497
ID69683,0.41667274
ID69684,0.23835303
ID69685,0.27609766
ID69686,0.2481257
ID69687,0.48883614
ID69688,0.4351938
ID69689,0.37719136
ID69690,0.6660061
ID69691,0.16271777
ID69692,0.29478332
ID69693,0.08828911
ID69694,0.09651028
ID69695,0.42943838
ID69696,0.27597898
ID69697,0.58634526
ID69698,0.5963074
ID69699,0.52024984
ID69700,0.3881173
ID69701,0.4709725
ID69702,0.1301796
ID69703,0.15868777
ID69704,0.15895286
ID69705,0.4130995
ID69706,0.4577919
ID69707,0.6851695
ID69708,0.3895058
ID69709,0.25600144
ID69710,0.26956543
ID69711,0.5333307
ID69712,0.5238797
ID69713,0.35385248
ID69714,0.6004992
ID69715,0.09744769
ID69716,0.10176418
ID69717,0.3055004
ID69718,0.49027196
ID69719,0.65264416
ID69720,0.5842351
ID69721,0.37914723
ID69722,0.46454132
ID69723,0.3054391
ID69724,0.53335804
ID69725,0.5420286
ID69726,0.5709605
ID69727,0.43307075
ID69728,0.35061955
ID69729,0.31784493
ID69730,0.6423429
ID69731,0.33308327
ID69732,0.62086487
ID69733,0.021792537
ID69734,0.2433123
ID69735,0.4983242
ID69736,0.3376615
ID69737,0.46892643
ID69738,0.50782526
ID69739,0.59177697
ID69740,0.47540495
ID69741,0.339817
ID69742,0.54026693
ID69743,0.112842515
ID69744,0.52286404
ID69745,0.5113199
ID69746,0.08572021
ID69747,0.57745355
ID69748,0.502203
ID69749,0.6838427
ID69750,0.44672617
ID69751,0.33121783
ID69752,0.501539
ID69753,0.17844838
ID69754,0.20226946
ID69755,0.16482209
ID69756,0.18454328
ID69757,0.51041555
ID69758,0.04561148
ID69759,0.5861227
ID69760,0.68798244
ID69761,0.07083172
ID69762,0.57889795
ID69763,0.42967877
ID69764,0.24253425
ID69765,0.17486052
ID69766,0.47810525
ID69767,0.554754
ID69768,0.25719932
ID69769,0.26068702
ID69770,0.6072351
ID69771,0.27145013
ID69772,0.4521599
ID69773,0.38147354
ID69774,0.39933467
ID69775,0.08175232
ID69776,0.41233984
ID69777,0.3485023
ID69778,0.120743535
ID69779,0.13969721
ID69780,0.67839926
ID69781,0.117899805
ID69782,0.494318
ID69783,0.5131979
ID69784,0.16394877
ID69785,0.16172
ID69786,0.6029179
ID69787,0.4928315
ID69788,0.51949173
ID69789,0.6185837
ID69790,0.56008583
ID69791,0.2844472
ID69792,0.4811976
ID69793,0.3387213
ID69794,0.63442135
ID69795,0.47232175
ID69796,0.6131699
ID69797,0.6215035
ID69798,0.5517064
ID69799,0.74975884
ID69800,0.36676487
ID69801,0.3725452
ID69802,0.21926896
ID69803,0.60976017
ID69804,0.6673046
ID69805,0.36460268
ID69806,0.25259086
ID69807,0.36809152
ID69808,0.50124747
ID69809,0.48439896
ID69810,0.74445784
ID69811,0.62611413
ID69812,0.5523873
ID69813,0.5935877
ID69814,0.20737492
ID69815,0.6201696
ID69816,0.5409466
ID69817,0.4390721
ID69818,0.3408602
ID69819,0.34805262
ID69820,0.3241332
ID69821,0.3620885
ID69822,0.6035673
ID69823,0.29933524
ID69824,0.36567733
ID69825,0.08112337
ID69826,0.5897317
ID69827,0.5293646
ID69828,0.38576257
ID69829,0.43130997
ID69830,0.37858596
ID69831,0.7861978
ID69832,0.065610364
ID69833,0.53545475
ID69834,0.3373586
ID69835,0.36168587
ID69836,0.35236567
ID69837,0.6660379
ID69838,0.45583642
ID69839,0.74307066
ID69840,0.4994211
ID69841,0.3329945
ID69842,0.54617435
ID69843,0.2888224
ID69844,0.57317966
ID69845,0.34570873
ID69846,0.7234109
ID69847,0.45803547
ID69848,0.28097308
ID69849,0.37960306
ID69850,0.22358176
ID69851,0.4926481
ID69852,0.2528652
ID69853,0.6290161
ID69854,0.711918
ID69855,0.5505767
ID69856,0.33206797
ID69857,0.46073708
ID69858,0.11081382
ID69859,0.6257175
ID69860,0.5201654
ID69861,0.4796311
ID69862,0.44171408
ID69863,0.55229115
ID69864,0.24308944
ID69865,0.48318893
ID69866,0.3362447
ID69867,0.520847
ID69868,0.12750787
ID69869,0.7005429
ID69870,0.121062465
ID69871,0.49541286
ID69872,0.07330208
ID69873,0.2744636
ID69874,0.33442035
ID69875,0.13301769
ID69876,0.38170668
ID69877,0.57435066
ID69878,0.35566524
ID69879,0.7729497
ID69880,0.5100128
ID69881,0.11765547
ID69882,0.5933215
ID69883,0.43060902
ID69884,0.44760078
ID69885,0.40416992
ID69886,0.14638986
ID69887,0.4068111
ID69888,0.5533503
ID69889,0.5852436
ID69890,0.5480242
ID69891,0.38476482
ID69892,0.01449473
ID69893,0.43974403
ID69894,0.5946193
ID69895,0.098046534
ID69896,0.3443553
ID69897,0.18674153
ID69898,0.46693984
ID69899,0.6508892
ID69900,0.074812755
ID69901,0.6602547
ID69902,0.0899691
ID69903,0.38714835
ID69904,0.5158753
ID69905,0.39838302
ID69906,0.4308846
ID69907,0.4516404
ID69908,0.2150521
ID69909,0.5526151
ID69910,0.53973496
ID69911,0.25257155
ID69912,0.49122655
ID69913,0.3452306
ID69914,0.16436435
ID69915,0.4431427
ID69916,0.3912857
ID69917,0.52020186
ID69918,0.34912223
ID69919,0.30436787
ID69920,0.32103482
ID69921,0.64488894
ID69922,0.36224997
ID69923,0.54018986
ID69924,0.58564913
ID69925,0.5113554
ID69926,0.12052609
ID69927,0.5369748
ID69928,0.1535368
ID69929,0.71435106
ID69930,0.2034687
ID69931,0.5095548
ID69932,0.60885197
ID69933,0.22986916
ID69934,0.6007671
ID69935,0.73325557
ID69936,0.45805466
ID69937,0.46421924
ID69938,0.34477916
ID69939,0.6364493
ID69940,0.59487313
ID69941,0.41144434
ID69942,0.6348054
ID69943,0.10437538
ID69944,0.20716424
ID69945,0.52632034
ID69946,0.6212511
ID69947,0.26003814
ID69948,0.25003132
ID69949,0.47695413
ID69950,0.22931693
ID69951,0.6501105
ID69952,0.6478151
ID69953,0.61474943
ID69954,0.45580748
ID69955,0.56185186
ID69956,0.15275781
ID69957,0.6145367
ID69958,0.09402103
ID69959,0.53161395
ID69960,0.39616877
ID69961,0.5280907
ID69962,0.32277557
ID69963,0.5771827
ID69964,0.510454
ID69965,0.30128247
ID69966,0.5410551
ID69967,0.37567025
ID69968,0.42006335
ID69969,0.56907433
ID69970,0.2331021
ID69971,0.59392834
ID69972,0.5409126
ID69973,0.5368528
ID69974,0.5909804
ID69975,0.27267978
ID69976,0.6336445
ID69977,0.6745484
ID69978,0.40367332
ID69979,0.13964574
ID69980,0.4753429
ID69981,0.60076594
ID69982,0.35618415
ID69983,0.5679388
ID69984,0.50378716
ID69985,0.45440632
ID69986,0.45886087
ID69987,0.43968984
ID69988,0.42144626
ID69989,0.26592755
ID69990,0.29195005
ID69991,0.4646416
ID69992,0.5100854
ID69993,0.6769584
ID69994,0.4870345
ID69995,0.39288008
ID69996,0.12995996
ID69997,0.6898222
ID69998,0.12253436
ID69999,0.31929308
ID70000,0.66985965
ID70001,0.53455925
ID70002,0.4385596
ID70003,0.5137027
ID70004,0.37196073
ID70005,0.23436077
ID70006,0.28485593
ID70007,0.6220456
ID70008,0.5817379
ID70009,0.16011971
ID70010,0.5684688
ID70011,0.37217534
ID70012,0.24567027
ID70013,0.52740496
ID70014,0.5404194
ID70015,0.519537
ID70016,0.44527116
ID70017,0.59407884
ID70018,0.09659493
ID70019,0.21889658
ID70020,0.41511157
ID70021,0.740509
ID70022,0.60454637
ID70023,0.1806928
ID70024,0.59317833
ID70025,0.39128318
ID70026,0.45511892
ID70027,0.10253583
ID70028,0.068494156
ID70029,0.34378222
ID70030,0.46587476
ID70031,0.12672128
ID70032,0.50711614
ID70033,0.4379864
ID70034,0.48809445
ID70035,0.20489068
ID70036,0.1757057
ID70037,0.1717605
ID70038,0.34186667
ID70039,0.117805585
ID70040,0.72035056
ID70041,0.4591316
ID70042,0.16169563
ID70043,0.03212471
ID70044,0.6816946
ID70045,0.70130235
ID70046,0.131472
ID70047,0.4016399
ID70048,0.4876813
ID70049,0.38759282
ID70050,0.47458115
ID70051,0.6230566
ID70052,0.39534742
ID70053,0.25506362
ID70054,0.120827004
ID70055,0.21497717
ID70056,0.5691533
ID70057,0.62050486
ID70058,0.6053883
ID70059,0.5666585
ID70060,0.12869887
ID70061,0.68946064
ID70062,0.20257649
ID70063,0.008762854
ID70064,0.7256524
ID70065,0.6134092
ID70066,0.27264503
ID70067,0.48888683
ID70068,0.5410944
ID70069,0.08208967
ID70070,0.58140224
ID70071,0.5886743
ID70072,0.50478554
ID70073,0.2760274
ID70074,0.06907944
ID70075,0.409383
ID70076,0.33314094
ID70077,0.060658496
ID70078,0.013117288
ID70079,0.2527113
ID70080,0.46136853
ID70081,0.64106756
ID70082,0.7449299
ID70083,0.036204543
ID70084,0.56208044
ID70085,0.7885698
ID70086,0.5565247
ID70087,0.5847108
ID70088,0.18533799
ID70089,0.3084726
ID70090,0.7863266
ID70091,0.7082319
ID70092,0.45650747
ID70093,0.5033042
ID70094,0.60034794
ID70095,0.21646908
ID70096,0.2742395
ID70097,0.15942368
ID70098,0.36146033
ID70099,0.5530225
ID70100,0.2145962
ID70101,0.52636534
ID70102,0.6383407
ID70103,0.5112937
ID70104,0.5572686
ID70105,0.47983727
ID70106,0.5071424
ID70107,0.45263913
ID70108,0.31370145
ID70109,0.3921539
ID70110,0.687898
ID70111,0.1400792
ID70112,0.50539935
ID70113,0.6566861
ID70114,0.27843744
ID70115,0.32095078
ID70116,0.05117745
ID70117,0.14402646
ID70118,0.2907414
ID70119,0.06086158
ID70120,0.6710644
ID70121,0.45013192
ID70122,0.2706667
ID70123,0.3429776
ID70124,0.496252
ID70125,0.6833977
ID70126,0.45688885
ID70127,0.04572035
ID70128,0.3113858
ID70129,0.46295574
ID70130,0.004266243
ID70131,0.32554692
ID70132,0.3375556
ID70133,0.60448974
ID70134,0.31414357
ID70135,0.5516104
ID70136,0.31703514
ID70137,0.47536272
ID70138,0.41873696
ID70139,0.48624876
ID70140,0.38675898
ID70141,0.70314384
ID70142,0.3526086
ID70143,0.6414397
ID70144,0.77355784
ID70145,0.5924258
ID70146,0.6569458
ID70147,0.31628758
ID70148,0.51684904
ID70149,0.28514326
ID70150,0.6239197
ID70151,0.31808323
ID70152,0.5321643
ID70153,0.25573057
ID70154,0.5479293
ID70155,0.5190436
ID70156,0.55423874
ID70157,0.29048935
ID70158,0.6162835
ID70159,0.50468
ID70160,0.44568098
ID70161,0.15408221
ID70162,0.6224315
ID70163,0.28572085
ID70164,0.38056484
ID70165,0.4562745
ID70166,0.28849718
ID70167,0.16445374
ID70168,0.36832333
ID70169,0.59000796
ID70170,0.12925404
ID70171,0.33984563
ID70172,0.42638856
ID70173,0.5121064
ID70174,0.62835455
ID70175,0.653968
ID70176,0.10856693
ID70177,0.15191565
ID70178,0.4030038
ID70179,0.63180214
ID70180,0.50359696
ID70181,0.5066417
ID70182,0.2048855
ID70183,0.3210195
ID70184,0.51745385
ID70185,0.15696546
ID70186,0.42285654
ID70187,0.27435347
ID70188,0.39304653
ID70189,0.18230289
ID70190,0.5424957
ID70191,0.28923044
ID70192,0.6802061
ID70193,0.54217994
ID70194,0.63022786
ID70195,0.53038543
ID70196,0.3789797
ID70197,0.7257976
ID70198,0.15707107
ID70199,0.5937484
ID70200,0.54331994
ID70201,0.35211608
ID70202,0.47477502
ID70203,0.14776987
ID70204,0.30976415
ID70205,0.14608707
ID70206,0.51244605
ID70207,0.7323921
ID70208,0.49106753
ID70209,0.3600591
ID70210,0.51349837
ID70211,0.3735881
ID70212,0.8059521
ID70213,0.18552929
ID70214,0.3086904
ID70215,0.41134596
ID70216,0.58196664
ID70217,0.6650868
ID70218,0.607612
ID70219,0.067299664
ID70220,0.4110666
ID70221,0.3768795
ID70222,0.38969058
ID70223,0.5798151
ID70224,0.5800919
ID70225,0.6090036
ID70226,0.3408382
ID70227,0.76366067
ID70228,0.43511227
ID70229,0.4505227
ID70230,0.21098834
ID70231,0.5114454
ID70232,0.31677112
ID70233,0.5765714
ID70234,0.65518993
ID70235,0.556158
ID70236,0.5676025
ID70237,0.359513
ID70238,0.3818415
ID70239,0.6286172
ID70240,0.43508774
ID70241,0.42160183
ID70242,0.5468912
ID70243,0.1397418
ID70244,0.52118474
ID70245,0.5867809
ID70246,0.6268465
ID70247,0.38946474
ID70248,0.25499743
ID70249,0.28485033
ID70250,0.19203377
ID70251,0.5423976
ID70252,0.25842428
ID70253,0.59270835
ID70254,0.09183892
ID70255,0.54404837
ID70256,0.56298816
ID70257,0.3471207
ID70258,0.42888623
ID70259,0.20683634
ID70260,0.6420031
ID70261,0.2414004
ID70262,0.52726364
ID70263,0.61079115
ID70264,0.6355743
ID70265,0.5866692
ID70266,0.4871045
ID70267,0.29736447
ID70268,0.41709292
ID70269,0.5419676
ID70270,0.23058656
ID70271,0.7460875
ID70272,0.25342396
ID70273,0.69437283
ID70274,0.32073063
ID70275,0.35864213
ID70276,0.46902004
ID70277,0.08284673
ID70278,0.755762
ID70279,0.49496707
ID70280,0.42875355
ID70281,0.3069306
ID70282,0.543311
ID70283,0.3098885
ID70284,0.43826997
ID70285,0.62762
ID70286,0.36944202
ID70287,0.2867299
ID70288,0.14580385
ID70289,0.46244532
ID70290,0.23640673
ID70291,0.3124879
ID70292,0.61732787
ID70293,0.45414063
ID70294,0.59853435
ID70295,0.39335784
ID70296,0.29999757
ID70297,0.5242451
ID70298,0.23210365
ID70299,0.08136054
ID70300,0.59674764
ID70301,0.08035595
ID70302,0.56601197
ID70303,0.40359068
ID70304,0.17635597
ID70305,0.32677302
ID70306,0.59666187
ID70307,0.6527642
ID70308,0.19679207
ID70309,0.536497
ID70310,0.5845224
ID70311,0.51954955
ID70312,0.34514526
ID70313,0.44255254
ID70314,0.56594294
ID70315,0.5684918
ID70316,0.48427245
ID70317,0.14702538
ID70318,0.45339033
ID70319,0.40270463
ID70320,0.5429983
ID70321,0.49763155
ID70322,0.61415243
ID70323,0.26376554
ID70324,0.59054786
ID70325,0.14080274
ID70326,0.55078435
ID70327,0.39456874
ID70328,0.44764215
ID70329,0.39118183
ID70330,0.38272557
ID70331,0.32073063
ID70332,0.15411308
ID70333,0.20518933
ID70334,0.5435894
ID70335,0.2640036
ID70336,0.23255184
ID70337,0.15338792
ID70338,0.511306
ID70339,0.17228967
ID70340,0.39145103
ID70341,0.45546052
ID70342,0.3400567
ID70343,0.6491875
ID70344,0.33588144
ID70345,0.48318893
ID70346,0.51120013
ID70347,0.63710576
ID70348,0.637566
ID70349,0.29782456
ID70350,0.501541
ID70351,0.29605463
ID70352,0.045324437
ID70353,0.45162523
ID70354,0.6268684
ID70355,0.24634051
ID70356,0.53168577
ID70357,0.06412071
ID70358,0.5963963
ID70359,0.55566216
ID70360,0.66599506
ID70361,0.38839304
ID70362,0.38875574
ID70363,0.5353903
ID70364,0.6673913
ID70365,0.15857406
ID70366,0.36753955
ID70367,0.35776928
ID70368,0.4862625
ID70369,0.49952397
ID70370,0.4573229
ID70371,0.6366831
ID70372,0.20604612
ID70373,0.49034473
ID70374,0.5616699
ID70375,0.3689173
ID70376,0.12545912
ID70377,0.39094615
ID70378,0.08811205
ID70379,0.6590478
ID70380,0.1471075
ID70381,0.48772246
ID70382,0.07171487
ID70383,0.53076136
ID70384,0.28620446
ID70385,0.29977593
ID70386,0.58255327
ID70387,0.58298504
ID70388,0.55592334
ID70389,0.6149007
ID70390,0.26147878
ID70391,0.21385527
ID70392,0.43528515
ID70393,0.5654155
ID70394,0.16629542
ID70395,0.43549475
ID70396,0.04429523
ID70397,0.47008717
ID70398,0.5659786
ID70399,0.56607884
ID70400,0.5115434
ID70401,0.2842794
ID70402,0.4521478
ID70403,0.58364755
ID70404,0.43343782
ID70405,0.36286277
ID70406,0.6292086
ID70407,0.24388546
ID70408,0.16288064
ID70409,0.2978507
ID70410,0.3179972
ID70411,0.18056369
ID70412,0.4527617
ID70413,0.35867974
ID70414,0.20332772
ID70415,0.38537505
ID70416,0.3754499
ID70417,0.25081888
ID70418,0.2787997
ID70419,0.53438187
ID70420,0.19445297
ID70421,0.47346038
ID70422,0.3546212
ID70423,0.6387744
ID70424,0.40589273
ID70425,0.37124056
ID70426,0.33375937
ID70427,0.53608805
ID70428,0.6142683
ID70429,0.5507601
ID70430,0.64123595
ID70431,0.5782738
ID70432,0.01856749
ID70433,0.6632121
ID70434,0.55067354
ID70435,0.5715612
ID70436,0.34289002
ID70437,0.27343872
ID70438,0.34327027
ID70439,0.7753443
ID70440,0.36156794
ID70441,0.74714005
ID70442,0.65742797
ID70443,0.46239033
ID70444,0.15163706
ID70445,0.61731005
ID70446,0.3324402
ID70447,0.28270218
ID70448,0.23994361
ID70449,0.6624912
ID70450,0.5769237
ID70451,0.2459347
ID70452,0.4787034
ID70453,0.61591876
ID70454,0.21613063
ID70455,0.45571032
ID70456,0.5380885
ID70457,0.4616439
ID70458,0.49209538
ID70459,0.4287325
ID70460,0.428452
ID70461,0.086458094
ID70462,0.6577789
ID70463,0.7110493
ID70464,0.3299781
ID70465,0.058681924
ID70466,0.4095512
ID70467,0.19520995
ID70468,0.40562418
ID70469,0.5523865
ID70470,0.5885714
ID70471,0.33951408
ID70472,0.6511877
ID70473,0.08872952
ID70474,0.362946
ID70475,0.6770916
ID70476,0.23989464
ID70477,0.23590471
ID70478,0.084098145
ID70479,0.45533466
ID70480,0.022023521
ID70481,0.47543493
ID70482,0.12381978
ID70483,0.6904207
ID70484,0.32577386
ID70485,0.45235613
ID70486,0.40042648
ID70487,0.55318254
ID70488,0.60768414
ID70489,0.25107905
ID70490,0.44447422
ID70491,0.7089443
ID70492,0.5971704
ID70493,0.5276373
ID70494,0.31481734
ID70495,0.16208495
ID70496,0.62351596
ID70497,0.47424346
ID70498,0.5888056
ID70499,0.5519673
ID70500,0.614927
ID70501,0.2991626
ID70502,0.50233173
ID70503,0.16691665
ID70504,0.27631265
ID70505,0.088935666
ID70506,0.38957497
ID70507,0.6038834
ID70508,0.74653155
ID70509,0.36537647
ID70510,0.2730379
ID70511,0.31612968
ID70512,0.5639821
ID70513,0.56464577
ID70514,0.108684525
ID70515,0.37669864
ID70516,0.17830218
ID70517,0.16924083
ID70518,0.5016621
ID70519,0.60460454
ID70520,0.07469432
ID70521,0.087456346
ID70522,0.4381522
ID70523,0.26198575
ID70524,0.6802651
ID70525,0.5339096
ID70526,0.22976781
ID70527,0.5737449
ID70528,0.62940216
ID70529,0.22611979
ID70530,0.17753392
ID70531,0.607474
ID70532,0.5137949
ID70533,0.48672897
ID70534,0.11658661
ID70535,0.5692614
ID70536,0.44361585
ID70537,0.1310272
ID70538,0.23531191
ID70539,0.6335532
ID70540,0.39022416
ID70541,0.5944452
ID70542,0.31777287
ID70543,0.5052874
ID70544,0.37296572
ID70545,0.6101204
ID70546,0.082331985
ID70547,0.13039549
ID70548,0.6565093
ID70549,0.30965653
ID70550,0.252958
ID70551,0.54917157
ID70552,0.5999967
ID70553,0.628319
ID70554,0.5149378
ID70555,0.17726552
ID70556,0.59074116
ID70557,0.42864928
ID70558,0.40292802
ID70559,0.5483852
ID70560,0.56161964
ID70561,0.33233997
ID70562,0.5187032
ID70563,0.45645434
ID70564,0.4818798
ID70565,0.14695372
ID70566,0.34474346
ID70567,0.46466878
ID70568,0.3431691
ID70569,0.09190508
ID70570,0.384311
ID70571,0.32977766
ID70572,0.27770934
ID70573,0.19279093
ID70574,0.72391915
ID70575,0.626458
ID70576,0.5872867
ID70577,0.4721601
ID70578,0.30370486
ID70579,0.26400945
ID70580,0.3756152
ID70581,0.34227732
ID70582,0.6240308
ID70583,0.5903554
ID70584,0.2669013
ID70585,0.08436347
ID70586,0.55886155
ID70587,0.40972596
ID70588,0.48825803
ID70589,0.28519914
ID70590,0.5055656
ID70591,0.19313435
ID70592,0.46523878
ID70593,0.60960364
ID70594,0.5982689
ID70595,0.48987603
ID70596,0.6137835
ID70597,0.62808126
ID70598,0.5500482
ID70599,0.4847508
ID70600,0.43392533
ID70601,0.16223085
ID70602,0.5569408
ID70603,0.5290625
ID70604,0.36267203
ID70605,0.33550557
ID70606,0.1340997
ID70607,0.1868261
ID70608,0.6995966
ID70609,0.47158045
ID70610,0.21594214
ID70611,0.28925964
ID70612,0.644891
ID70613,0.61581635
ID70614,0.07137946
ID70615,0.6968739
ID70616,0.60877854
ID70617,0.31583035
ID70618,0.5901453
ID70619,0.66302925
ID70620,0.13025145
ID70621,0.43551633
ID70622,0.6821162
ID70623,0.23581083
ID70624,0.601822
ID70625,0.63138294
ID70626,0.6893697
ID70627,0.5364688
ID70628,0.12256461
ID70629,0.531861
ID70630,0.15777954
ID70631,0.44774374
ID70632,0.8024749
ID70633,0.40583798
ID70634,0.18850192
ID70635,0.56706434
ID70636,0.07266593
ID70637,0.5482586
ID70638,0.54527056
ID70639,0.4605612
ID70640,0.62368953
ID70641,0.2141707
ID70642,0.6781754
ID70643,0.55224955
ID70644,0.6476724
ID70645,0.69699883
ID70646,0.36215147
ID70647,0.32227412
ID70648,0.07720756
ID70649,0.31075034
ID70650,0.6448919
ID70651,0.6283642
ID70652,0.3862642
ID70653,0.44031873
ID70654,0.25743926
ID70655,0.6402343
ID70656,0.4603416
ID70657,0.38932487
ID70658,0.5775169
ID70659,0.6300228
ID70660,0.55176675
ID70661,0.607612
ID70662,0.07138362
ID70663,0.6126987
ID70664,0.6054258
ID70665,0.08106538
ID70666,0.3713053
ID70667,0.7032271
ID70668,0.6222274
ID70669,0.2986559
ID70670,0.5546354
ID70671,0.62400305
ID70672,0.3990791
ID70673,0.24171583
ID70674,0.3721605
ID70675,0.4689301
ID70676,0.6379955
ID70677,0.27884436
ID70678,0.5295019
ID70679,0.3598186
ID70680,0.6120957
ID70681,0.3519388
ID70682,0.27413645
ID70683,0.24988984
ID70684,0.3139076
ID70685,0.3354796
ID70686,0.46514443
ID70687,0.2549188
ID70688,0.2284433
ID70689,0.5095774
ID70690,0.22989355
ID70691,0.24761605
ID70692,0.26577216
ID70693,0.58226025
ID70694,0.60048103
ID70695,0.45256564
ID70696,0.515585
ID70697,0.38052115
ID70698,0.45412216
ID70699,0.087071486
ID70700,0.5143819
ID70701,0.15146506
ID70702,0.45654255
ID70703,0.51323634
ID70704,0.44741064
ID70705,0.2738096
ID70706,0.25028864
ID70707,0.3185886
ID70708,0.29711863
ID70709,0.5774594
ID70710,0.5559659
ID70711,0.26790792
ID70712,0.4626028
ID70713,0.5066836
ID70714,0.37186012
ID70715,0.15821142
ID70716,0.0983855
ID70717,0.042459074
ID70718,0.25823566
ID70719,0.5939221
ID70720,0.73044854
ID70721,0.4521364
ID70722,0.51989645
ID70723,0.26172155
ID70724,0.24512428
ID70725,0.7333869
ID70726,0.31816173
ID70727,0.4354587
ID70728,0.27490172
ID70729,0.42140228
ID70730,0.49059457
ID70731,0.5528075
ID70732,0.48182112
ID70733,0.62671363
ID70734,0.5904767
ID70735,0.34384957
ID70736,0.5264523
ID70737,0.5411986
ID70738,0.6369874
ID70739,0.2592759
ID70740,0.21221888
ID70741,0.09357072
ID70742,0.5812374
ID70743,0.24493654
ID70744,0.33135903
ID70745,0.20366904
ID70746,0.3397878
ID70747,0.68838394
ID70748,0.48922935
ID70749,0.3159069
ID70750,0.53236425
ID70751,0.7426882
ID70752,0.20886655
ID70753,0.5219146
ID70754,0.41445267
ID70755,0.28464517
ID70756,0.21774498
ID70757,0.32675496
ID70758,0.008765753
ID70759,0.3468671
ID70760,0.08142304
ID70761,0.35548794
ID70762,0.6329033
ID70763,0.19148143
ID70764,0.5861967
ID70765,0.35673803
ID70766,0.5910124
ID70767,0.605196
ID70768,0.3330117
ID70769,0.073161356
ID70770,0.46309698
ID70771,0.47841686
ID70772,0.27480406
ID70773,0.1920895
ID70774,0.5238675
ID70775,0.47575837
ID70776,0.026993372
ID70777,0.64119434
ID70778,0.51695484
ID70779,0.6426232
ID70780,0.5609406
ID70781,0.16167642
ID70782,0.7198261
ID70783,0.19467713
ID70784,0.4737487
ID70785,0.15113631
ID70786,0.3028118
ID70787,0.5840206
ID70788,0.6054753
ID70789,0.5713281
ID70790,0.5272034
ID70791,0.6218687
ID70792,0.5300803
ID70793,0.5991023
ID70794,0.6853279
ID70795,0.70141685
ID70796,0.7144445
ID70797,0.2925641
ID70798,0.5755332
ID70799,0.49887067
ID70800,0.28115934
ID70801,0.4599352
ID70802,0.5760439
ID70803,0.47155273
ID70804,0.56173724
ID70805,0.5343087
ID70806,0.40630293
ID70807,0.663398
ID70808,0.5646661
ID70809,0.4428247
ID70810,0.24208666
ID70811,0.33945435
ID70812,0.34096593
ID70813,0.53595835
ID70814,0.41154882
ID70815,0.71459997
ID70816,0.58493507
ID70817,0.54008406
ID70818,0.2772783
ID70819,0.7246978
ID70820,0.45720664
ID70821,0.6406647
ID70822,0.6172413
ID70823,0.68075305
ID70824,0.52036303
ID70825,0.40749338
ID70826,0.056708056
ID70827,0.39992175
ID70828,0.21732771
ID70829,0.009527002
ID70830,0.31065884
ID70831,0.39568007
ID70832,0.15853965
ID70833,0.39587128
ID70834,0.5708918
ID70835,0.35534167
ID70836,0.6467311
ID70837,0.2179019
ID70838,0.37409008
ID70839,0.48901322
ID70840,0.46687946
ID70841,0.2004097
ID70842,0.7763159
ID70843,0.5655119
ID70844,0.21099804
ID70845,0.5207938
ID70846,0.3034609
ID70847,0.47884884
ID70848,0.23243646
ID70849,0.4672383
ID70850,0.31703252
ID70851,0.46237028
ID70852,0.35464653
ID70853,0.21889468
ID70854,0.3347757
ID70855,0.6063917
ID70856,0.3430492
ID70857,0.45248917
ID70858,0.26601207
ID70859,0.2909059
ID70860,0.14046268
ID70861,0.5697127
ID70862,0.16776305
ID70863,0.64893764
ID70864,0.5316207
ID70865,0.5499343
ID70866,0.2741263
ID70867,0.44640836
ID70868,0.5373762
ID70869,0.46009296
ID70870,0.5914394
ID70871,0.60620767
ID70872,0.16985354
ID70873,0.5139491
ID70874,0.3983881
ID70875,0.41868615
ID70876,0.14068803
ID70877,0.5733351
ID70878,0.53867716
ID70879,0.65640324
ID70880,0.52189374
ID70881,0.27821377
ID70882,0.49982584
ID70883,0.20892176
ID70884,0.06460777
ID70885,0.55217427
ID70886,0.119383544
ID70887,0.057499208
ID70888,0.64110476
ID70889,0.15203509
ID70890,0.31908244
ID70891,0.56832415
ID70892,0.56032
ID70893,0.24350548
ID70894,0.050916616
ID70895,0.092319734
ID70896,0.6004392
ID70897,0.4488159
ID70898,0.34765208
ID70899,0.60348624
ID70900,0.5037364
ID70901,0.28739893
ID70902,0.37020412
ID70903,0.5597045
ID70904,0.5318214
ID70905,0.6707055
ID70906,0.5225139
ID70907,0.3103772
ID70908,0.6315961
ID70909,0.3045031
ID70910,0.58551764
ID70911,0.4917643
ID70912,0.2651006
ID70913,0.59447044
ID70914,0.6069907
ID70915,0.08316608
ID70916,0.55888456
ID70917,0.42269742
ID70918,0.21517068
ID70919,0.13927932
ID70920,0.44071153
ID70921,0.047267154
ID70922,0.35077068
ID70923,0.14748561
ID70924,0.30673158
ID70925,0.32095078
ID70926,0.615935
ID70927,0.21897049
ID70928,0.55632645
ID70929,0.46521547
ID70930,0.5691587
ID70931,0.5848807
ID70932,0.42536208
ID70933,0.32329294
ID70934,0.563895
ID70935,0.13366605
ID70936,0.508984
ID70937,0.43282437
ID70938,0.3815887
ID70939,0.6257671
ID70940,0.36758292
ID70941,0.45129585
ID70942,0.6682574
ID70943,0.3031556
ID70944,0.5056468
ID70945,0.105030105
ID70946,0.44563952
ID70947,0.25896847
ID70948,0.62117803
ID70949,0.40854305
ID70950,0.44325757
ID70951,0.30787757
ID70952,0.531823
ID70953,0.5634302
ID70954,0.45043328
ID70955,0.5230868
ID70956,0.4479241
ID70957,0.6033644
ID70958,0.5350849
ID70959,0.4202257
ID70960,0.08741392
ID70961,0.5677202
ID70962,0.15446405
ID70963,0.1777782
ID70964,0.77366096
ID70965,0.52654725
ID70966,0.33003762
ID70967,0.32107213
ID70968,0.5533338
ID70969,0.6538681
ID70970,0.44964877
ID70971,0.30138534
ID70972,0.78719646
ID70973,0.24185202
ID70974,0.3525807
ID70975,0.5620593
ID70976,0.30979756
ID70977,0.48505533
ID70978,0.5710025
ID70979,0.61643904
ID70980,0.47827637
ID70981,0.07788384
ID70982,0.15096892
ID70983,0.30709314
ID70984,0.56232595
ID70985,0.5640958
ID70986,0.17496407
ID70987,0.4457404
ID70988,0.47739285
ID70989,0.4471635
ID70990,0.55891144
ID70991,0.4593925
ID70992,0.57105446
ID70993,0.6017587
ID70994,0.32049862
ID70995,0.20158824
ID70996,0.49733347
ID70997,0.07055647
ID70998,0.5308035
ID70999,0.5157162
ID71000,0.5447904
ID71001,0.46828645
ID71002,0.46636343
ID71003,0.58310616
ID71004,0.6329034
ID71005,0.5529333
ID71006,0.27711564
ID71007,0.250718
ID71008,0.5214178
ID71009,0.3827305
ID71010,0.2977163
ID71011,0.43069646
ID71012,0.23537646
ID71013,0.33438137
ID71014,0.46585613
ID71015,0.662411
ID71016,0.15985943
ID71017,0.2832309
ID71018,0.44464552
ID71019,0.5493549
ID71020,0.27101186
ID71021,0.21251455
ID71022,0.42579138
ID71023,0.6447615
ID71024,0.25766918
ID71025,0.37387046
ID71026,0.38574576
ID71027,0.18134883
ID71028,0.07432411
ID71029,0.7219496
ID71030,0.5649529
ID71031,0.56269217
ID71032,0.57245016
ID71033,0.5097445
ID71034,0.4575183
ID71035,0.5114061
ID71036,0.3948795
ID71037,0.5201762
ID71038,0.5192602
ID71039,0.37221217
ID71040,0.37403676
ID71041,0.74572456
ID71042,0.46922722
ID71043,0.514496
ID71044,0.22685024
ID71045,0.31731382
ID71046,0.20291194
ID71047,0.28843164
ID71048,0.25260988
ID71049,0.1902489
ID71050,0.1513388
ID71051,0.52907616
ID71052,0.67346424
ID71053,0.59571165
ID71054,0.46212858
ID71055,0.4299938
ID71056,0.59252435
ID71057,0.5291676
ID71058,0.55516505
ID71059,0.5762352
ID71060,0.2915482
ID71061,0.59405196
ID71062,0.2575385
ID71063,0.4397749
ID71064,0.7034772
ID71065,0.34312838
ID71066,0.65837425
ID71067,0.6041626
ID71068,0.08492922
ID71069,0.47268167
ID71070,0.40333834
ID71071,0.2049736
ID71072,0.614267
ID71073,0.55882835
ID71074,0.6502675
ID71075,0.12811922
ID71076,0.5663007
ID71077,0.532581
ID71078,0.642788
ID71079,0.6639913
ID71080,0.42427003
ID71081,0.4451178
ID71082,0.54468215
ID71083,0.5989362
ID71084,0.5002068
ID71085,0.50879514
ID71086,0.22479881
ID71087,0.1749409
ID71088,0.14379855
ID71089,0.24704382
ID71090,0.60038286
ID71091,0.23453026
ID71092,0.20562954
ID71093,0.37103418
ID71094,0.5362277
ID71095,0.56942385
ID71096,0.12802532
ID71097,0.680479
ID71098,0.5904415
ID71099,0.20128645
ID71100,0.20697118
ID71101,0.62731564
ID71102,0.29289454
ID71103,0.38989964
ID71104,0.40789926
ID71105,0.44691142
ID71106,0.6298604
ID71107,0.7091915
ID71108,0.72771853
ID71109,0.4439723
ID71110,0.067533314
ID71111,0.6373983
ID71112,0.42630708
ID71113,0.63850504
ID71114,0.43635285
ID71115,0.62992346
ID71116,0.31911686
ID71117,0.7254091
ID71118,0.10878668
ID71119,0.11752114
ID71120,0.25264072
ID71121,0.4236967
ID71122,0.2194058
ID71123,0.44099516
ID71124,0.17622733
ID71125,0.46104395
ID71126,0.1300262
ID71127,0.68440753
ID71128,0.47944918
ID71129,0.22407347
ID71130,0.5301685
ID71131,0.4638392
ID71132,0.5856924
ID71133,0.5091596
ID71134,0.059677098
ID71135,0.53538996
ID71136,0.5631117
ID71137,0.63122874
ID71138,0.44949314
ID71139,0.5465678
ID71140,0.593211
ID71141,0.21582761
ID71142,0.7985155
ID71143,0.49880174
ID71144,0.6587795
ID71145,0.64822865
ID71146,0.1365224
ID71147,0.07867837
ID71148,0.22068463
ID71149,0.60908145
ID71150,0.5586369
ID71151,0.29551542
ID71152,0.6150034
ID71153,0.41620398
ID71154,0.4152188
ID71155,0.60245717
ID71156,0.6003313
ID71157,0.77320856
ID71158,0.40563914
ID71159,0.34956396
ID71160,0.407386
ID71161,0.624735
ID71162,0.7332255
ID71163,0.18991032
ID71164,0.41211373
ID71165,0.7690271
ID71166,0.23228092
ID71167,0.6495631
ID71168,0.7418587
ID71169,0.2874143
ID71170,0.55291826
ID71171,0.11505785
ID71172,0.5054636
ID71173,0.20213994
ID71174,0.016986042
ID71175,0.44689387
ID71176,0.3961427
ID71177,0.658847
ID71178,0.57457983
ID71179,0.2642458
ID71180,0.26876348
ID71181,0.21956518
ID71182,0.23319355
ID71183,0.4127671
ID71184,0.089559056
ID71185,0.068186276
ID71186,0.38304257
ID71187,0.6322269
ID71188,0.48256117
ID71189,0.48273802
ID71190,0.4193859
ID71191,0.12994137
ID71192,0.11088378
ID71193,0.5006729
ID71194,0.5297211
ID71195,0.57020223
ID71196,0.353266
ID71197,0.4972453
ID71198,0.42251328
ID71199,0.2764545
ID71200,0.22594778
ID71201,0.4696133
ID71202,0.3213421
ID71203,0.38837
ID71204,0.61577517
ID71205,0.19300637
ID71206,0.6454917
ID71207,0.34535977
ID71208,0.48935035
ID71209,0.39366457
ID71210,0.65642226
ID71211,0.05929989
ID71212,0.38220757
ID71213,0.5435594
ID71214,0.36858848
ID71215,0.52620363
ID71216,0.10992973
ID71217,0.44362274
ID71218,0.3725677
ID71219,0.1954906
ID71220,0.17748003
ID71221,0.59073895
ID71222,0.43427297
ID71223,0.52657956
ID71224,0.04395821
ID71225,0.50030243
ID71226,0.14775549
ID71227,0.55951273
ID71228,0.20626982
ID71229,0.47756788
ID71230,0.40866494
ID71231,0.123934105
ID71232,0.71825737
ID71233,0.26549426
ID71234,0.61753017
ID71235,0.6235505
ID71236,0.5980326
ID71237,0.37210873
ID71238,0.6035833
ID71239,0.1743386
ID71240,0.58653164
ID71241,0.05322014
ID71242,0.56235427
ID71243,0.5966023
ID71244,0.70770377
ID71245,0.6168394
ID71246,0.49324065
ID71247,0.22179826
ID71248,0.053444672
ID71249,0.51222205
ID71250,0.6057495
ID71251,0.51472664
ID71252,0.47273004
ID71253,0.48013952
ID71254,0.7379664
ID71255,0.48724517
ID71256,0.2674213
ID71257,0.5041393
ID71258,0.13479482
ID71259,0.53333
ID71260,0.67712426
ID71261,0.15447415
ID71262,0.20624955
ID71263,0.19120227
ID71264,0.60103136
ID71265,0.34464908
ID71266,0.62909275
ID71267,0.27334285
ID71268,0.28166345
ID71269,0.4270745
ID71270,0.2904174
ID71271,0.5437621
ID71272,0.62109894
ID71273,0.6600437
ID71274,0.056888662
ID71275,0.13870473
ID71276,0.025642177
ID71277,0.08922275
ID71278,0.61377835
ID71279,0.020952813
ID71280,0.2116493
ID71281,0.15048462
ID71282,0.46057838
ID71283,0.63365626
ID71284,0.2449359
ID71285,0.45821434
ID71286,0.15174614
ID71287,0.6342124
ID71288,0.53748816
ID71289,0.09597641
ID71290,0.23110259
ID71291,0.51916385
ID71292,0.37988272
ID71293,0.56939554
ID71294,0.52859825
ID71295,0.47851908
ID71296,0.47811478
ID71297,0.65095437
ID71298,0.22510718
ID71299,0.51933235
ID71300,0.3784979
ID71301,0.5976458
ID71302,0.51615703
ID71303,0.09168323
ID71304,0.5728543
ID71305,0.17814656
ID71306,0.44025588
ID71307,0.64075947
ID71308,0.36756164
ID71309,0.06173847
ID71310,0.5676023
ID71311,0.20519082
ID71312,0.618506
ID71313,0.71888363
ID71314,0.2965962
ID71315,0.49978653
ID71316,0.5444439
ID71317,0.63336664
ID71318,0.31813592
ID71319,0.5010594
ID71320,0.3150305
ID71321,0.37365353
ID71322,0.57158566
ID71323,0.49828333
ID71324,0.61102945
ID71325,0.6070763
ID71326,0.5709268
ID71327,0.5626802
ID71328,0.6333746
ID71329,0.7059605
ID71330,0.09326809
ID71331,0.43999395
ID71332,0.5496133
ID71333,0.5879516
ID71334,0.5682304
ID71335,0.6648017
ID71336,0.55642945
ID71337,0.57272416
ID71338,0.101033024
ID71339,0.5162288
ID71340,0.33598813
ID71341,0.2904481
ID71342,0.09784951
ID71343,0.26415154
ID71344,0.48236105
ID71345,0.36632526
ID71346,0.32512596
ID71347,0.40188083
ID71348,0.33417746
ID71349,0.5497166
ID71350,0.50162184
ID71351,0.1846218
ID71352,0.438358
ID71353,0.37064907
ID71354,0.53530294
ID71355,0.517513
ID71356,0.21832418
ID71357,0.54329556
ID71358,0.644815
ID71359,0.6266518
ID71360,0.5717984
ID71361,0.2853133
ID71362,0.31080148
ID71363,0.5189869
ID71364,0.4404943
ID71365,0.5545908
ID71366,0.11263628
ID71367,0.31713808
ID71368,0.5847291
ID71369,0.69016117
ID71370,0.558984
ID71371,0.33531037
ID71372,0.45556015
ID71373,0.35897353
ID71374,0.554485
ID71375,0.20417085
ID71376,0.27703673
ID71377,0.30290037
ID71378,0.13025564
ID71379,0.45425308
ID71380,0.6117372
ID71381,0.6278086
ID71382,0.47714
ID71383,0.42110798
ID71384,0.5666995
ID71385,0.6329903
ID71386,0.46845883
ID71387,0.66201854
ID71388,0.3154492
ID71389,0.54882014
ID71390,0.49887803
ID71391,0.5133619
ID71392,0.46191332
ID71393,0.0714287
ID71394,0.6600432
ID71395,0.28096852
ID71396,0.2865871
ID71397,0.35691598
ID71398,0.58407515
ID71399,0.55209047
ID71400,0.56475353
ID71401,0.34062663
ID71402,0.45101023
ID71403,0.30370674
ID71404,0.657359
ID71405,0.6141311
ID71406,0.31029892
ID71407,0.5968006
ID71408,0.4191365
ID71409,0.4503745
ID71410,0.05343488
ID71411,0.24218963
ID71412,0.40716192
ID71413,0.6837485
ID71414,0.07494148
ID71415,0.42443106
ID71416,0.54080844
ID71417,0.3480692
ID71418,0.48537746
ID71419,0.6700378
ID71420,0.54237616
ID71421,0.49128115
ID71422,0.3873724
ID71423,0.58648247
ID71424,0.48187438
ID71425,0.060572926
ID71426,0.62276477
ID71427,0.17902319
ID71428,0.23709959
ID71429,0.54437184
ID71430,0.2612064
ID71431,0.088838935
ID71432,0.61787045
ID71433,0.51623136
ID71434,0.64401984
ID71435,0.41626048
ID71436,0.5345737
ID71437,0.20870313
ID71438,0.49930146
ID71439,0.050355695
ID71440,0.6920846
ID71441,0.35245577
ID71442,0.30432054
ID71443,0.6407262
ID71444,0.632829
ID71445,0.6146271
ID71446,0.30277866
ID71447,0.48710665
ID71448,0.50778073
ID71449,0.12128514
ID71450,0.23800792
ID71451,0.55268294
ID71452,0.117082745
ID71453,0.6874521
ID71454,0.66040254
ID71455,0.7455804
ID71456,0.56396157
ID71457,0.6520395
ID71458,0.6447715
ID71459,0.5418571
ID71460,0.43478838
ID71461,0.2826961
ID71462,0.59251267
ID71463,0.30141765
ID71464,0.058039565
ID71465,0.11885647
ID71466,0.6366072
ID71467,0.3299417
ID71468,0.4282398
ID71469,0.42031646
ID71470,0.39792803
ID71471,0.6074625
ID71472,0.37157503
ID71473,0.7623726
ID71474,0.3971156
ID71475,0.6941131
ID71476,0.616585
ID71477,0.5553486
ID71478,0.29243377
ID71479,0.6297837
ID71480,0.34916368
ID71481,0.30177906
ID71482,0.08648857
ID71483,0.6574369
ID71484,0.5487961
ID71485,0.380027
ID71486,0.20401236
ID71487,0.11438645
ID71488,0.3178888
ID71489,0.061307486
ID71490,0.048264123
ID71491,0.57978284
ID71492,0.6064056
ID71493,0.13720201
ID71494,0.2690321
ID71495,0.39877713
ID71496,0.25723642
ID71497,0.16011558
ID71498,0.57131374
ID71499,0.31829682
ID71500,0.16980456
ID71501,0.27452677
ID71502,0.3590573
ID71503,0.33163345
ID71504,0.46168277
ID71505,0.39715046
ID71506,0.5465605
ID71507,0.3413325
ID71508,0.035855845
ID71509,0.55475456
ID71510,0.1064939
ID71511,0.20968421
ID71512,0.39866236
ID71513,0.37563732
ID71514,0.69857925
ID71515,0.05986607
ID71516,0.202012
ID71517,0.45377347
ID71518,0.6156431
ID71519,0.4236669
ID71520,0.30516812
ID71521,0.43340248
ID71522,0.4645249
ID71523,0.57937044
ID71524,0.7382132
ID71525,0.103719875
ID71526,0.32684848
ID71527,0.4309704
ID71528,0.42770103
ID71529,0.30700287
ID71530,0.47634992
ID71531,0.6096995
ID71532,0.5222817
ID71533,0.5860206
ID71534,0.27074748
ID71535,0.2795635
ID71536,0.4958452
ID71537,0.38999608
ID71538,0.25792843
ID71539,0.6252118
ID71540,0.60099936
ID71541,0.48581043
ID71542,0.3392771
ID71543,0.22228967
ID71544,0.2630928
ID71545,0.58200777
ID71546,0.3201202
ID71547,0.45189986
ID71548,0.19339465
ID71549,0.3272154
ID71550,0.57132596
ID71551,0.028551325
ID71552,0.6154694
ID71553,0.29706496
ID71554,0.40891072
ID71555,0.6364674
ID71556,0.3597956
ID71557,0.37375867
ID71558,0.5575992
ID71559,0.24928184
ID71560,0.46682698
ID71561,0.6430595
ID71562,0.50301194
ID71563,0.59184
ID71564,0.4033284
ID71565,0.3901803
ID71566,0.12043381
ID71567,0.23420323
ID71568,0.021302786
ID71569,0.5311881
ID71570,0.5373669
ID71571,0.6107071
ID71572,0.20482364
ID71573,0.3550905
ID71574,0.6317807
ID71575,0.1710857
ID71576,0.71563965
ID71577,0.4549012
ID71578,0.3806362
ID71579,0.43919203
ID71580,0.67422456
ID71581,0.64684844
ID71582,0.40528595
ID71583,0.13208622
ID71584,0.51949936
ID71585,0.3833525
ID71586,0.6258562
ID71587,0.37569034
ID71588,0.57952136
ID71589,0.5178948
ID71590,0.18357734
ID71591,0.5073401
ID71592,0.62074643
ID71593,0.60124975
ID71594,0.68548167
ID71595,0.5374735
ID71596,0.6419848
ID71597,0.21415603
ID71598,0.45046204
ID71599,0.6504625
ID71600,0.27708095
ID71601,0.24283925
ID71602,0.5645132
ID71603,0.29935932
ID71604,0.12856379
ID71605,0.5342376
ID71606,0.16001126
ID71607,0.5059749
ID71608,0.50729007
ID71609,0.55394065
ID71610,0.5133613
ID71611,0.4520568
ID71612,0.39592668
ID71613,0.51810837
ID71614,0.5514102
ID71615,0.5240106
ID71616,0.30161113
ID71617,0.23195931
ID71618,0.5639688
ID71619,0.5045788
ID71620,0.36736777
ID71621,0.2598084
ID71622,0.38141283
ID71623,0.1717106
ID71624,0.5003505
ID71625,0.5951908
ID71626,0.5617776
ID71627,0.1899237
ID71628,0.39657712
ID71629,0.5959361
ID71630,0.7379515
ID71631,0.5747384
ID71632,0.21888879
ID71633,0.29195094
ID71634,0.38858798
ID71635,0.6106267
ID71636,0.36717153
ID71637,0.16909494
ID71638,0.65570915
ID71639,0.24846612
ID71640,0.27694914
ID71641,0.6993343
ID71642,0.2556521
ID71643,0.6901448
ID71644,0.61524785
ID71645,0.3832913
ID71646,0.6667931
ID71647,0.36543873
ID71648,0.49980268
ID71649,0.4586467
ID71650,0.39652446
ID71651,0.58544576
ID71652,0.51183283
ID71653,0.3339801
ID71654,0.39145103
ID71655,0.32215616
ID71656,0.7381165
ID71657,0.15509531
ID71658,0.10712071
ID71659,0.6240754
ID71660,0.11923235
ID71661,0.5201832
ID71662,0.37153664
ID71663,0.36845872
ID71664,0.62815315
ID71665,0.30832088
ID71666,0.5286302
ID71667,0.45446658
ID71668,0.40429738
ID71669,0.19772762
ID71670,0.3553987
ID71671,0.569735
ID71672,0.3963509
ID71673,0.13259834
ID71674,0.5301926
ID71675,0.4860315
ID71676,0.07039156
ID71677,0.5629693
ID71678,0.42445973
ID71679,0.18822916
ID71680,0.7307967
ID71681,0.4068459
ID71682,0.3783412
ID71683,0.3794496
ID71684,0.39504966
ID71685,0.60213715
ID71686,0.6151707
ID71687,0.54775125
ID71688,0.08971028
ID71689,0.6408752
ID71690,0.2064074
ID71691,0.28276077
ID71692,0.682044
ID71693,0.36136746
ID71694,0.046691976
ID71695,0.5905183
ID71696,0.48122466
ID71697,0.7460031
ID71698,0.44345224
ID71699,0.6431249
ID71700,0.5843748
ID71701,0.28617567
ID71702,0.5190982
ID71703,0.27084467
ID71704,0.31938085
ID71705,0.6373983
ID71706,0.57484204
ID71707,0.105088815
ID71708,0.32155982
ID71709,0.61994165
ID71710,0.36920768
ID71711,0.49537805
ID71712,0.5758809
ID71713,0.23845825
ID71714,0.09681863
ID71715,0.64080787
ID71716,0.448447
ID71717,0.4837688
ID71718,0.5919543
ID71719,0.61615056
ID71720,0.37717587
ID71721,0.45623565
ID71722,0.13141945
ID71723,0.37614235
ID71724,0.44292098
ID71725,0.19860138
ID71726,0.2739028
ID71727,0.5127094
ID71728,0.6126196
ID71729,0.29287437
ID71730,0.6117949
ID71731,0.621975
ID71732,0.30571267
ID71733,0.2644789
ID71734,0.36560258
ID71735,0.5259079
ID71736,0.51505023
ID71737,0.27837858
ID71738,0.5584371
ID71739,0.6786721
ID71740,0.36467886
ID71741,0.111226946
ID71742,0.5186399
ID71743,0.14108604
ID71744,0.56359494
ID71745,0.5433584
ID71746,0.5546524
ID71747,0.5885154
ID71748,0.08546434
ID71749,0.5598566
ID71750,0.609984
ID71751,0.60491145
ID71752,0.358339
ID71753,0.20517476
ID71754,0.58108515
ID71755,0.56361663
ID71756,0.23424704
ID71757,0.566773
ID71758,0.62204355
ID71759,0.03978239
ID71760,0.32917285
ID71761,0.15853505
ID71762,0.51223403
ID71763,0.6912764
ID71764,0.54642504
ID71765,0.6615519
ID71766,0.2932185
ID71767,0.524738
ID71768,0.5291676
ID71769,0.6019995
ID71770,0.17109427
ID71771,0.26721266
ID71772,0.56367177
ID71773,0.34334552
ID71774,0.30689168
ID71775,0.14812315
ID71776,0.10564383
ID71777,0.2332913
ID71778,0.70835924
ID71779,0.5138877
ID71780,0.49400908
ID71781,0.25805625
ID71782,0.106529385
ID71783,0.44185472
ID71784,0.66866297
ID71785,0.61810225
ID71786,0.17449889
ID71787,0.24688278
ID71788,0.25898302
ID71789,0.45246613
ID71790,0.34048438
ID71791,0.42058536
ID71792,0.6369896
ID71793,0.45072824
ID71794,0.16025677
ID71795,0.55538476
ID71796,0.39183363
ID71797,0.10969276
ID71798,0.4870802
ID71799,0.47734386
ID71800,0.5534427
ID71801,0.5522011
ID71802,0.5732982
ID71803,0.5964518
ID71804,0.39159256
ID71805,0.5749727
ID71806,0.4774347
ID71807,0.4239829
ID71808,0.5065643
ID71809,0.504233
ID71810,0.5043637
ID71811,0.34856123
ID71812,0.19086711
ID71813,0.48720738
ID71814,0.50346965
ID71815,0.33978963
ID71816,0.4722589
ID71817,0.21848278
ID71818,0.32644236
ID71819,0.5711008
ID71820,0.39674395
ID71821,0.40818545
ID71822,0.37166327
ID71823,0.07864796
ID71824,0.22305268
ID71825,0.6561291
ID71826,0.15361252
ID71827,0.61137414
ID71828,0.59342
ID71829,0.37698606
ID71830,0.5441465
ID71831,0.45366967
ID71832,0.32174027
ID71833,0.23690835
ID71834,0.39849922
ID71835,0.116306745
ID71836,0.11316496
ID71837,0.36027917
ID71838,0.2867629
ID71839,0.45035416
ID71840,0.5415906
ID71841,0.38218793
ID71842,0.31166166
ID71843,0.5147766
ID71844,0.2793753
ID71845,0.48177066
ID71846,0.13862604
ID71847,0.55562884
ID71848,0.26563808
ID71849,0.35216
ID71850,0.52190375
ID71851,0.30404532
ID71852,0.13649407
ID71853,0.27335814
ID71854,0.29957923
ID71855,0.65018654
ID71856,0.5421118
ID71857,0.5449111
ID71858,0.65400904
ID71859,0.01995451
ID71860,0.53772974
ID71861,0.74197674
ID71862,0.08212408
ID71863,0.32820573
ID71864,0.3471991
ID71865,0.3175674
ID71866,0.58555514
ID71867,0.22734715
ID71868,0.6028744
ID71869,0.2821073
ID71870,0.29451302
ID71871,0.42250425
ID71872,0.23503129
ID71873,0.5416331
ID71874,0.19086766
ID71875,0.1428014
ID71876,0.6573056
ID71877,0.2750629
ID71878,0.61309963
ID71879,0.49995685
ID71880,0.4573001
ID71881,0.5243941
ID71882,0.58426213
ID71883,0.2572935
ID71884,0.31234056
ID71885,0.04428062
ID71886,0.61161065
ID71887,0.564661
ID71888,0.11770223
ID71889,0.77719766
ID71890,0.60026634
ID71891,0.49604014
ID71892,0.4828954
ID71893,0.39401883
ID71894,0.25207698
ID71895,0.46496007
ID71896,0.56849974
ID71897,0.49032032
ID71898,0.4090351
ID71899,0.27304313
ID71900,0.2678273
ID71901,0.52713263
ID71902,0.3211362
ID71903,0.27487412
ID71904,0.37040284
ID71905,0.4744922
ID71906,0.25501734
ID71907,0.5103308
ID71908,0.45039013
ID71909,0.3417292
ID71910,0.5934877
ID71911,0.5229551
ID71912,0.32980877
ID71913,0.11809065
ID71914,0.6053563
ID71915,0.44895965
ID71916,0.17734973
ID71917,0.6647628
ID71918,0.62439823
ID71919,0.3576771
ID71920,0.16996083
ID71921,0.2714748
ID71922,0.416556
ID71923,0.38276455
ID71924,0.44091782
ID71925,0.508622
ID71926,0.15316162
ID71927,0.46193656
ID71928,0.061348762
ID71929,0.49395972
ID71930,0.27919075
ID71931,0.3797469
ID71932,0.6561158
ID71933,0.45764026
ID71934,0.23626171
ID71935,0.4770706
ID71936,0.6160315
ID71937,0.31942868
ID71938,0.23417962
ID71939,0.45507383
ID71940,0.108826585
ID71941,0.4662746
ID71942,0.40001297
ID71943,0.553734
ID71944,0.35036564
ID71945,0.36899313
ID71946,0.23860526
ID71947,0.16919713
ID71948,0.47177023
ID71949,0.19725433
ID71950,0.34245804
ID71951,0.20181301
ID71952,0.57747704
ID71953,0.30574867
ID71954,0.5742475
ID71955,0.46360135
ID71956,0.5359111
ID71957,0.5122362
ID71958,0.73834735
ID71959,0.41700295
ID71960,0.6985028
ID71961,0.32911327
ID71962,0.13747159
ID71963,0.3745218
ID71964,0.6910442
ID71965,0.5482096
ID71966,0.40020356
ID71967,0.49941847
ID71968,0.5475144
ID71969,0.636115
ID71970,0.04907358
ID71971,0.3777385
ID71972,0.6517175
ID71973,0.6055965
ID71974,0.052162338
ID71975,0.6054602
ID71976,0.5294429
ID71977,0.5578844
ID71978,0.38044083
ID71979,0.2531646
ID71980,0.6325308
ID71981,0.5608939
ID71982,0.50430137
ID71983,0.10480766
ID71984,0.24850811
ID71985,0.66938305
ID71986,0.588035
ID71987,0.19820447
ID71988,0.48069
ID71989,0.2156044
ID71990,0.3667446
ID71991,0.10772708
ID71992,0.6325035
ID71993,0.15210958
ID71994,0.63583565
ID71995,0.59107584
ID71996,0.596798
ID71997,0.7339526
ID71998,0.5047201
ID71999,0.22188544
ID72000,0.41418222
ID72001,0.6343575
ID72002,0.7103317
ID72003,0.5745463
ID72004,0.305999
ID72005,0.58151585
ID72006,0.31172997
ID72007,0.32104203
ID72008,0.32095358
ID72009,0.39148575
ID72010,0.3039653
ID72011,0.53059846
ID72012,0.5712163
ID72013,0.62895197
ID72014,0.63526076
ID72015,0.26452154
ID72016,0.60768723
ID72017,0.22813192
ID72018,0.57466424
ID72019,0.58925337
ID72020,0.48380056
ID72021,0.011140131
ID72022,0.6294512
ID72023,0.31437674
ID72024,0.21791749
ID72025,0.60807294
ID72026,0.343852
ID72027,0.6185172
ID72028,0.6565476
ID72029,0.43085486
ID72030,0.5688872
ID72031,0.17617647
ID72032,0.30390212
ID72033,0.6277882
ID72034,0.6265888
ID72035,0.4709304
ID72036,0.39011747
ID72037,0.5716295
ID72038,0.5757975
ID72039,0.268053
ID72040,0.15087116
ID72041,0.2368712
ID72042,0.632045
ID72043,0.24265796
ID72044,0.14552906
ID72045,0.14037251
ID72046,0.5786549
ID72047,0.10441658
ID72048,0.52301204
ID72049,0.35217407
ID72050,0.6206389
ID72051,0.43583876
ID72052,0.6229602
ID72053,0.54162323
ID72054,0.57653934
ID72055,0.44734603
ID72056,0.43479374
ID72057,0.6322165
ID72058,0.25576252
ID72059,0.7537171
ID72060,0.5061644
ID72061,0.42593917
ID72062,0.43650055
ID72063,0.21096933
ID72064,0.20138733
ID72065,0.1907963
ID72066,0.23449486
ID72067,0.33105
ID72068,0.372927
ID72069,0.3025581
ID72070,0.09879324
ID72071,0.4468541
ID72072,0.28103864
ID72073,0.10990426
ID72074,0.1334909
ID72075,0.38302234
ID72076,0.610158
ID72077,0.26832208
ID72078,0.3790989
ID72079,0.33849514
ID72080,0.48427036
ID72081,0.3873832
ID72082,0.36382985
ID72083,0.4134788
ID72084,0.5151727
ID72085,0.5147672
ID72086,0.16453941
ID72087,0.6240938
ID72088,0.39345187
ID72089,0.5566622
ID72090,0.2138925
ID72091,0.4901018
ID72092,0.41653952
ID72093,0.61980546
ID72094,0.39200282
ID72095,0.5562669
ID72096,0.25269946
ID72097,0.10923029
ID72098,0.68503743
ID72099,0.059319634
ID72100,0.6439061
ID72101,0.3012948
ID72102,0.5920109
ID72103,0.2835176
ID72104,0.4192066
ID72105,0.2912602
ID72106,0.3384505
ID72107,0.513824
ID72108,0.20973635
ID72109,0.59946364
ID72110,0.36089393
ID72111,0.66345173
ID72112,0.32331043
ID72113,0.5672911
ID72114,0.24907172
ID72115,0.47510317
ID72116,0.41807884
ID72117,0.52445126
ID72118,0.67380345
ID72119,0.42095986
ID72120,0.6178261
ID72121,0.58870906
ID72122,0.42818078
ID72123,0.17107281
ID72124,0.111567624
ID72125,0.4471674
ID72126,0.42785102
ID72127,0.43238178
ID72128,0.5795491
ID72129,0.37706545
ID72130,0.29198787
ID72131,0.4090454
ID72132,0.48539993
ID72133,0.10151414
ID72134,0.46140227
ID72135,0.46781886
ID72136,0.5158671
ID72137,0.39575058
ID72138,0.1857855
ID72139,0.13012905
ID72140,0.6676933
ID72141,0.4985094
ID72142,0.46788785
ID72143,0.30270547
ID72144,0.53867906
ID72145,0.30694556
ID72146,0.53935254
ID72147,0.36746183
ID72148,0.27425194
ID72149,0.44834325
ID72150,0.27067596
ID72151,0.560377
ID72152,0.5534884
ID72153,0.47460842
ID72154,0.67000955
ID72155,0.7090155
ID72156,0.5642948
ID72157,0.39739537
ID72158,0.349047
ID72159,0.59786934
ID72160,0.13738255
ID72161,0.53734106
ID72162,0.07041757
ID72163,0.06773128
ID72164,0.49913076
ID72165,0.42073148
ID72166,0.15334539
ID72167,0.42367908
ID72168,0.59735096
ID72169,0.63403726
ID72170,0.5977596
ID72171,0.44806746
ID72172,0.17170382
ID72173,0.3573783
ID72174,0.6360354
ID72175,0.37798724
ID72176,0.6560828
ID72177,0.46907973
ID72178,0.3735131
ID72179,0.48391038
ID72180,0.5362615
ID72181,0.42844644
ID72182,0.29271665
ID72183,0.39409208
ID72184,0.1695241
ID72185,0.2483622
ID72186,0.30357745
ID72187,0.25979123
ID72188,0.046061445
ID72189,0.6415557
ID72190,0.39868665
ID72191,0.26918527
ID72192,0.382751
ID72193,0.4405211
ID72194,0.4403964
ID72195,0.6048692
ID72196,0.4052206
ID72197,0.6519095
ID72198,0.4117689
ID72199,0.21311559
ID72200,0.55450743
ID72201,0.40461364
ID72202,0.67735106
ID72203,0.13033938
ID72204,0.29402438
ID72205,0.061032448
ID72206,0.5700836
ID72207,0.44894367
ID72208,0.2849189
ID72209,0.16032359
ID72210,0.26573205
ID72211,0.45275858
ID72212,0.3545948
ID72213,0.32680354
ID72214,0.35289437
ID72215,0.43800026
ID72216,0.4207964
ID72217,0.37436128
ID72218,0.16115075
ID72219,0.46394172
ID72220,0.32970676
ID72221,0.38582674
ID72222,0.36153826
ID72223,0.43045887
ID72224,0.2025407
ID72225,0.5346999
ID72226,0.56090397
ID72227,0.28396907
ID72228,0.4820413
ID72229,0.42827436
ID72230,0.22853293
ID72231,0.56065
ID72232,0.4503375
ID72233,0.34975725
ID72234,0.4731382
ID72235,0.16256346
ID72236,0.47792444
ID72237,0.31777918
ID72238,0.39178795
ID72239,0.42000192
ID72240,0.3639092
ID72241,0.41558105
ID72242,0.5517014
ID72243,0.05940227
ID72244,0.36264274
ID72245,0.65607053
ID72246,0.21632035
ID72247,0.8104004
ID72248,0.25999427
ID72249,0.20065385
ID72250,0.55703956
ID72251,0.32635373
ID72252,0.17393987
ID72253,0.3962516
ID72254,0.58757067
ID72255,0.31461465
ID72256,0.44722927
ID72257,0.32553986
ID72258,0.51452136
ID72259,0.45024592
ID72260,0.48498583
ID72261,0.19170466
ID72262,0.32050866
ID72263,0.13254352
ID72264,0.33284667
ID72265,0.5561228
ID72266,0.5426381
ID72267,0.5919634
ID72268,0.37045714
ID72269,0.57496166
ID72270,0.22523886
ID72271,0.5267558
ID72272,0.6811342
ID72273,0.38254508
ID72274,0.3645135
ID72275,0.49006194
ID72276,0.40321937
ID72277,0.59733754
ID72278,0.53968614
ID72279,0.6596871
ID72280,0.5337582
ID72281,0.2361772
ID72282,0.12738179
ID72283,0.41919294
ID72284,0.57581675
ID72285,0.40242612
ID72286,0.15072864
ID72287,0.23890474
ID72288,0.69068694
ID72289,0.63723004
ID72290,0.35977483
ID72291,0.39594343
ID72292,0.16024847
ID72293,0.7722238
ID72294,0.57777613
ID72295,0.6170386
ID72296,0.50311786
ID72297,0.6033872
ID72298,0.13064128
ID72299,0.27531114
ID72300,0.5621114
ID72301,0.5969113
ID72302,0.3456307
ID72303,0.5719217
ID72304,0.0800586
ID72305,0.5134226
ID72306,0.16270427
ID72307,0.24457034
ID72308,0.2629121
ID72309,0.4557795
ID72310,0.61975497
ID72311,0.2278336
ID72312,0.6316572
ID72313,0.5236144
ID72314,0.5368278
ID72315,0.46950403
ID72316,0.6544083
ID72317,0.25706533
ID72318,0.3195706
ID72319,0.6064099
ID72320,0.5630319
ID72321,0.5235692
ID72322,0.5030305
ID72323,0.23438819
ID72324,0.17145132
ID72325,0.6140269
ID72326,0.5553941
ID72327,0.5219378
ID72328,0.47177023
ID72329,0.56880647
ID72330,0.5902711
ID72331,0.54233027
ID72332,0.26073268
ID72333,0.36303848
ID72334,0.5237595
ID72335,0.643428
ID72336,0.48018572
ID72337,0.60161483
ID72338,0.5651071
ID72339,0.106674284
ID72340,0.31166276
ID72341,0.29645234
ID72342,0.4296277
ID72343,0.66345173
ID72344,0.17243862
ID72345,0.48682323
ID72346,0.48451614
ID72347,0.42368242
ID72348,0.6783323
ID72349,0.31832385
ID72350,0.46871808
ID72351,0.4511572
ID72352,0.574572
ID72353,0.33795777
ID72354,0.52541625
ID72355,0.51447356
ID72356,0.11754619
ID72357,0.3109293
ID72358,0.26162577
ID72359,0.4370924
ID72360,0.53532887
ID72361,0.47063228
ID72362,0.48389152
ID72363,0.36471105
ID72364,0.5635562
ID72365,0.08778072
ID72366,0.704921
ID72367,0.3986208
ID72368,0.7006154
ID72369,0.26575625
ID72370,0.5704472
ID72371,0.5334374
ID72372,0.29471096
ID72373,0.3611542
ID72374,0.22967371
ID72375,0.53080696
ID72376,0.5501978
ID72377,0.27715734
ID72378,0.42925498
ID72379,0.1387586
ID72380,0.3922046
ID72381,0.44179484
ID72382,0.62884
ID72383,0.321217
ID72384,0.47760883
ID72385,0.4403652
ID72386,0.6730254
ID72387,0.46852687
ID72388,0.2834995
ID72389,0.5489086
ID72390,0.02657012
ID72391,0.07365714
ID72392,0.6006955
ID72393,0.38880837
ID72394,0.49319002
ID72395,0.4328764
ID72396,0.42337525
ID72397,0.06795854
ID72398,0.13642077
ID72399,0.7507612
ID72400,0.07170143
ID72401,0.39624727
ID72402,0.5971531
ID72403,0.13371576
ID72404,0.20533736
ID72405,0.16504107
ID72406,0.47334912
ID72407,0.44988126
ID72408,0.5204768
ID72409,0.6432486
ID72410,0.35289988
ID72411,0.07187967
ID72412,0.46321467
ID72413,0.5675006
ID72414,0.60217315
ID72415,0.18791111
ID72416,0.13631225
ID72417,0.15327635
ID72418,0.16908015
ID72419,0.581171
ID72420,0.44664788
ID72421,0.096472494
ID72422,0.093648024
ID72423,0.4759281
ID72424,0.49451265
ID72425,0.3746437
ID72426,0.22952701
ID72427,0.29400054
ID72428,0.39001915
ID72429,0.5338574
ID72430,0.24000256
ID72431,0.35889396
ID72432,0.21400082
ID72433,0.5040019
ID72434,0.26840675
ID72435,0.24035338
ID72436,0.14129338
ID72437,0.31203687
ID72438,0.6202614
ID72439,0.30591252
ID72440,0.23229024
ID72441,0.4585044
ID72442,0.42721024
ID72443,0.6120471
ID72444,0.527415
ID72445,0.36813048
ID72446,0.64664453
ID72447,0.67804384
ID72448,0.33447507
ID72449,0.5184604
ID72450,0.33665025
ID72451,0.16765924
ID72452,0.30230197
ID72453,0.45182768
ID72454,0.6172413
ID72455,0.62162787
ID72456,0.42802244
ID72457,0.3858473
ID72458,0.6169148
ID72459,0.49779812
ID72460,0.11915848
ID72461,0.34730944
ID72462,0.43684188
ID72463,0.67683196
ID72464,0.2857887
ID72465,0.48849988
ID72466,0.4723019
ID72467,0.11646238
ID72468,0.16670386
ID72469,0.3368413
ID72470,0.63549215
ID72471,0.38046023
ID72472,0.31950194
ID72473,0.4547037
ID72474,0.16094951
ID72475,0.5522294
ID72476,0.486731
ID72477,0.08961575
ID72478,0.04825602
ID72479,0.5496375
ID72480,0.30391654
ID72481,0.31328607
ID72482,0.265333
ID72483,0.4417659
ID72484,0.13344485
ID72485,0.28410977
ID72486,0.16097753
ID72487,0.76294816
ID72488,0.5427644
ID72489,0.37574258
ID72490,0.06701157
ID72491,0.6140751
ID72492,0.51372683
ID72493,0.42588165
ID72494,0.6399597
ID72495,0.5615261
ID72496,0.16660671
ID72497,0.42320684
ID72498,0.56153506
ID72499,0.6671264
ID72500,0.7261008
ID72501,0.1779381
ID72502,0.61868083
ID72503,0.1844378
ID72504,0.24796845
ID72505,0.5072307
ID72506,0.4788027
ID72507,0.6184173
ID72508,0.41707778
ID72509,0.4656289
ID72510,0.267425
ID72511,0.73461527
ID72512,0.52253944
ID72513,0.6074473
ID72514,0.45968542
ID72515,0.60719246
ID72516,0.511898
ID72517,0.14431678
ID72518,0.16439591
ID72519,0.34264097
ID72520,0.1657586
ID72521,0.55103004
ID72522,0.6349261
ID72523,0.3457995
ID72524,0.61543596
ID72525,0.57620525
ID72526,0.4781186
ID72527,0.18363461
ID72528,0.49297148
ID72529,0.47481748
ID72530,0.51081324
ID72531,0.35774243
ID72532,0.5563996
ID72533,0.36241958
ID72534,0.33546075
ID72535,0.58122593
ID72536,0.48735592
ID72537,0.3071096
ID72538,0.24094993
ID72539,0.04817301
ID72540,0.5647501
ID72541,0.34519598
ID72542,0.59603566
ID72543,0.2747619
ID72544,0.34829423
ID72545,0.52710027
ID72546,0.53169954
ID72547,0.36597332
ID72548,0.13647835
ID72549,0.55877453
ID72550,0.31694463
ID72551,0.38392788
ID72552,0.67267257
ID72553,0.21865915
ID72554,0.6273672
ID72555,0.31321207
ID72556,0.6325319
ID72557,0.20323911
ID72558,0.46594775
ID72559,0.2250862
ID72560,0.2887887
ID72561,0.34555006
ID72562,0.505899
ID72563,0.4301262
ID72564,0.59132403
ID72565,0.54903305
ID72566,0.16942722
ID72567,0.30674663
ID72568,0.5010419
ID72569,0.25705957
ID72570,0.71406084
ID72571,0.3918171
ID72572,0.48022693
ID72573,0.6952892
ID72574,0.4428145
ID72575,0.18812713
ID72576,0.27598494
ID72577,0.25986543
ID72578,0.5685567
ID72579,0.62071514
ID72580,0.32119545
ID72581,0.61930716
ID72582,0.34574816
ID72583,0.60291404
ID72584,0.46381807
ID72585,0.43943796
ID72586,0.17271717
ID72587,0.3100695
ID72588,0.1902081
ID72589,0.4136014
ID72590,0.63990766
ID72591,0.3771129
ID72592,0.2650688
ID72593,0.0020938173
ID72594,0.42840418
ID72595,0.5714679
ID72596,0.6370276
ID72597,0.6851079
ID72598,0.58043957
ID72599,0.40229994
ID72600,0.6477025
ID72601,0.5207225
ID72602,0.16056892
ID72603,0.16635208
ID72604,0.036501974
ID72605,0.029781802
ID72606,0.32503784
ID72607,0.2892682
ID72608,0.52951294
ID72609,0.62428916
ID72610,0.33458087
ID72611,0.2275662
ID72612,0.2974961
ID72613,0.46116915
ID72614,0.47750178
ID72615,0.009302925
ID72616,0.27664423
ID72617,0.704536
ID72618,0.55163866
ID72619,0.4075698
ID72620,0.532111
ID72621,0.20876998
ID72622,0.29675132
ID72623,0.082589306
ID72624,0.32811192
ID72625,0.64668816
ID72626,0.6251689
ID72627,0.5955247
ID72628,0.17546235
ID72629,0.58068204
ID72630,0.5117229
ID72631,0.05275007
ID72632,0.107059866
ID72633,0.6137882
ID72634,0.1808534
ID72635,0.22946256
ID72636,0.41948014
ID72637,0.31487828
ID72638,0.047866452
ID72639,0.045058135
ID72640,0.5317584
ID72641,0.5494663
ID72642,0.58395344
ID72643,0.51544887
ID72644,0.61942995
ID72645,0.32055843
ID72646,0.5471577
ID72647,0.6190168
ID72648,0.6374542
ID72649,0.16573915
ID72650,0.6825361
ID72651,0.6115562
ID72652,0.15025757
ID72653,0.38708982
ID72654,0.4985155
ID72655,0.60000104
ID72656,0.16072968
ID72657,0.51676995
ID72658,0.49130094
ID72659,0.43634546
ID72660,0.36445728
ID72661,0.49445996
ID72662,0.43594116
ID72663,0.06857853
ID72664,0.34826657
ID72665,0.425493
ID72666,0.409356
ID72667,0.6676051
ID72668,0.69388944
ID72669,0.50248903
ID72670,0.29523546
ID72671,0.445302
ID72672,0.63180923
ID72673,0.2529283
ID72674,0.422772
ID72675,0.24802643
ID72676,0.5830353
ID72677,0.16939785
ID72678,0.31653044
ID72679,0.30062342
ID72680,0.31698573
ID72681,0.27960113
ID72682,0.54417336
ID72683,0.5446236
ID72684,0.5011128
ID72685,0.5550925
ID72686,0.3092686
ID72687,0.14174569
ID72688,0.54806656
ID72689,0.5319681
ID72690,0.6649805
ID72691,0.5338348
ID72692,0.5660257
ID72693,0.5714567
ID72694,0.12250647
ID72695,0.45312506
ID72696,0.33485743
ID72697,0.25303784
ID72698,0.40936413
ID72699,0.5879682
ID72700,0.31541014
ID72701,0.5465938
ID72702,0.28867552
ID72703,0.6343253
ID72704,0.28992558
ID72705,0.4916014
ID72706,0.35121015
ID72707,0.45623034
ID72708,0.60293186
ID72709,0.3066909
ID72710,0.60132384
ID72711,0.23345444
ID72712,0.57678026
ID72713,0.5670568
ID72714,0.48534292
ID72715,0.55336547
ID72716,0.44897705
ID72717,0.22297575
ID72718,0.23639263
ID72719,0.76136816
ID72720,0.6749323
ID72721,0.63975686
ID72722,0.6052237
ID72723,0.17451228
ID72724,0.25449798
ID72725,0.3628404
ID72726,0.38578227
ID72727,0.42289236
ID72728,0.36091572
ID72729,0.5855291
ID72730,0.54431725
ID72731,0.35641104
ID72732,0.24260905
ID72733,0.21669073
ID72734,0.4548379
ID72735,0.14960228
ID72736,0.59546363
ID72737,0.5423895
ID72738,0.40581435
ID72739,0.52477354
ID72740,0.23674504
ID72741,0.43443236
ID72742,0.30814925
ID72743,0.4853185
ID72744,0.5253824
ID72745,0.23073474
ID72746,0.2677746
ID72747,0.5795043
ID72748,0.093215466
ID72749,0.3812269
ID72750,0.24391507
ID72751,0.7005225
ID72752,0.68337023
ID72753,0.08814257
ID72754,0.074670665
ID72755,0.485563
ID72756,0.4548893
ID72757,0.49110767
ID72758,0.20935294
ID72759,0.5034835
ID72760,0.09278586
ID72761,0.41075566
ID72762,0.5510175
ID72763,0.4239304
ID72764,0.25713646
ID72765,0.4777463
ID72766,0.39454302
ID72767,0.35670233
ID72768,0.33746693
ID72769,0.30599853
ID72770,0.1865321
ID72771,0.12855004
ID72772,0.51280516
ID72773,0.65457755
ID72774,0.3614266
ID72775,0.60491705
ID72776,0.3384215
ID72777,0.49774984
ID72778,0.70026857
ID72779,0.1470764
ID72780,0.6618686
ID72781,0.07974276
ID72782,0.4725065
ID72783,0.41271242
ID72784,0.13391532
ID72785,0.5697604
ID72786,0.59072685
ID72787,0.5325503
ID72788,0.31586775
ID72789,0.61464167
ID72790,0.4940558
ID72791,0.33039415
ID72792,0.24800816
ID72793,0.5989701
ID72794,0.5346128
ID72795,0.26599917
ID72796,0.6315402
ID72797,0.5993836
ID72798,0.07944721
ID72799,0.4437993
ID72800,0.11295513
ID72801,0.11329052
ID72802,0.30732355
ID72803,0.36471778
ID72804,0.051362116
ID72805,0.34993172
ID72806,0.1259004
ID72807,0.4853923
ID72808,0.033941112
ID72809,0.55150837
ID72810,0.24258274
ID72811,0.25355828
ID72812,0.5465218
ID72813,0.49101543
ID72814,0.083801635
ID72815,0.5738913
ID72816,0.4362054
ID72817,0.5620212
ID72818,0.19947167
ID72819,0.041728288
ID72820,0.22038028
ID72821,0.3182524
ID72822,0.47638142
ID72823,0.43019357
ID72824,0.6117181
ID72825,0.32775983
ID72826,0.10014413
ID72827,0.23225036
ID72828,0.6485116
ID72829,0.45804808
ID72830,0.6222594
ID72831,0.22581655
ID72832,0.29937717
ID72833,0.47190788
ID72834,0.3996581
ID72835,0.36320898
ID72836,0.2659638
ID72837,0.4866186
ID72838,0.6463449
ID72839,0.081497714
ID72840,0.32811806
ID72841,0.7393413
ID72842,0.5182102
ID72843,0.004272689
ID72844,0.1448234
ID72845,0.09870643
ID72846,0.3631282
ID72847,0.37189722
ID72848,0.6245981
ID72849,0.23452118
ID72850,0.4350137
ID72851,0.40605405
ID72852,0.47303063
ID72853,0.2929289
ID72854,0.42038316
ID72855,0.59319645
ID72856,0.5065564
ID72857,0.5273385
ID72858,0.28322944
ID72859,0.17100473
ID72860,0.41122696
ID72861,0.4154154
ID72862,0.582653
ID72863,0.026947355
ID72864,0.010137477
ID72865,0.21728648
ID72866,0.29394165
ID72867,0.5298357
ID72868,0.28848994
ID72869,0.24322431
ID72870,0.40025988
ID72871,0.6243041
ID72872,0.3835281
ID72873,0.27030885
ID72874,0.18543202
ID72875,0.5687497
ID72876,0.22953054
ID72877,0.14609036
ID72878,0.36065355
ID72879,0.43460768
ID72880,0.40175772
ID72881,0.1090925
ID72882,0.5351619
ID72883,0.56307805
ID72884,0.7667126
ID72885,0.5869965
ID72886,0.15025596
ID72887,0.2701871
ID72888,0.5208002
ID72889,0.427879
ID72890,0.5813071
ID72891,0.33945495
ID72892,0.5468978
ID72893,0.57753736
ID72894,0.449779
ID72895,0.6158155
ID72896,0.19214894
ID72897,0.4138308
ID72898,0.4306549
ID72899,0.2973726
ID72900,0.011813967
ID72901,0.4910031
ID72902,0.47222006
ID72903,0.5406997
ID72904,0.4829015
ID72905,0.585321
ID72906,0.6037321
ID72907,0.25766918
ID72908,0.6210205
ID72909,0.52829903
ID72910,0.6112655
ID72911,0.7265389
ID72912,0.2857911
ID72913,0.44937783
ID72914,0.6188807
ID72915,0.28848797
ID72916,0.6207102
ID72917,0.49136892
ID72918,0.5408069
ID72919,0.24179412
ID72920,0.2648383
ID72921,0.066953816
ID72922,0.2739092
ID72923,0.04125799
ID72924,0.20519462
ID72925,0.6183619
ID72926,0.45871764
ID72927,0.21270524
ID72928,0.41816962
ID72929,0.22753751
ID72930,0.20177817
ID72931,0.38318047
ID72932,0.5728777
ID72933,0.6049152
ID72934,0.19059035
ID72935,0.57905155
ID72936,0.29545736
ID72937,0.48863232
ID72938,0.21866015
ID72939,0.53374964
ID72940,0.5617842
ID72941,0.5468737
ID72942,0.42192182
ID72943,0.4384568
ID72944,0.55051804
ID72945,0.37470695
ID72946,0.4708922
ID72947,0.18538986
ID72948,0.66883504
ID72949,0.5157699
ID72950,0.46267885
ID72951,0.6138596
ID72952,0.13404384
ID72953,0.5977133
ID72954,0.7281038
ID72955,0.63605803
ID72956,0.008422924
ID72957,0.31436595
ID72958,0.32913312
ID72959,0.50130963
ID72960,0.5570949
ID72961,0.20453249
ID72962,0.29713845
ID72963,0.3012647
ID72964,0.5992314
ID72965,0.627089
ID72966,0.43221176
ID72967,0.34691742
ID72968,0.14102927
ID72969,0.24663872
ID72970,0.5633358
ID72971,0.25633428
ID72972,0.43659496
ID72973,0.5604333
ID72974,0.5508518
ID72975,0.5307934
ID72976,0.6170634
ID72977,0.5033122
ID72978,0.20112398
ID72979,0.17427145
ID72980,0.30188715
ID72981,0.69569
ID72982,0.5547529
ID72983,0.7567156
ID72984,0.6245452
ID72985,0.5276854
ID72986,0.6264428
ID72987,0.42449299
ID72988,0.43685457
ID72989,0.13041702
ID72990,0.45314905
ID72991,0.32196438
ID72992,0.41223902
ID72993,0.25912982
ID72994,0.33793774
ID72995,0.65554386
ID72996,0.48440298
ID72997,0.31407353
ID72998,0.4666125
ID72999,0.47416866
ID73000,0.31758866
ID73001,0.55170304
ID73002,0.11557511
ID73003,0.40430573
ID73004,0.3291741
ID73005,0.48687494
ID73006,0.46416175
ID73007,0.7394359
ID73008,0.50872386
ID73009,0.27526665
ID73010,0.39535958
ID73011,0.78423506
ID73012,0.2879968
ID73013,0.699254
ID73014,0.4081096
ID73015,0.08552977
ID73016,0.56759334
ID73017,0.60373914
ID73018,0.25591552
ID73019,0.11589579
ID73020,0.37415022
ID73021,0.25898093
ID73022,0.3368223
ID73023,0.56792784
ID73024,0.47364837
ID73025,0.61027473
ID73026,0.24033013
ID73027,0.6524101
ID73028,0.2786089
ID73029,0.41025385
ID73030,0.4290787
ID73031,0.36912355
ID73032,0.5459666
ID73033,0.52826554
ID73034,0.32732368
ID73035,0.2718661
ID73036,0.37725082
ID73037,0.588626
ID73038,0.5678477
ID73039,0.3509627
ID73040,0.29596213
ID73041,0.28551286
ID73042,0.0794925
ID73043,0.18391383
ID73044,0.30802283
ID73045,0.38934904
ID73046,0.49775255
ID73047,0.1711754
ID73048,0.56083864
ID73049,0.5206141
ID73050,0.19335012
ID73051,0.47485015
ID73052,0.14775081
ID73053,0.103739806
ID73054,0.49859953
ID73055,0.6029114
ID73056,0.09866502
ID73057,0.5811116
ID73058,0.34247237
ID73059,0.5557519
ID73060,0.23449408
ID73061,0.55844134
ID73062,0.41213107
ID73063,0.40229836
ID73064,0.48454738
ID73065,0.44287464
ID73066,0.55981356
ID73067,0.34983248
ID73068,0.68457925
ID73069,0.27804893
ID73070,0.08572533
ID73071,0.64809334
ID73072,0.15862456
ID73073,0.6115165
ID73074,0.5407753
ID73075,0.5818479
ID73076,0.13228591
ID73077,0.18322617
ID73078,0.4380832
ID73079,0.34682146
ID73080,0.440068
ID73081,0.12867343
ID73082,0.184283
ID73083,0.058681924
ID73084,0.5051343
ID73085,0.25054327
ID73086,0.6032152
ID73087,0.5717596
ID73088,0.57464975
ID73089,0.29333732
ID73090,0.53435886
ID73091,0.63828635
ID73092,0.45761818
ID73093,0.0032241282
ID73094,0.19601412
ID73095,0.45997006
ID73096,0.56267005
ID73097,0.56959563
ID73098,0.46036857
ID73099,0.27140847
ID73100,0.49261126
ID73101,0.12589984
ID73102,0.46036297
ID73103,0.60963565
ID73104,0.36762294
ID73105,0.46161306
ID73106,0.54081666
ID73107,0.4511738
ID73108,0.10256618
ID73109,0.20900388
ID73110,0.39018568
ID73111,0.42619556
ID73112,0.3106643
ID73113,0.3557159
ID73114,0.28731537
ID73115,0.5418625
ID73116,0.4414359
ID73117,0.4132153
ID73118,0.63984036
ID73119,0.53881544
ID73120,0.56972456
ID73121,0.4225492
ID73122,0.64434445
ID73123,0.36586526
ID73124,0.44519746
ID73125,0.4131455
ID73126,0.1783049
ID73127,0.33378923
ID73128,0.48087728
ID73129,0.5404393
ID73130,0.10234546
ID73131,0.2924918
ID73132,0.6025646
ID73133,0.28621867
ID73134,0.44615346
ID73135,0.47263628
ID73136,0.46466354
ID73137,0.61167055
ID73138,0.51191545
ID73139,0.40464
ID73140,0.19755544
ID73141,0.36196765
ID73142,0.5841293
ID73143,0.61338043
ID73144,0.22062643
ID73145,0.5808452
ID73146,0.53324324
ID73147,0.5857692
ID73148,0.42915294
ID73149,0.34715363
ID73150,0.56459874
ID73151,0.6262132
ID73152,0.44270003
ID73153,0.42604986
ID73154,0.7168657
ID73155,0.5488934
ID73156,0.07209569
ID73157,0.31631437
ID73158,0.5324508
ID73159,0.43636757
ID73160,0.46409613
ID73161,0.36323497
ID73162,0.2849707
ID73163,0.22050397
ID73164,0.14666408
ID73165,0.33217314
ID73166,0.33615845
ID73167,0.6150994
ID73168,0.52089757
ID73169,0.52975214
ID73170,0.35318586
ID73171,0.64473677
ID73172,0.39314112
ID73173,0.4878182
ID73174,0.45272166
ID73175,0.5637553
ID73176,0.6312814
ID73177,0.65729326
ID73178,0.49519217
ID73179,0.2688464
ID73180,0.5768594
ID73181,0.56157327
ID73182,0.6284006
ID73183,0.56195885
ID73184,0.34392983
ID73185,0.48249558
ID73186,0.19266301
ID73187,0.5912978
ID73188,0.21578662
ID73189,0.36748737
ID73190,0.08126198
ID73191,0.59544516
ID73192,0.4534615
ID73193,0.5886436
ID73194,0.57895863
ID73195,0.73100615
ID73196,0.24665052
ID73197,0.49590865
ID73198,0.63473505
ID73199,0.11076496
ID73200,0.5948177
ID73201,0.5234772
ID73202,0.32500163
ID73203,0.4358591
ID73204,0.26104385
ID73205,0.5873501
ID73206,0.65054715
ID73207,0.23119523
ID73208,0.32624
ID73209,0.031380247
ID73210,0.14477201
ID73211,0.109721005
ID73212,0.5839501
ID73213,0.60493845
ID73214,0.25658235
ID73215,0.41877344
ID73216,0.73384655
ID73217,0.47822937
ID73218,0.61383
ID73219,0.49176276
ID73220,0.3484221
ID73221,0.33841547
ID73222,0.45260298
ID73223,0.16083479
ID73224,0.0035003484
ID73225,0.38867328
ID73226,0.5967659
ID73227,0.6206157
ID73228,0.44425642
ID73229,0.5833558
ID73230,0.48004594
ID73231,0.073454775
ID73232,0.14558798
ID73233,0.5594247
ID73234,0.49577147
ID73235,0.55002654
ID73236,0.39598185
ID73237,0.50758505
ID73238,0.584911
ID73239,0.48826492
ID73240,0.6108693
ID73241,0.3513587
ID73242,0.7190294
ID73243,0.51622343
ID73244,0.48103172
ID73245,0.581366
ID73246,0.58834285
ID73247,0.3644842
ID73248,0.23654424
ID73249,0.18467572
ID73250,0.03758092
ID73251,0.51628476
ID73252,0.49287167
ID73253,0.23839454
ID73254,0.3729422
ID73255,0.40764284
ID73256,0.5003593
ID73257,0.6990608
ID73258,0.13253538
ID73259,0.6574138
ID73260,0.4471119
ID73261,0.5904346
ID73262,0.4709713
ID73263,0.6276732
ID73264,0.49523035
ID73265,0.009235334
ID73266,0.4261011
ID73267,0.31855085
ID73268,0.044621322
ID73269,0.41101977
ID73270,0.21900898
ID73271,0.54067904
ID73272,0.52555084
ID73273,0.65217584
ID73274,0.43555075
ID73275,0.25290078
ID73276,0.009068581
ID73277,0.3068686
ID73278,0.28871924
ID73279,0.5834902
ID73280,0.5174435
ID73281,0.4123629
ID73282,0.65128267
ID73283,0.74608964
ID73284,0.10701942
ID73285,0.4485897
ID73286,0.53650564
ID73287,0.40629536
ID73288,0.40705022
ID73289,0.007254768
ID73290,0.4014844
ID73291,0.37613595
ID73292,0.3225352
ID73293,0.00965742
ID73294,0.5885732
ID73295,0.4883536
ID73296,0.56347317
ID73297,0.5690241
ID73298,0.4611428
ID73299,0.75329924
ID73300,0.61040086
ID73301,0.17559691
ID73302,0.62348944
ID73303,0.08191477
ID73304,0.55569834
ID73305,0.41654688
ID73306,0.4985565
ID73307,0.045525104
ID73308,0.25847802
ID73309,0.54494685
ID73310,0.42699444
ID73311,0.32918122
ID73312,0.5564007
ID73313,0.046960406
ID73314,0.21683654
ID73315,0.3410813
ID73316,0.68225926
ID73317,0.31606588
ID73318,0.335685
ID73319,0.23018396
ID73320,0.17193563
ID73321,0.5766443
ID73322,0.6127706
ID73323,0.18163787
ID73324,0.3140793
ID73325,0.39488283
ID73326,0.45275357
ID73327,0.39023855
ID73328,0.2802845
ID73329,0.44189084
ID73330,0.57752514
ID73331,0.6136152
ID73332,0.5624948
ID73333,0.39878932
ID73334,0.60109824
ID73335,0.62274456
ID73336,0.19995569
ID73337,0.39727753
ID73338,0.19379258
ID73339,0.33216023
ID73340,0.20227289
ID73341,0.54850084
ID73342,0.61943525
ID73343,0.5174076
ID73344,0.4614465
ID73345,0.66184735
ID73346,0.6060323
ID73347,0.6035482
ID73348,0.39653578
ID73349,0.51824963
ID73350,0.23097757
ID73351,0.6602345
ID73352,0.069881134
ID73353,0.29484257
ID73354,0.426641
ID73355,0.2983077
ID73356,0.38606313
ID73357,0.6313404
ID73358,0.20817629
ID73359,0.5190805
ID73360,0.33803156
ID73361,0.54527056
ID73362,0.58927035
ID73363,0.6173286
ID73364,0.48896623
ID73365,0.53776425
ID73366,0.4759413
ID73367,0.46091238
ID73368,0.5408321
ID73369,0.39600644
ID73370,0.23900476
ID73371,0.4044577
ID73372,0.08512346
ID73373,0.68611616
ID73374,0.4242589
ID73375,0.6810547
ID73376,0.47389463
ID73377,0.5305513
ID73378,0.3394294
ID73379,0.20759527
ID73380,0.2860905
ID73381,0.6321545
ID73382,0.19073159
ID73383,0.6288162
ID73384,0.4722539
ID73385,0.37320682
ID73386,0.36729398
ID73387,0.61333865
ID73388,0.48676273
ID73389,0.712824
ID73390,0.65363437
ID73391,0.12379176
ID73392,0.39985868
ID73393,0.5283827
ID73394,0.59078896
ID73395,0.35468787
ID73396,0.17185563
ID73397,0.701761
ID73398,0.5979665
ID73399,0.266268
ID73400,0.5377574
ID73401,0.62403786
ID73402,0.48927483
ID73403,0.20840678
ID73404,0.5278526
ID73405,0.7104486
ID73406,0.5689038
ID73407,0.019075032
ID73408,0.36519545
ID73409,0.20192128
ID73410,0.168583
ID73411,0.48289052
ID73412,0.68881863
ID73413,0.1483402
ID73414,0.64544415
ID73415,0.54865134
ID73416,0.25380597
ID73417,0.43394423
ID73418,0.274607
ID73419,0.34859237
ID73420,0.535483
ID73421,0.14773417
ID73422,0.22486556
ID73423,0.62841165
ID73424,0.39227507
ID73425,0.66999125
ID73426,0.5131533
ID73427,0.23583639
ID73428,0.16534299
ID73429,0.27098706
ID73430,0.5877798
ID73431,0.25124738
ID73432,0.42575532
ID73433,0.17378372
ID73434,0.54942626
ID73435,0.087894045
ID73436,0.6402878
ID73437,0.065262794
ID73438,0.30042964
ID73439,0.15716152
ID73440,0.74280274
ID73441,0.16505626
ID73442,0.5612639
ID73443,0.76302016
ID73444,0.57830256
ID73445,0.6447186
ID73446,0.16923943
ID73447,0.6060861
ID73448,0.13279176
ID73449,0.59635806
ID73450,0.07821277
ID73451,0.4541491
ID73452,0.70094013
ID73453,0.6082144
ID73454,0.105623454
ID73455,0.5646862
ID73456,0.23814993
ID73457,0.32166165
ID73458,0.4266373
ID73459,0.5622774
ID73460,0.5803799
ID73461,0.38939264
ID73462,0.16943416
ID73463,0.15852278
ID73464,0.51001734
ID73465,0.58123016
ID73466,0.44305947
ID73467,0.5442834
ID73468,0.22084193
ID73469,0.287005
ID73470,0.48094556
ID73471,0.5978012
ID73472,0.7138446
ID73473,0.17396462
ID73474,0.4374348
ID73475,0.6913029
ID73476,0.55417967
ID73477,0.265325
ID73478,0.54393
ID73479,0.18501289
ID73480,0.51323634
ID73481,0.64310837
ID73482,0.14197636
ID73483,0.5014068
ID73484,0.40631533
ID73485,0.5646087
ID73486,0.36815655
ID73487,0.0729521
ID73488,0.50830716
ID73489,0.45071062
ID73490,0.13114676
ID73491,0.6284304
ID73492,0.49130487
ID73493,0.49379155
ID73494,0.4996319
ID73495,0.54651916
ID73496,0.49688074
ID73497,0.3071717
ID73498,0.58931863
ID73499,0.4428131
ID73500,0.55926967
ID73501,0.3741364
ID73502,0.5733533
ID73503,0.49026084
ID73504,0.28738937
ID73505,0.24386697
ID73506,0.47823352
ID73507,0.56663
ID73508,0.6506688
ID73509,0.5845963
ID73510,0.44615945
ID73511,0.2607556
ID73512,0.37136364
ID73513,0.3668706
ID73514,0.360489
ID73515,0.4537331
ID73516,0.52629256
ID73517,0.6089709
ID73518,0.28110206
ID73519,0.61338454
ID73520,0.17276496
ID73521,0.5762046
ID73522,0.37664118
ID73523,0.13127585
ID73524,0.22785307
ID73525,0.33686543
ID73526,0.47666618
ID73527,0.38230693
ID73528,0.36652842
ID73529,0.39904124
ID73530,0.67157555
ID73531,0.223443
ID73532,0.63383526
ID73533,0.14230964
ID73534,0.4760222
ID73535,0.38477942
ID73536,0.44433802
ID73537,0.23333207
ID73538,0.27639374
ID73539,0.5463696
ID73540,0.62659776
ID73541,0.4396111
ID73542,0.25073254
ID73543,0.7352694
ID73544,0.59433204
ID73545,0.47680888
ID73546,0.42458314
ID73547,0.098072074
ID73548,0.70973814
ID73549,0.43869883
ID73550,0.4963113
ID73551,0.4197937
ID73552,0.6325207
ID73553,0.42714858
ID73554,0.23403123
ID73555,0.43856642
ID73556,0.3024104
ID73557,0.4394539
ID73558,0.6300118
ID73559,0.50155336
ID73560,0.1309775
ID73561,0.5959453
ID73562,0.24005938
ID73563,0.3624302
ID73564,0.72880983
ID73565,0.44079012
ID73566,0.1855273
ID73567,0.7032271
ID73568,0.7092305
ID73569,0.63733315
ID73570,0.27348047
ID73571,0.14898977
ID73572,0.16058421
ID73573,0.2789211
ID73574,0.596747
ID73575,0.32201588
ID73576,0.40845844
ID73577,0.6273667
ID73578,0.6774851
ID73579,0.43951648
ID73580,0.5376598
ID73581,0.39148942
ID73582,0.43465453
ID73583,0.5914101
ID73584,0.54320604
ID73585,0.7242658
ID73586,0.6145937
ID73587,0.6621423
ID73588,0.43027276
ID73589,0.5144291
ID73590,0.5648128
ID73591,0.53447187
ID73592,0.6573068
ID73593,0.66951865
ID73594,0.42937315
ID73595,0.5515511
ID73596,0.42528677
ID73597,0.30981463
ID73598,0.60492146
ID73599,0.4970941
ID73600,0.13149051
ID73601,0.1760691
ID73602,0.24690223
ID73603,0.5644235
ID73604,0.6505508
ID73605,0.57673556
ID73606,0.2271386
ID73607,0.49119118
ID73608,0.24251597
ID73609,0.5306978
ID73610,0.61685365
ID73611,0.38357455
ID73612,0.31958005
ID73613,0.6521501
ID73614,0.5316405
ID73615,0.49318087
ID73616,0.66148764
ID73617,0.51383567
ID73618,0.64426357
ID73619,0.50264764
ID73620,0.24837773
ID73621,0.52655816
ID73622,0.5507676
ID73623,0.031807
ID73624,0.46840495
ID73625,0.19784623
ID73626,0.6120699
ID73627,0.56249356
ID73628,0.27647763
ID73629,0.5353541
ID73630,0.15952072
ID73631,0.43018287
ID73632,0.48316994
ID73633,0.6752553
ID73634,0.61522573
ID73635,0.6528259
ID73636,0.55849946
ID73637,0.31545025
ID73638,0.48478988
ID73639,0.33419424
ID73640,0.5131091
ID73641,0.35876164
ID73642,0.6672527
ID73643,0.6830523
ID73644,0.06734297
ID73645,0.35344782
ID73646,0.2787997
ID73647,0.7538693
ID73648,0.46030012
ID73649,0.27198917
ID73650,0.24830517
ID73651,0.28789335
ID73652,0.023217153
ID73653,0.38379538
ID73654,0.3248858
ID73655,0.115504146
ID73656,0.4739233
ID73657,0.19802335
ID73658,0.5672513
ID73659,0.2096996
ID73660,0.4331264
ID73661,0.18978108
ID73662,0.45429993
ID73663,0.50881386
ID73664,0.35422882
ID73665,0.4824041
ID73666,0.4447009
ID73667,0.28857616
ID73668,0.50714564
ID73669,0.25098553
ID73670,0.5093325
ID73671,0.56071323
ID73672,0.5893514
ID73673,0.64360565
ID73674,0.26260406
ID73675,0.260086
ID73676,0.6550761
ID73677,0.48088473
ID73678,0.52977985
ID73679,0.2234644
ID73680,0.40392828
ID73681,0.34178415
ID73682,0.7013688
ID73683,0.38466796
ID73684,0.38369012
ID73685,0.18052259
ID73686,0.29033843
ID73687,0.31643617
ID73688,0.44341743
ID73689,0.5628304
ID73690,0.42574072
ID73691,0.37689725
ID73692,0.61612743
ID73693,0.49160916
ID73694,0.113261536
ID73695,0.41031572
ID73696,0.41397953
ID73697,0.11613116
ID73698,0.54409015
ID73699,0.5957437
ID73700,0.60810447
ID73701,0.1649005
ID73702,0.64767736
ID73703,0.3152471
ID73704,0.16350305
ID73705,0.31885675
ID73706,0.20078874
ID73707,0.60391736
ID73708,0.4869766
ID73709,0.26480162
ID73710,0.6633333
ID73711,0.17366037
ID73712,0.5391401
ID73713,0.26080865
ID73714,0.4613942
ID73715,0.39626208
ID73716,0.17460357
ID73717,0.52011454
ID73718,0.57831687
ID73719,0.57763946
ID73720,0.11722272
ID73721,0.5695453
ID73722,0.5811661
ID73723,0.42699862
ID73724,0.12660113
ID73725,0.18268815
ID73726,0.7205872
ID73727,0.60635954
ID73728,0.37055764
ID73729,0.5166834
ID73730,0.37929082
ID73731,0.6308874
ID73732,0.5507486
ID73733,0.4007683
ID73734,0.48743057
ID73735,0.15950832
ID73736,0.45209908
ID73737,0.039211873
ID73738,0.068282425
ID73739,0.63297534
ID73740,0.59651625
ID73741,0.57253027
ID73742,0.564105
ID73743,0.18466899
ID73744,0.22071527
ID73745,0.5207395
ID73746,0.35231277
ID73747,0.49628288
ID73748,0.3553217
ID73749,0.3351755
ID73750,0.46618378
ID73751,0.53307074
ID73752,0.76604897
ID73753,0.17014968
ID73754,0.44947574
ID73755,0.36559653
ID73756,0.21233292
ID73757,0.53593975
ID73758,0.23690327
ID73759,0.27641487
ID73760,0.48573363
ID73761,0.47047892
ID73762,0.46794707
ID73763,0.25217697
ID73764,0.5860512
ID73765,0.38710982
ID73766,0.3622956
ID73767,0.40310118
ID73768,0.30660018
ID73769,0.32835948
ID73770,0.6295278
ID73771,0.7593118
ID73772,0.53923804
ID73773,0.7202481
ID73774,0.28333464
ID73775,0.647768
ID73776,0.07191769
ID73777,0.35976836
ID73778,0.5940574
ID73779,0.46921578
ID73780,0.2355926
ID73781,0.17373584
ID73782,0.37839064
ID73783,0.028700404
ID73784,0.62092996
ID73785,0.1076341
ID73786,0.34096277
ID73787,0.48702115
ID73788,0.15977155
ID73789,0.5114017
ID73790,0.19188659
ID73791,0.044230256
ID73792,0.50736976
ID73793,0.30225095
ID73794,0.4665936
ID73795,0.17032336
ID73796,0.4185552
ID73797,0.63431954
ID73798,0.38606858
ID73799,0.4363851
ID73800,0.21710403
ID73801,0.22434117
ID73802,0.4880798
ID73803,0.56789815
ID73804,0.12562132
ID73805,0.74009293
ID73806,0.6055765
ID73807,0.21823487
ID73808,0.6706949
ID73809,0.47927532
ID73810,0.34219193
ID73811,0.6213892
ID73812,0.19362572
ID73813,0.5605729
ID73814,0.48668218
ID73815,0.19465442
ID73816,0.573187
ID73817,0.43692636
ID73818,0.05064706
ID73819,0.5575503
ID73820,0.5603353
ID73821,0.130365
ID73822,0.61714405
ID73823,0.72067773
ID73824,0.32957715
ID73825,0.5463113
ID73826,0.29927987
ID73827,0.54149383
ID73828,0.1683774
ID73829,0.2757564
ID73830,0.5592681
ID73831,0.57385826
ID73832,0.47731888
ID73833,0.15926993
ID73834,0.12173509
ID73835,0.38168842
ID73836,0.6082841
ID73837,0.28053632
ID73838,0.26765332
ID73839,0.2996853
ID73840,0.6825159
ID73841,0.5477119
ID73842,0.60503715
ID73843,0.19532362
ID73844,0.7042093
ID73845,0.57646775
ID73846,0.55575055
ID73847,0.55938554
ID73848,0.4795921
ID73849,0.19542384
ID73850,0.64068884
ID73851,0.45470747
ID73852,0.6696254
ID73853,0.5505543
ID73854,0.55850846
ID73855,0.3075425
ID73856,0.49750844
ID73857,0.62815315
ID73858,0.44328338
ID73859,0.21697406
ID73860,0.52199703
ID73861,0.43547657
ID73862,0.2719541
ID73863,0.48915002
ID73864,0.21562782
ID73865,0.33381096
ID73866,0.35421088
ID73867,0.5342921
ID73868,0.12969473
ID73869,0.50521874
ID73870,0.32812095
ID73871,0.46388608
ID73872,0.52686083
ID73873,0.24356948
ID73874,0.102435894
ID73875,0.5249128
ID73876,0.52851295
ID73877,0.5242573
ID73878,0.57182926
ID73879,0.54278713
ID73880,0.45502234
ID73881,0.54249567
ID73882,0.53138894
ID73883,0.58077383
ID73884,0.4267549
ID73885,0.25959972
ID73886,0.28641328
ID73887,0.49060503
ID73888,0.55073273
ID73889,0.06380186
ID73890,0.29692897
ID73891,0.5168889
ID73892,0.4164071
ID73893,0.29631576
ID73894,0.5276339
ID73895,0.45124176
ID73896,0.7064166
ID73897,0.08422252
ID73898,0.34972695
ID73899,0.27050716
ID73900,0.17558546
ID73901,0.31026837
ID73902,0.43857718
ID73903,0.38617256
ID73904,0.3499027
ID73905,0.06499582
ID73906,0.6556824
ID73907,0.35591683
ID73908,0.7104428
ID73909,0.041169044
ID73910,0.3221719
ID73911,0.4884211
ID73912,0.50353646
ID73913,0.63046783
ID73914,0.5870632
ID73915,0.40955156
ID73916,0.57463586
ID73917,0.26182926
ID73918,0.26971924
ID73919,0.4714355
ID73920,0.5924196
ID73921,0.6330159
ID73922,0.8758862
ID73923,0.30709788
ID73924,0.5048856
ID73925,0.5253832
ID73926,0.24571316
ID73927,0.5695879
ID73928,0.35251027
ID73929,0.26550964
ID73930,0.24872285
ID73931,0.5732132
ID73932,0.52668506
ID73933,0.2891661
ID73934,0.5488562
ID73935,0.44733003
ID73936,0.60089266
ID73937,0.24393362
ID73938,0.44069195
ID73939,0.31996083
ID73940,0.4816048
ID73941,0.53224087
ID73942,0.33301014
ID73943,0.5532249
ID73944,0.4282133
ID73945,0.55811566
ID73946,0.44347808
ID73947,0.07697932
ID73948,0.51813114
ID73949,0.37451193
ID73950,0.55549353
ID73951,0.1766098
ID73952,0.40906677
ID73953,0.27365372
ID73954,0.1032685
ID73955,0.6933843
ID73956,0.63370454
ID73957,0.6494757
ID73958,0.61684954
ID73959,0.44668993
ID73960,0.20676452
ID73961,0.44945538
ID73962,0.18247245
ID73963,0.35612798
ID73964,0.27777684
ID73965,0.4298535
ID73966,0.6662481
ID73967,0.20843033
ID73968,0.21232033
ID73969,0.55323416
ID73970,0.398714
ID73971,0.6094212
ID73972,0.33432758
ID73973,0.27493513
ID73974,0.6638799
ID73975,0.13968788
ID73976,0.6673942
ID73977,0.6378928
ID73978,0.44774708
ID73979,0.3050443
ID73980,0.24781272
ID73981,0.6300253
ID73982,0.6872717
ID73983,0.679653
ID73984,0.10976261
ID73985,0.31450692
ID73986,0.4886629
ID73987,0.39628366
ID73988,0.57354355
ID73989,0.111703694
ID73990,0.58061665
ID73991,0.2981115
ID73992,0.23914517
ID73993,0.0578556
ID73994,0.5219524
ID73995,0.18326779
ID73996,0.5019497
ID73997,0.30938706
ID73998,0.26143202
ID73999,0.18867214
ID74000,0.5525637
ID74001,0.5678037
ID74002,0.28054234
ID74003,0.5778894
ID74004,0.09416578
ID74005,0.5271922
ID74006,0.6361517
ID74007,0.6357979
ID74008,0.65078926
ID74009,0.31428367
ID74010,0.43159863
ID74011,0.6281325
ID74012,0.28777835
ID74013,0.5423223
ID74014,0.38857603
ID74015,0.0617638
ID74016,0.3389552
ID74017,0.25895354
ID74018,0.44067115
ID74019,0.352516
ID74020,0.27978578
ID74021,0.19842045
ID74022,0.07713102
ID74023,0.10471419
ID74024,0.65438426
ID74025,0.5109212
ID74026,0.5735505
ID74027,0.65092444
ID74028,0.4487556
ID74029,0.49857724
ID74030,0.5876884
ID74031,0.63159347
ID74032,0.5766392
ID74033,0.41258314
ID74034,0.15957698
ID74035,0.41694656
ID74036,0.57306075
ID74037,0.5789703
ID74038,0.52245176
ID74039,0.45796964
ID74040,0.31561592
ID74041,0.18234181
ID74042,0.51212275
ID74043,0.2866213
ID74044,0.41982704
ID74045,0.07309512
ID74046,0.5786471
ID74047,0.62243575
ID74048,0.2563888
ID74049,0.21629275
ID74050,0.65703547
ID74051,0.5426578
ID74052,0.30718267
ID74053,0.57683104
ID74054,0.35215962
ID74055,0.3671043
ID74056,0.42738977
ID74057,0.4966948
ID74058,0.642505
ID74059,0.46278095
ID74060,0.54637384
ID74061,0.5521471
ID74062,0.5107212
ID74063,0.59565806
ID74064,0.6330175
ID74065,0.20922732
ID74066,0.2869998
ID74067,0.3429581
ID74068,0.16746828
ID74069,0.32020786
ID74070,0.5013502
ID74071,0.6455304
ID74072,0.61451197
ID74073,0.39758644
ID74074,0.61753875
ID74075,0.17772907
ID74076,0.36482856
ID74077,0.5533263
ID74078,0.36683744
ID74079,0.5728354
ID74080,0.34197998
ID74081,0.35336465
ID74082,0.4343871
ID74083,0.5832903
ID74084,0.4328094
ID74085,0.18890575
ID74086,0.6570467
ID74087,0.5550672
ID74088,0.49066505
ID74089,0.36371592
ID74090,0.27928013
ID74091,0.47784647
ID74092,0.5331869
ID74093,0.6451166
ID74094,0.08064824
ID74095,0.075397976
ID74096,0.59569347
ID74097,0.5317628
ID74098,0.36785764
ID74099,0.60547
ID74100,0.55481446
ID74101,0.70358187
ID74102,0.5871823
ID74103,0.37470946
ID74104,0.22000265
ID74105,0.60652167
ID74106,0.22654228
ID74107,0.47619438
ID74108,0.14102474
ID74109,0.65891176
ID74110,0.39585546
ID74111,0.30104792
ID74112,0.6034702
ID74113,0.63416964
ID74114,0.41373402
ID74115,0.574751
ID74116,0.21913117
ID74117,0.3080378
ID74118,0.59261143
ID74119,0.45898148
ID74120,0.045023944
ID74121,0.509821
ID74122,0.3451301
ID74123,0.39397815
ID74124,0.37600592
ID74125,0.58737594
ID74126,0.33406922
ID74127,0.41938964
ID74128,0.19778986
ID74129,0.417684
ID74130,0.22544819
ID74131,0.33660477
ID74132,0.6409576
ID74133,0.32028535
ID74134,0.11333755
ID74135,0.42038316
ID74136,0.5090135
ID74137,0.32117388
ID74138,0.355586
ID74139,0.47572902
ID74140,0.7030281
ID74141,0.36238748
ID74142,0.5875775
ID74143,0.7570183
ID74144,0.36280984
ID74145,0.5306157
ID74146,0.5481751
ID74147,0.27435458
ID74148,0.4828397
ID74149,0.2539071
ID74150,0.6039281
ID74151,0.42064437
ID74152,0.18522108
ID74153,0.46039778
ID74154,0.4346266
ID74155,0.20669746
ID74156,0.6513188
ID74157,0.4330712
ID74158,0.35189766
ID74159,0.6379107
ID74160,0.58276147
ID74161,0.39599112
ID74162,0.7496945
ID74163,0.61806434
ID74164,0.42698652
ID74165,0.47594735
ID74166,0.22623067
ID74167,0.67374444
ID74168,0.2870623
ID74169,0.32167602
ID74170,0.48881415
ID74171,0.6033857
ID74172,0.6435635
ID74173,0.24831726
ID74174,0.5310836
ID74175,0.26742786
ID74176,0.49296767
ID74177,0.71142274
ID74178,0.6448687
ID74179,0.06299273
ID74180,0.3615583
ID74181,0.68268144
ID74182,0.17926711
ID74183,0.33014375
ID74184,0.6492033
ID74185,0.41386098
ID74186,0.42191944
ID74187,0.259096
ID74188,0.21744294
ID74189,0.15852372
ID74190,0.36469734
ID74191,0.3033135
ID74192,0.5579943
ID74193,0.2100589
ID74194,0.6252731
ID74195,0.50001234
ID74196,0.5122652
ID74197,0.65302587
ID74198,0.67069554
ID74199,0.66069937
ID74200,0.5846951
ID74201,0.5301767
ID74202,0.39278144
ID74203,0.10095581
ID74204,0.6504697
ID74205,0.8027674
ID74206,0.41830757
ID74207,0.20767118
ID74208,0.5222078
ID74209,0.74345344
ID74210,0.37515572
ID74211,0.6334367
ID74212,0.16157652
ID74213,0.4434465
ID74214,0.6348213
ID74215,0.107273795
ID74216,0.25812817
ID74217,0.7406016
ID74218,0.22425821
ID74219,0.42046857
ID74220,0.5164925
ID74221,0.34958443
ID74222,0.4890063
ID74223,0.22233781
ID74224,0.4650701
ID74225,0.14388667
ID74226,0.3402653
ID74227,0.73396593
ID74228,0.11070091
ID74229,0.6070618
ID74230,0.34000844
ID74231,0.62457204
ID74232,0.48469284
ID74233,0.534716
ID74234,0.57035017
ID74235,0.75202066
ID74236,0.29105648
ID74237,0.27602142
ID74238,0.3712621
ID74239,0.3708069
ID74240,0.5057446
ID74241,0.3906434
ID74242,0.22943164
ID74243,0.4521415
ID74244,0.38406283
ID74245,0.4919536
ID74246,0.74791455
ID74247,0.3251229
ID74248,0.42669368
ID74249,0.5414825
ID74250,0.41428494
ID74251,0.6960814
ID74252,0.31580544
ID74253,0.51686656
ID74254,0.07196411
ID74255,0.5438828
ID74256,0.6039325
ID74257,0.47829536
ID74258,0.594606
ID74259,0.6715802
ID74260,0.2526237
ID74261,0.088236146
ID74262,0.44015908
ID74263,0.5319033
ID74264,0.41388908
ID74265,0.21271025
ID74266,0.25867656
ID74267,0.5557751
ID74268,0.29721645
ID74269,0.6855469
ID74270,0.049203023
ID74271,0.62470114
ID74272,0.40191388
ID74273,0.43730927
ID74274,0.41680846
ID74275,0.42250293
ID74276,0.117018074
ID74277,0.5741197
ID74278,0.6039693
ID74279,0.556773
ID74280,0.5517252
ID74281,0.3896847
ID74282,0.47650328
ID74283,0.12124938
ID74284,0.46961254
ID74285,0.5541865
ID74286,0.4996937
ID74287,0.31433675
ID74288,0.3675837
ID74289,0.38228607
ID74290,0.36420035
ID74291,0.44987857
ID74292,0.51372737
ID74293,0.5490228
ID74294,0.091749944
ID74295,0.5773884
ID74296,0.66252816
ID74297,0.10744146
ID74298,0.15561448
ID74299,0.22165011
ID74300,0.604429
ID74301,0.5128152
ID74302,0.44491926
ID74303,0.146622
ID74304,0.62395203
ID74305,0.577103
ID74306,0.5187607
ID74307,0.4810913
ID74308,0.14542061
ID74309,0.31956223
ID74310,0.24743165
ID74311,0.28981093
ID74312,0.5890474
ID74313,0.07426341
ID74314,0.14506909
ID74315,0.44149175
ID74316,0.6095281
ID74317,0.5262885
ID74318,0.3347499
ID74319,0.5000952
ID74320,0.07982708
ID74321,0.39032942
ID74322,0.092612535
ID74323,0.5630735
ID74324,0.032006983
ID74325,0.32256827
ID74326,0.087677516
ID74327,0.38787213
ID74328,0.3722444
ID74329,0.5728096
ID74330,0.33461538
ID74331,0.30202863
ID74332,0.75250167
ID74333,0.5184452
ID74334,0.59153986
ID74335,0.53235567
ID74336,0.3791169
ID74337,0.31021896
ID74338,0.5763312
ID74339,0.34891015
ID74340,0.19458027
ID74341,0.41007054
ID74342,0.4908114
ID74343,0.25928503
ID74344,0.52487886
ID74345,0.07623621
ID74346,0.41564947
ID74347,0.49642456
ID74348,0.63116014
ID74349,0.28533912
ID74350,0.5533421
ID74351,0.76402587
ID74352,0.4909528
ID74353,0.3589393
ID74354,0.43106577
ID74355,0.5730304
ID74356,0.6626316
ID74357,0.24518642
ID74358,0.24003954
ID74359,0.47815445
ID74360,0.6689687
ID74361,0.596903
ID74362,0.31703165
ID74363,0.6805388
ID74364,0.6149009
ID74365,0.5933571
ID74366,0.6283251
ID74367,0.61544895
ID74368,0.31339115
ID74369,0.6286788
ID74370,0.5850638
ID74371,0.36239454
ID74372,0.25666842
ID74373,0.533892
ID74374,0.5677202
ID74375,0.35706195
ID74376,0.58188975
ID74377,0.440068
ID74378,0.020117896
ID74379,0.55143315
ID74380,0.59864116
ID74381,0.76230514
ID74382,0.54331696
ID74383,0.050078023
ID74384,0.45804307
ID74385,0.6597169
ID74386,0.34494334
ID74387,0.1986457
ID74388,0.06307183
ID74389,0.40751502
ID74390,0.4956851
ID74391,0.5357366
ID74392,0.23620845
ID74393,0.52788097
ID74394,0.40883297
ID74395,0.21964686
ID74396,0.55998933
ID74397,0.19774021
ID74398,0.032610144
ID74399,0.7767722
ID74400,0.2849802
ID74401,0.59832233
ID74402,0.65290123
ID74403,0.4092349
ID74404,0.24748807
ID74405,0.19187692
ID74406,0.19532524
ID74407,0.30735123
ID74408,0.21714577
ID74409,0.5218595
ID74410,0.50005996
ID74411,0.6175601
ID74412,0.39815673
ID74413,0.5229185
ID74414,0.20629793
ID74415,0.2681693
ID74416,0.40681756
ID74417,0.41515622
ID74418,0.19805686
ID74419,0.5232308
ID74420,0.3683364
ID74421,0.40105003
ID74422,0.5694631
ID74423,0.27287433
ID74424,0.14978455
ID74425,0.475392
ID74426,0.31312835
ID74427,0.4743912
ID74428,0.4627058
ID74429,0.22597758
ID74430,0.31339034
ID74431,0.29079187
ID74432,0.5350448
ID74433,0.2548712
ID74434,0.70048946
ID74435,0.49267998
ID74436,0.012259814
ID74437,0.45589647
ID74438,0.26119572
ID74439,0.24623165
ID74440,0.60354316
ID74441,0.43649483
ID74442,0.50224715
ID74443,0.5813715
ID74444,0.32741502
ID74445,0.51369876
ID74446,0.074561976
ID74447,0.2607396
ID74448,0.11863099
ID74449,0.48121703
ID74450,0.07394945
ID74451,0.21244013
ID74452,0.5750942
ID74453,0.66122013
ID74454,0.52502376
ID74455,0.60520655
ID74456,0.520576
ID74457,0.29646525
ID74458,0.3531656
ID74459,0.17978644
ID74460,0.21450791
ID74461,0.30135396
ID74462,0.70061725
ID74463,0.3457327
ID74464,0.09134917
ID74465,0.40298298
ID74466,0.61703575
ID74467,0.37410527
ID74468,0.33469608
ID74469,0.4646096
ID74470,0.5740906
ID74471,0.28837073
ID74472,0.6887732
ID74473,0.3243817
ID74474,0.27323985
ID74475,0.22690758
ID74476,0.30113643
ID74477,0.5878628
ID74478,0.6367638
ID74479,0.45997337
ID74480,0.5293571
ID74481,0.004884365
ID74482,0.5290584
ID74483,0.0875418
ID74484,0.29960713
ID74485,0.6053539
ID74486,0.7131461
ID74487,0.4032507
ID74488,0.29996845
ID74489,0.44553462
ID74490,0.6315758
ID74491,0.39851597
ID74492,0.64896274
ID74493,0.19847023
ID74494,0.19602092
ID74495,0.52755433
ID74496,0.13318086
ID74497,0.39729577
ID74498,0.6735717
ID74499,0.03219454
ID74500,0.6375434
ID74501,0.40078568
ID74502,0.471007
ID74503,0.37940794
ID74504,0.3026715
ID74505,0.10313156
ID74506,0.37157416
ID74507,0.4014275
ID74508,0.20923768
ID74509,0.2724691
ID74510,0.21543206
ID74511,0.5965201
ID74512,0.64476895
ID74513,0.5379903
ID74514,0.405446
ID74515,0.50324607
ID74516,0.23590393
ID74517,0.5377301
ID74518,0.29025054
ID74519,0.6216553
ID74520,0.5071617
ID74521,0.61138624
ID74522,0.112712055
ID74523,0.55343974
ID74524,0.5225826
ID74525,0.05732901
ID74526,0.552496
ID74527,0.46936744
ID74528,0.56917953
ID74529,0.40988505
ID74530,0.24122816
ID74531,0.5967446
ID74532,0.10509989
ID74533,0.6343366
ID74534,0.479213
ID74535,0.5981068
ID74536,0.12631428
ID74537,0.5298611
ID74538,0.14958659
ID74539,0.6325709
ID74540,0.43201336
ID74541,0.5133834
ID74542,0.28166345
ID74543,0.54525304
ID74544,0.44505242
ID74545,0.5657009
ID74546,0.66413987
ID74547,0.60495436
ID74548,0.5075937
ID74549,0.5759438
ID74550,0.12077792
ID74551,0.56673956
ID74552,0.51820695
ID74553,0.17938647
ID74554,0.42753252
ID74555,0.19161037
ID74556,0.6374045
ID74557,0.15987058
ID74558,0.6640934
ID74559,0.56438804
ID74560,0.4784082
ID74561,0.37919205
ID74562,0.5127166
ID74563,0.4592015
ID74564,0.37502357
ID74565,0.39713776
ID74566,0.55377334
ID74567,0.27911058
ID74568,0.34870344
ID74569,0.33574924
ID74570,0.68355775
ID74571,0.0907807
ID74572,0.14361697
ID74573,0.32281494
ID74574,0.70612645
ID74575,0.38207212
ID74576,0.44557104
ID74577,0.32936817
ID74578,0.44054234
ID74579,0.4609661
ID74580,0.44490844
ID74581,0.39595407
ID74582,0.25726235
ID74583,0.43393475
ID74584,0.39097893
ID74585,0.091491915
ID74586,0.051724963
ID74587,0.10958267
ID74588,0.49140063
ID74589,0.5648749
ID74590,0.61134905
ID74591,0.12658802
ID74592,0.28674212
ID74593,0.16933413
ID74594,0.6384904
ID74595,0.26958436
ID74596,0.5438219
ID74597,0.27450553
ID74598,0.53976434
ID74599,0.53420687
ID74600,0.62558246
ID74601,0.55142164
ID74602,0.4595717
ID74603,0.10297519
ID74604,0.38377523
ID74605,0.41671932
ID74606,0.66581255
ID74607,0.64159286
ID74608,0.2648999
ID74609,0.09858462
ID74610,0.36688724
ID74611,0.5098574
ID74612,0.32809636
ID74613,0.62012106
ID74614,0.23171906
ID74615,0.7371005
ID74616,0.5313742
ID74617,0.38125762
ID74618,0.6988689
ID74619,0.1466778
ID74620,0.23191367
ID74621,0.57752043
ID74622,0.34765616
ID74623,0.5121713
ID74624,0.5980773
ID74625,0.26605007
ID74626,0.63492006
ID74627,0.7361621
ID74628,0.58881646
ID74629,0.25241458
ID74630,0.67095286
ID74631,0.20492065
ID74632,0.21417567
ID74633,0.5188373
ID74634,0.15347034
ID74635,0.30062342
ID74636,0.11099439
ID74637,0.22556357
ID74638,0.13896775
ID74639,0.55713546
ID74640,0.5674465
ID74641,0.539005
ID74642,0.51031756
ID74643,0.04964328
ID74644,0.60652167
ID74645,0.2551706
ID74646,0.5941886
ID74647,0.42250425
ID74648,0.68848705
ID74649,0.5799627
ID74650,0.073042765
ID74651,0.4080753
ID74652,0.5058959
ID74653,0.5880336
ID74654,0.27817503
ID74655,0.59557354
ID74656,0.6783965
ID74657,0.57124937
ID74658,0.58043164
ID74659,0.14850898
ID74660,0.60163796
ID74661,0.53714293
ID74662,0.5902697
ID74663,0.76147395
ID74664,0.73992175
ID74665,0.6707769
ID74666,0.5287986
ID74667,0.63944596
ID74668,0.52245414
ID74669,0.4701781
ID74670,0.5876046
ID74671,0.62946445
ID74672,0.47638184
ID74673,0.2994848
ID74674,0.59210825
ID74675,0.41605073
ID74676,0.59319645
ID74677,0.6164739
ID74678,0.14807266
ID74679,0.5073218
ID74680,0.5124552
ID74681,0.45465812
ID74682,0.54471934
ID74683,0.3679957
ID74684,0.10849369
ID74685,0.46459338
ID74686,0.59118205
ID74687,0.4151119
ID74688,0.59771687
ID74689,0.62042755
ID74690,0.036345255
ID74691,0.606417
ID74692,0.34716755
ID74693,0.38879034
ID74694,0.17827916
ID74695,0.6260828
ID74696,0.59571964
ID74697,0.23329893
ID74698,0.551995
ID74699,0.44129097
ID74700,0.23351565
ID74701,0.2650593
ID74702,0.5742018
ID74703,0.30568567
ID74704,0.3412931
ID74705,0.3822937
ID74706,0.6988403
ID74707,0.32528108
ID74708,0.73118615
ID74709,0.5623479
ID74710,0.60760415
ID74711,0.6552179
ID74712,0.15280499
ID74713,0.6509133
ID74714,0.4372943
ID74715,0.27588817
ID74716,0.08360484
ID74717,0.5055529
ID74718,0.17031123
ID74719,0.22319217
ID74720,0.21740778
ID74721,0.32572478
ID74722,0.51102644
ID74723,0.27336958
ID74724,0.1514587
ID74725,0.48004034
ID74726,0.3290454
ID74727,0.7447228
ID74728,0.37907717
ID74729,0.5083105
ID74730,0.02878344
ID74731,0.5014857
ID74732,0.5295986
ID74733,0.31787583
ID74734,0.36686784
ID74735,0.35410205
ID74736,0.42560127
ID74737,0.51197845
ID74738,0.29281116
ID74739,0.5842706
ID74740,0.23155102
ID74741,0.31797892
ID74742,0.39074618
ID74743,0.12524737
ID74744,0.439134
ID74745,0.1781255
ID74746,0.3974149
ID74747,0.12713358
ID74748,0.038675766
ID74749,0.5733739
ID74750,0.5332353
ID74751,0.31673938
ID74752,0.26257366
ID74753,0.6553603
ID74754,0.2132535
ID74755,0.42841995
ID74756,0.40886807
ID74757,0.5558418
ID74758,0.543757
ID74759,0.5277461
ID74760,0.4447453
ID74761,0.22783516
ID74762,0.2992328
ID74763,0.6750915
ID74764,0.5579161
ID74765,0.49495217
ID74766,0.25965098
ID74767,0.28312027
ID74768,0.4733853
ID74769,0.19210643
ID74770,0.48123863
ID74771,0.56512254
ID74772,0.7449921
ID74773,0.5402567
ID74774,0.7848969
ID74775,0.3543169
ID74776,0.46921748
ID74777,0.6252075
ID74778,0.2791273
ID74779,0.5989874
ID74780,0.2858754
ID74781,0.21729253
ID74782,0.54729986
ID74783,0.57538855
ID74784,0.41319036
ID74785,0.3317364
ID74786,0.19643399
ID74787,0.25051308
ID74788,0.6780838
ID74789,0.67034024
ID74790,0.07847704
ID74791,0.48450264
ID74792,0.50463676
ID74793,0.47249797
ID74794,0.41947964
ID74795,0.5109551
ID74796,0.7130097
ID74797,0.2723585
ID74798,0.47738418
ID74799,0.085660435
ID74800,0.3113858
ID74801,0.5515274
ID74802,0.61240286
ID74803,0.28260827
ID74804,0.31504562
ID74805,0.38961676
ID74806,0.4101237
ID74807,0.19926515
ID74808,0.5436236
ID74809,0.29910183
ID74810,0.26805216
ID74811,0.19127648
ID74812,0.11786319
ID74813,0.7279339
ID74814,0.23580474
ID74815,0.46189886
ID74816,0.61931866
ID74817,0.25522655
ID74818,0.1403085
ID74819,0.5362553
ID74820,0.19026686
ID74821,0.34931603
ID74822,0.4259704
ID74823,0.4909188
ID74824,0.4301973
ID74825,0.41597414
ID74826,0.6262521
ID74827,0.37709114
ID74828,0.13828205
ID74829,0.42725003
ID74830,0.40065855
ID74831,0.65213865
ID74832,0.40231758
ID74833,0.47956246
ID74834,0.46973908
ID74835,0.44977796
ID74836,0.5570501
ID74837,0.5890199
ID74838,0.33353305
ID74839,0.5629325
ID74840,0.23298696
ID74841,0.50703835
ID74842,0.399321
ID74843,0.5516648
ID74844,0.7594761
ID74845,0.2905051
ID74846,0.40395048
ID74847,0.42636904
ID74848,0.59093565
ID74849,0.32739544
ID74850,0.2101257
ID74851,0.530188
ID74852,0.45192283
ID74853,0.5703708
ID74854,0.12343939
ID74855,0.17654793
ID74856,0.62567055
ID74857,0.41070506
ID74858,0.3570712
ID74859,0.5224748
ID74860,0.32703385
ID74861,0.062141415
ID74862,0.6035929
ID74863,0.62689954
ID74864,0.58081347
ID74865,0.6198739
ID74866,0.3803181
ID74867,0.012603877
ID74868,0.07823169
ID74869,0.7157062
ID74870,0.4680981
ID74871,0.47504532
ID74872,0.3359994
ID74873,0.30540913
ID74874,0.43996704
ID74875,0.08241318
ID74876,0.49827442
ID74877,0.5174982
ID74878,0.51655537
ID74879,0.6242182
ID74880,0.39974505
ID74881,0.08754565
ID74882,0.18686154
ID74883,0.51666516
ID74884,0.11223299
ID74885,0.11150121
ID74886,0.19850114
ID74887,0.36752847
ID74888,0.16426443
ID74889,0.62447166
ID74890,0.5247885
ID74891,0.41165638
ID74892,0.5269075
ID74893,0.40574148
ID74894,0.37315813
ID74895,0.5427076
ID74896,0.53370464
ID74897,0.24961498
ID74898,0.22254021
ID74899,0.39887562
ID74900,0.32092243
ID74901,0.4721212
ID74902,0.31028244
ID74903,0.44046095
ID74904,0.54086
ID74905,0.018792689
ID74906,0.62234384
ID74907,0.4666131
ID74908,0.2946395
ID74909,0.33778292
ID74910,0.62365866
ID74911,0.47603106
ID74912,0.15499276
ID74913,0.489811
ID74914,0.48332807
ID74915,0.40104517
ID74916,0.4972373
ID74917,0.06974629
ID74918,0.5261135
ID74919,0.5330846
ID74920,0.6121852
ID74921,0.59503615
ID74922,0.39576387
ID74923,0.55177903
ID74924,0.1515245
ID74925,0.41134816
ID74926,0.38877636
ID74927,0.29101342
ID74928,0.4658399
ID74929,0.32473755
ID74930,0.35774222
ID74931,0.71221423
ID74932,0.57208127
ID74933,0.12682351
ID74934,0.4028224
ID74935,0.27099526
ID74936,0.25607896
ID74937,0.6176005
ID74938,0.6801854
ID74939,0.21434231
ID74940,0.5059586
ID74941,0.023857756
ID74942,0.19109453
ID74943,0.6444216
ID74944,0.38446325
ID74945,0.3521304
ID74946,0.4081508
ID74947,0.3013476
ID74948,0.48797834
ID74949,0.43852162
ID74950,0.53602636
ID74951,0.5472948
ID74952,0.33308962
ID74953,0.44007972
ID74954,0.4427564
ID74955,0.51489574
ID74956,0.6223122
ID74957,0.23084058
ID74958,0.4488595
ID74959,0.57238585
ID74960,0.483464
ID74961,0.42343828
ID74962,0.5402177
ID74963,0.19119868
ID74964,0.12716061
ID74965,0.106652424
ID74966,0.64881766
ID74967,0.6499972
ID74968,0.5138303
ID74969,0.077114865
ID74970,0.44787222
ID74971,0.31391996
ID74972,0.63371253
ID74973,0.6392313
ID74974,0.38101646
ID74975,0.42630395
ID74976,0.4595648
ID74977,0.4039271
ID74978,0.27634257
ID74979,0.1901764
ID74980,0.3596856
ID74981,0.14294861
ID74982,0.50431526
ID74983,0.23379005
ID74984,0.5847291
ID74985,0.45884475
ID74986,0.06440495
ID74987,0.094259985
ID74988,0.19415526
ID74989,0.56360394
ID74990,0.24066092
ID74991,0.45687693
ID74992,0.025522763
ID74993,0.5642387
ID74994,0.5092616
ID74995,0.5995515
ID74996,0.1241367
ID74997,0.5766826
ID74998,0.26136893
ID74999,0.20219718
ID75000,0.14955689
ID75001,0.62474364
ID75002,0.5365297
ID75003,0.39860004
ID75004,0.16192432
ID75005,0.51437515
ID75006,0.27081987
ID75007,0.5950824
ID75008,0.18700297
ID75009,0.47414675
ID75010,0.378907
ID75011,0.31982404
ID75012,0.5812283
ID75013,0.19249512
ID75014,0.2846793
ID75015,0.4838525
ID75016,0.60958624
ID75017,0.43144572
ID75018,0.3773687
ID75019,0.6404598
ID75020,0.084934
ID75021,0.533906
ID75022,0.46176177
ID75023,0.4667254
ID75024,0.42901713
ID75025,0.6249298
ID75026,0.63327986
ID75027,0.13926928
ID75028,0.1924558
ID75029,0.17048562
ID75030,0.48712534
ID75031,0.47944754
ID75032,0.300667
ID75033,0.6765133
ID75034,0.035697594
ID75035,0.65635943
ID75036,0.5402567
ID75037,0.14173363
ID75038,0.1559487
ID75039,0.3267926
ID75040,0.21591008
ID75041,0.56847864
ID75042,0.55202824
ID75043,0.6989805
ID75044,0.6707869
ID75045,0.34634975
ID75046,0.42798313
ID75047,0.46161824
ID75048,0.32049352
ID75049,0.19088909
ID75050,0.48121428
ID75051,0.58350164
ID75052,0.43028778
ID75053,0.56208414
ID75054,0.56921595
ID75055,0.18111648
ID75056,0.5831455
ID75057,0.34200728
ID75058,0.58166283
ID75059,0.2604923
ID75060,0.4942792
ID75061,0.39743826
ID75062,0.41448295
ID75063,0.6166359
ID75064,0.56959563
ID75065,0.63720876
ID75066,0.58863163
ID75067,0.49231416
ID75068,0.54498357
ID75069,0.39360207
ID75070,0.44865295
ID75071,0.32675886
ID75072,0.6536126
ID75073,0.43239176
ID75074,0.28680763
ID75075,0.560643
ID75076,0.49255294
ID75077,0.35371447
ID75078,0.53325415
ID75079,0.5708009
ID75080,0.5212029
ID75081,0.67743886
ID75082,0.25308678
ID75083,0.535377
ID75084,0.5827422
ID75085,0.6460682
ID75086,0.35675997
ID75087,0.09716905
ID75088,0.31088755
ID75089,0.5756654
ID75090,0.6773108
ID75091,0.58390427
ID75092,0.2212211
ID75093,0.26339275
ID75094,0.63477445
ID75095,0.29928046
ID75096,0.5453621
ID75097,0.6180909
ID75098,0.15522403
ID75099,0.24436694
ID75100,0.5542261
ID75101,0.28293583
ID75102,0.3496817
ID75103,0.015753973
ID75104,0.07859829
ID75105,0.3186387
ID75106,0.6421043
ID75107,0.52690476
ID75108,0.56689394
ID75109,0.30059904
ID75110,0.52087426
ID75111,0.080181696
ID75112,0.47633722
ID75113,0.048215825
ID75114,0.6415148
ID75115,0.2761037
ID75116,0.5927065
ID75117,0.37153935
ID75118,0.7573624
ID75119,0.5192809
ID75120,0.23429693
ID75121,0.6611152
ID75122,0.46474484
ID75123,0.41720784
ID75124,0.51977617
ID75125,0.2802274
ID75126,0.3270388
ID75127,0.5099833
ID75128,0.40254918
ID75129,0.57024616
ID75130,0.5421077
ID75131,0.2122038
ID75132,0.5206718
ID75133,0.2094692
ID75134,0.19088909
ID75135,0.68830955
ID75136,0.43209672
ID75137,0.45811382
ID75138,0.44790196
ID75139,0.48385492
ID75140,0.656804
ID75141,0.37140787
ID75142,0.18282017
ID75143,0.39618516
ID75144,0.23142938
ID75145,0.3214084
ID75146,0.0829282
ID75147,0.6361601
ID75148,0.5024497
ID75149,0.65591043
ID75150,0.08888424
ID75151,0.5076682
ID75152,0.24501754
ID75153,0.5439499
ID75154,0.26654723
ID75155,0.33479613
ID75156,0.31811965
ID75157,0.67365444
ID75158,0.22873282
ID75159,0.38823086
ID75160,0.5619257
ID75161,0.6209616
ID75162,0.5570871
ID75163,0.51762766
ID75164,0.5842086
ID75165,0.22506025
ID75166,0.6068397
ID75167,0.31233576
ID75168,0.55941343
ID75169,0.831536
ID75170,0.20281048
ID75171,0.5870153
ID75172,0.4775364
ID75173,0.6272956
ID75174,0.46523178
ID75175,0.5800552
ID75176,0.042109493
ID75177,0.11537954
ID75178,0.6243765
ID75179,0.48039755
ID75180,0.16528785
ID75181,0.33073103
ID75182,0.5306823
ID75183,0.44672537
ID75184,0.7644779
ID75185,0.5300932
ID75186,0.40000176
ID75187,0.52798223
ID75188,0.14262529
ID75189,0.38168606
ID75190,0.68057567
ID75191,0.6971112
ID75192,0.5120068
ID75193,0.46502137
ID75194,0.6242587
ID75195,0.73527485
ID75196,0.62487155
ID75197,0.6383827
ID75198,0.08824004
ID75199,0.51895726
ID75200,0.28130943
ID75201,0.5457242
ID75202,0.50494576
ID75203,0.08121566
ID75204,0.358221
ID75205,0.35697675
ID75206,0.5007955
ID75207,0.6575552
ID75208,0.21288604
ID75209,0.5227309
ID75210,0.23914945
ID75211,0.16508329
ID75212,0.2436291
ID75213,0.14857292
ID75214,0.55118626
ID75215,0.5934258
ID75216,0.6189716
ID75217,0.7350986
ID75218,0.1914634
ID75219,0.63177896
ID75220,0.13828096
ID75221,0.6275249
ID75222,0.5269581
ID75223,0.37409985
ID75224,0.6838756
ID75225,0.3002975
ID75226,0.36335462
ID75227,0.5565901
ID75228,0.5658908
ID75229,0.14298032
ID75230,0.21598797
ID75231,0.52604973
ID75232,0.43928117
ID75233,0.4675157
ID75234,0.03223154
ID75235,0.5318024
ID75236,0.6662087
ID75237,0.56791776
ID75238,0.41730905
ID75239,0.21464853
ID75240,0.54995424
ID75241,0.31677714
ID75242,0.5148358
ID75243,0.49423486
ID75244,0.29052106
ID75245,0.26469237
ID75246,0.5674825
ID75247,0.6415422
ID75248,0.18844153
ID75249,0.0939886
ID75250,0.64547634
ID75251,0.39219564
ID75252,0.34515604
ID75253,0.21412633
ID75254,0.51450855
ID75255,0.34487787
ID75256,0.1815425
ID75257,0.11456191
ID75258,0.077757075
ID75259,0.595494
ID75260,0.2074877
ID75261,0.679653
ID75262,0.4081508
ID75263,0.4706011
ID75264,0.5208188
ID75265,0.48009315
ID75266,0.56432664
ID75267,0.44970292
ID75268,0.55420643
ID75269,0.26771545
ID75270,0.564155
ID75271,0.59159625
ID75272,0.6876635
ID75273,0.10784425
ID75274,0.67048806
ID75275,0.094089344
ID75276,0.01771765
ID75277,0.42705607
ID75278,0.6185423
ID75279,0.35275936
ID75280,0.18484873
ID75281,0.43983763
ID75282,0.19737947
ID75283,0.20139025
ID75284,0.5255188
ID75285,0.4123629
ID75286,0.550871
ID75287,0.06538716
ID75288,0.23652263
ID75289,0.5336128
ID75290,0.32057002
ID75291,0.46356422
ID75292,0.6433826
ID75293,0.2781111
ID75294,0.54637194
ID75295,0.3259895
ID75296,0.23060344
ID75297,0.19325973
ID75298,0.52418184
ID75299,0.5995917
ID75300,0.17746615
ID75301,0.49153125
ID75302,0.45403352
ID75303,0.6413072
ID75304,0.45287046
ID75305,0.75499713
ID75306,0.51850396
ID75307,0.5343663
ID75308,0.45352426
ID75309,0.6512914
ID75310,0.62330264
ID75311,0.51701015
ID75312,0.7206573
ID75313,0.6621651
ID75314,0.4415438
ID75315,0.10395718
ID75316,0.38121033
ID75317,0.4944388
ID75318,0.54257727
ID75319,0.43308398
ID75320,0.44165623
ID75321,0.57548577
ID75322,0.22747336
ID75323,0.60773575
ID75324,0.5584201
ID75325,0.5036716
ID75326,0.1335469
ID75327,0.5266721
ID75328,0.56619155
ID75329,0.49008542
ID75330,0.21236634
ID75331,0.5199538
ID75332,0.61055773
ID75333,0.20534122
ID75334,0.4016473
ID75335,0.62612325
ID75336,0.29425734
ID75337,0.6512153
ID75338,0.31725416
ID75339,0.4269391
ID75340,0.3590746
ID75341,0.35661396
ID75342,0.64463955
ID75343,0.5554908
ID75344,0.05905775
ID75345,0.20030579
ID75346,0.027734758
ID75347,0.41040993
ID75348,0.3141348
ID75349,0.41271812
ID75350,0.5966405
ID75351,0.50287455
ID75352,0.3120099
ID75353,0.63967645
ID75354,0.5698286
ID75355,0.5497897
ID75356,0.5937078
ID75357,0.46391276
ID75358,0.29714555
ID75359,0.367459
ID75360,0.26883778
ID75361,0.64094436
ID75362,0.19876964
ID75363,0.58322394
ID75364,0.038213387
ID75365,0.4275479
ID75366,0.65158045
ID75367,0.2722472
ID75368,0.38083896
ID75369,0.5981787
ID75370,0.18748999
ID75371,0.5090734
ID75372,0.28819534
ID75373,0.3807619
ID75374,0.26611996
ID75375,0.27933374
ID75376,0.36294174
ID75377,0.5657055
ID75378,0.5123601
ID75379,0.6854512
ID75380,0.66706574
ID75381,0.5623692
ID75382,0.16330242
ID75383,0.23013283
ID75384,0.63861966
ID75385,0.3066247
ID75386,0.39010176
ID75387,0.62683266
ID75388,0.43958586
ID75389,0.42622256
ID75390,0.4094723
ID75391,0.5153418
ID75392,0.60534865
ID75393,0.29612792
ID75394,0.11428534
ID75395,0.10028122
ID75396,0.52531636
ID75397,0.655669
ID75398,0.29338354
ID75399,0.28581053
ID75400,0.4776053
ID75401,0.48718983
ID75402,0.26055327
ID75403,0.20953065
ID75404,0.40036434
ID75405,0.16825391
ID75406,0.6830371
ID75407,0.66527563
ID75408,0.5387509
ID75409,0.5966405
ID75410,0.33707994
ID75411,0.3061244
ID75412,0.27786827
ID75413,0.3021943
ID75414,0.31959864
ID75415,0.042689737
ID75416,0.47519898
ID75417,0.52734554
ID75418,0.58135927
ID75419,0.60012823
ID75420,0.38032776
ID75421,0.43980756
ID75422,0.5797717
ID75423,0.40640417
ID75424,0.395737
ID75425,0.50174904
ID75426,0.54307973
ID75427,0.45190609
ID75428,0.7649967
ID75429,0.6024045
ID75430,0.5083566
ID75431,0.27424636
ID75432,0.71078855
ID75433,0.6377946
ID75434,0.38716394
ID75435,0.40580964
ID75436,0.45486176
ID75437,0.25944602
ID75438,0.51710206
ID75439,0.6313438
ID75440,0.39105684
ID75441,0.62697226
ID75442,0.5409681
ID75443,0.25980255
ID75444,0.52708745
ID75445,0.665653
ID75446,0.5329151
ID75447,0.42108113
ID75448,0.19766803
ID75449,0.49466243
ID75450,0.5032191
ID75451,0.17062363
ID75452,0.51907355
ID75453,0.49367228
ID75454,0.42278638
ID75455,0.33351612
ID75456,0.009867218
ID75457,0.38562596
ID75458,0.04255388
ID75459,0.4176526
ID75460,0.488672
ID75461,0.58464587
ID75462,0.30966282
ID75463,0.07044203
ID75464,0.28346586
ID75465,0.657932
ID75466,0.6141479
ID75467,0.46756095
ID75468,0.5727405
ID75469,0.48523518
ID75470,0.4206961
ID75471,0.3877299
ID75472,0.5405374
ID75473,0.42937666
ID75474,0.5719809
ID75475,0.101875074
ID75476,0.26220834
ID75477,0.66989225
ID75478,0.45382267
ID75479,0.61449933
ID75480,0.69839275
ID75481,0.50473887
ID75482,0.45320573
ID75483,0.5311417
ID75484,0.47490177
ID75485,0.42368478
ID75486,0.3199068
ID75487,0.52733576
ID75488,0.58264387
ID75489,0.5185234
ID75490,0.58666617
ID75491,0.18752532
ID75492,0.5313991
ID75493,0.57971007
ID75494,0.63170034
ID75495,0.5650742
ID75496,0.45967796
ID75497,0.35462704
ID75498,0.57575244
ID75499,0.4770993
ID75500,0.6007149
ID75501,0.56174654
ID75502,0.08812007
ID75503,0.33940375
ID75504,0.48690772
ID75505,0.28736877
ID75506,0.33861342
ID75507,0.09403398
ID75508,0.27107787
ID75509,0.5661574
ID75510,0.42205882
ID75511,0.01897694
ID75512,0.5335123
ID75513,0.58887595
ID75514,0.61919945
ID75515,0.32625046
ID75516,0.44560468
ID75517,0.70549834
ID75518,0.44023114
ID75519,0.16590698
ID75520,0.62649894
ID75521,0.6054494
ID75522,0.6810149
ID75523,0.5421077
ID75524,0.5359066
ID75525,0.50661486
ID75526,0.4017547
ID75527,0.5136675
ID75528,0.31794688
ID75529,0.57604134
ID75530,0.12415322
ID75531,0.1409789
ID75532,0.4231712
ID75533,0.57482725
ID75534,0.55742794
ID75535,0.65446305
ID75536,0.5746478
ID75537,0.11680393
ID75538,0.17016864
ID75539,0.61675954
ID75540,0.5536263
ID75541,0.28618112
ID75542,0.44549856
ID75543,0.64514834
ID75544,0.536307
ID75545,0.44823682
ID75546,0.641476
ID75547,0.15820934
ID75548,0.283396
ID75549,0.17296031
ID75550,0.25243798
ID75551,0.506323
ID75552,0.3046908
ID75553,0.36419868
ID75554,0.54391617
ID75555,0.3630052
ID75556,0.25531417
ID75557,0.71743804
ID75558,0.5569408
ID75559,0.68143666
ID75560,0.62973183
ID75561,0.513235
ID75562,0.44278434
ID75563,0.39104113
ID75564,0.66116536
ID75565,0.18037164
ID75566,0.5162031
ID75567,0.6486207
ID75568,0.755517
ID75569,0.07040736
ID75570,0.60281616
ID75571,0.5702129
ID75572,0.21194799
ID75573,0.54226595
ID75574,0.38908258
ID75575,0.5928508
ID75576,0.5902097
ID75577,0.5261055
ID75578,0.7376175
ID75579,0.3497127
ID75580,0.20906378
ID75581,0.36145934
ID75582,0.6937341
ID75583,0.30093452
ID75584,0.5623503
ID75585,0.33962697
ID75586,0.64471555
ID75587,0.21732736
ID75588,0.010292385
ID75589,0.49070615
ID75590,0.29377627
ID75591,0.5082498
ID75592,0.4361497
ID75593,0.5812823
ID75594,0.63570863
ID75595,0.31375682
ID75596,0.18520959
ID75597,0.48458377
ID75598,0.27435347
ID75599,0.46573013
ID75600,0.4943872
ID75601,0.22235478
ID75602,0.45963952
ID75603,0.6021596
ID75604,0.40251642
ID75605,0.5647179
ID75606,0.3917937
ID75607,0.3879692
ID75608,0.45687437
ID75609,0.64446354
ID75610,0.025313899
ID75611,0.28167114
ID75612,0.38331163
ID75613,0.57663643
ID75614,0.022939667
ID75615,0.38425747
ID75616,0.37275934
ID75617,0.16268042
ID75618,0.7429883
ID75619,0.45066607
ID75620,0.71662325
ID75621,0.6493018
ID75622,0.19133453
ID75623,0.5620784
ID75624,0.46703675
ID75625,0.6665687
ID75626,0.3031908
ID75627,0.15663312
ID75628,0.42636466
ID75629,0.19193994
ID75630,0.59109086
ID75631,0.6278102
ID75632,0.47922453
ID75633,0.47171834
ID75634,0.24417543
ID75635,0.5217115
ID75636,0.18356884
ID75637,0.30120614
ID75638,0.4858107
ID75639,0.40280336
ID75640,0.55606335
ID75641,0.6591949
ID75642,0.63474053
ID75643,0.21229699
ID75644,0.009782209
ID75645,0.2632513
ID75646,0.41267776
ID75647,0.30442375
ID75648,0.43091083
ID75649,0.31538865
ID75650,0.27625453
ID75651,0.35343325
ID75652,0.53571975
ID75653,0.5744064
ID75654,0.48652276
ID75655,0.18692027
ID75656,0.6459817
ID75657,0.64717895
ID75658,0.4776226
ID75659,0.38187453
ID75660,0.037564013
ID75661,0.06262278
ID75662,0.20871578
ID75663,0.4469841
ID75664,0.32257956
ID75665,0.22938041
ID75666,0.55331045
ID75667,0.13701205
ID75668,0.48455435
ID75669,0.2920703
ID75670,0.30934343
ID75671,0.58230346
ID75672,0.55219877
ID75673,0.56243783
ID75674,0.47512895
ID75675,0.5864678
ID75676,0.47674856
ID75677,0.5444462
ID75678,0.43316716
ID75679,0.48805094
ID75680,0.5370729
ID75681,0.39605612
ID75682,0.43296123
ID75683,0.17931664
ID75684,0.51994216
ID75685,0.3808391
ID75686,0.4802473
ID75687,0.4927879
ID75688,0.35237208
ID75689,0.55467
ID75690,0.14185682
ID75691,0.49099952
ID75692,0.27409127
ID75693,0.41395754
ID75694,0.45911723
ID75695,0.5729544
ID75696,0.20951985
ID75697,0.5556912
ID75698,0.62736696
ID75699,0.29640657
ID75700,0.112633355
ID75701,0.5957574
ID75702,0.5560945
ID75703,0.5379593
ID75704,0.36240748
ID75705,0.535251
ID75706,0.040840626
ID75707,0.5080089
ID75708,0.6724555
ID75709,0.36549905
ID75710,0.23569417
ID75711,0.566403
ID75712,0.48000798
ID75713,0.26813114
ID75714,0.73343104
ID75715,0.19886552
ID75716,0.5818247
ID75717,0.49123764
ID75718,0.63089514
ID75719,0.46188116
ID75720,0.40126348
ID75721,0.24985531
ID75722,0.52556777
ID75723,0.37140104
ID75724,0.25252578
ID75725,0.45216337
ID75726,0.49764672
ID75727,0.2415752
ID75728,0.04046724
ID75729,0.49789235
ID75730,0.6104933
ID75731,0.6160705
ID75732,0.19423957
ID75733,0.07434854
ID75734,0.66502523
ID75735,0.673498
ID75736,0.4255169
ID75737,0.12069905
ID75738,0.56680536
ID75739,0.24837284
ID75740,0.18943925
ID75741,0.6335899
ID75742,0.43811545
ID75743,0.35238102
ID75744,0.62843347
ID75745,0.09346006
ID75746,0.5024755
ID75747,0.5921911
ID75748,0.131472
ID75749,0.16967049
ID75750,0.30297732
ID75751,0.4799236
ID75752,0.54943955
ID75753,0.43273208
ID75754,0.29415977
ID75755,0.51616645
ID75756,0.19783708
ID75757,0.32135156
ID75758,0.49101338
ID75759,0.518134
ID75760,0.49716774
ID75761,0.37321797
ID75762,0.6228066
ID75763,0.69323903
ID75764,0.2638047
ID75765,0.25127202
ID75766,0.5808365
ID75767,0.43658486
ID75768,0.19400978
ID75769,0.26069322
ID75770,0.42167935
ID75771,0.13229886
ID75772,0.46856016
ID75773,0.42858028
ID75774,0.26729712
ID75775,0.4397737
ID75776,0.60952556
ID75777,0.3057547
ID75778,0.52533287
ID75779,0.1207129
ID75780,0.29464278
ID75781,0.5103132
ID75782,0.5423683
ID75783,0.53250587
ID75784,0.6182669
ID75785,0.19682129
ID75786,0.47096193
ID75787,0.62819886
ID75788,0.5772673
ID75789,0.5145887
ID75790,0.5576399
ID75791,0.55391824
ID75792,0.37694892
ID75793,0.3551872
ID75794,0.23925146
ID75795,0.73923427
ID75796,0.561683
ID75797,0.26004183
ID75798,0.52657634
ID75799,0.58862317
ID75800,0.3279076
ID75801,0.5002699
ID75802,0.070998825
ID75803,0.6029761
ID75804,0.07226312
ID75805,0.4200059
ID75806,0.5537172
ID75807,0.5821054
ID75808,0.49150026
ID75809,0.343699
ID75810,0.34270483
ID75811,0.3628679
ID75812,0.053590946
ID75813,0.5652849
ID75814,0.16502751
ID75815,0.1876409
ID75816,0.25947967
ID75817,0.65268856
ID75818,0.24975699
ID75819,0.5905539
ID75820,0.40327698
ID75821,0.6317387
ID75822,0.36259848
ID75823,0.5755068
ID75824,0.5659822
ID75825,0.3739491
ID75826,0.5453511
ID75827,0.7418809
ID75828,0.05330817
ID75829,0.16140556
ID75830,0.28611353
ID75831,0.22766529
ID75832,0.7080231
ID75833,0.0931724
ID75834,0.2825988
ID75835,0.24690804
ID75836,0.1389583
ID75837,0.36311805
ID75838,0.25713637
ID75839,0.35958248
ID75840,0.35598788
ID75841,0.55396605
ID75842,0.68422645
ID75843,0.5620437
ID75844,0.35261852
ID75845,0.37289873
ID75846,0.23464973
ID75847,0.09275896
ID75848,0.386898
ID75849,0.42384893
ID75850,0.42141798
ID75851,0.26005745
ID75852,0.37790656
ID75853,0.5494583
ID75854,0.44287795
ID75855,0.26704887
ID75856,0.6055279
ID75857,0.10784069
ID75858,0.26554057
ID75859,0.6367144
ID75860,0.52067465
ID75861,0.48582545
ID75862,0.365378
ID75863,0.48148075
ID75864,0.39807495
ID75865,0.4644388
ID75866,0.59657604
ID75867,0.23131177
ID75868,0.23877819
ID75869,0.6115562
ID75870,0.67219895
ID75871,0.5990401
ID75872,0.24335064
ID75873,0.18361999
ID75874,0.4667451
ID75875,0.46066052
ID75876,0.22504286
ID75877,0.5258254
ID75878,0.45679173
ID75879,0.41980076
ID75880,0.1857468
ID75881,0.6137714
ID75882,0.649944
ID75883,0.7166928
ID75884,0.74307066
ID75885,0.24842604
ID75886,0.48985544
ID75887,0.28644547
ID75888,0.45835832
ID75889,0.36081573
ID75890,0.5117966
ID75891,0.5639348
ID75892,0.14495966
ID75893,0.5500373
ID75894,0.6267886
ID75895,0.69960976
ID75896,0.015447714
ID75897,0.17636985
ID75898,0.44206268
ID75899,0.5027988
ID75900,0.42061055
ID75901,0.22720562
ID75902,0.60641193
ID75903,0.3076967
ID75904,0.6096288
ID75905,0.6836112
ID75906,0.42573065
ID75907,0.4884455
ID75908,0.5460773
ID75909,0.7100383
ID75910,0.37939668
ID75911,0.59942865
ID75912,0.64782405
ID75913,0.2811192
ID75914,0.5093787
ID75915,0.5810086
ID75916,0.53899986
ID75917,0.3279692
ID75918,0.09302213
ID75919,0.33976436
ID75920,0.2577441
ID75921,0.32032478
ID75922,0.60924685
ID75923,0.19181977
ID75924,0.15542829
ID75925,0.09345855
ID75926,0.09624711
ID75927,0.25217706
ID75928,0.08470331
ID75929,0.18976709
ID75930,0.17997018
ID75931,0.6373045
ID75932,0.6078077
ID75933,0.15425818
ID75934,0.40635008
ID75935,0.14823727
ID75936,0.60865796
ID75937,0.16077399
ID75938,0.58223116
ID75939,0.28038916
ID75940,0.47658998
ID75941,0.54988974
ID75942,0.5959236
ID75943,0.24286558
ID75944,0.39477563
ID75945,0.29327652
ID75946,0.27798042
ID75947,0.29626274
ID75948,0.59176356
ID75949,0.5723525
ID75950,0.54672635
ID75951,0.40154594
ID75952,0.0366194
ID75953,0.3734988
ID75954,0.47544548
ID75955,0.37881586
ID75956,0.493769
ID75957,0.54637295
ID75958,0.55537504
ID75959,0.33577538
ID75960,0.05430879
ID75961,0.10618482
ID75962,0.19296233
ID75963,0.57493377
ID75964,0.73024464
ID75965,0.515934
ID75966,0.1641613
ID75967,0.615886
ID75968,0.3250883
ID75969,0.19596346
ID75970,0.6247695
ID75971,0.5937087
ID75972,0.5992085
ID75973,0.6465578
ID75974,0.41030452
ID75975,0.13528937
ID75976,0.27415964
ID75977,0.17214598
ID75978,0.3308942
ID75979,0.60321015
ID75980,0.35797638
ID75981,0.28237465
ID75982,0.4436541
ID75983,0.5130714
ID75984,0.49545348
ID75985,0.32056662
ID75986,0.12936668
ID75987,0.5921351
ID75988,0.44518328
ID75989,0.06773134
ID75990,0.133933
ID75991,0.33205464
ID75992,0.25257155
ID75993,0.62056255
ID75994,0.440319
ID75995,0.13952084
ID75996,0.5676286
ID75997,0.22261326
ID75998,0.36464804
ID75999,0.20795363
ID76000,0.54286927
ID76001,0.2588695
ID76002,0.49974087
ID76003,0.21479031
ID76004,0.57942706
ID76005,0.033664726
ID76006,0.49599144
ID76007,0.3882532
ID76008,0.28223273
ID76009,0.31362453
ID76010,0.6986214
ID76011,0.54922867
ID76012,0.47699872
ID76013,0.5766531
ID76014,0.32727632
ID76015,0.39923805
ID76016,0.76897734
ID76017,0.059168532
ID76018,0.30533558
ID76019,0.2618504
ID76020,0.33785003
ID76021,0.5248996
ID76022,0.7036044
ID76023,0.3433279
ID76024,0.057684872
ID76025,0.26044548
ID76026,0.564706
ID76027,0.35833508
ID76028,0.59872985
ID76029,0.53528774
ID76030,0.25109872
ID76031,0.7265389
ID76032,0.53120995
ID76033,0.59278315
ID76034,0.225637
ID76035,0.55411905
ID76036,0.40229923
ID76037,0.20630068
ID76038,0.56438446
ID76039,0.7440023
ID76040,0.56827325
ID76041,0.5316614
ID76042,0.5828869
ID76043,0.011977057
ID76044,0.70887464
ID76045,0.21559437
ID76046,0.21068765
ID76047,0.65217584
ID76048,0.31598085
ID76049,0.25488693
ID76050,0.35154203
ID76051,0.61574256
ID76052,0.4466201
ID76053,0.5967276
ID76054,0.6060343
ID76055,0.24572273
ID76056,0.61467916
ID76057,0.38982925
ID76058,0.74902356
ID76059,0.13698345
ID76060,0.09564068
ID76061,0.4320612
ID76062,0.34259272
ID76063,0.6727738
ID76064,0.44535747
ID76065,0.5742231
ID76066,0.43197152
ID76067,0.11994467
ID76068,0.5865849
ID76069,0.6109338
ID76070,0.38489184
ID76071,0.60784906
ID76072,0.40193582
ID76073,0.2993414
ID76074,0.529767
ID76075,0.49444667
ID76076,0.46373263
ID76077,0.5822042
ID76078,0.6311554
ID76079,0.2867953
ID76080,0.6014705
ID76081,0.63003427
ID76082,0.65663755
ID76083,0.4468015
ID76084,0.46906587
ID76085,0.21620351
ID76086,0.11902206
ID76087,0.20912647
ID76088,0.46664363
ID76089,0.7291479
ID76090,0.4027388
ID76091,0.07277605
ID76092,0.21688876
ID76093,0.6573044
ID76094,0.54259557
ID76095,0.20028701
ID76096,0.2631356
ID76097,0.24366774
ID76098,0.51568735
ID76099,0.5889838
ID76100,0.5272175
ID76101,0.40567335
ID76102,0.037753798
ID76103,0.30185786
ID76104,0.4370641
ID76105,0.45429116
ID76106,0.14413005
ID76107,0.39821848
ID76108,0.013099887
ID76109,0.6207239
ID76110,0.21454021
ID76111,0.31650522
ID76112,0.3644279
ID76113,0.36485368
ID76114,0.40248474
ID76115,0.19431102
ID76116,0.36263976
ID76117,0.48419255
ID76118,0.6741779
ID76119,0.5386112
ID76120,0.70026726
ID76121,0.55352837
ID76122,0.017818388
ID76123,0.5346672
ID76124,0.6655239
ID76125,0.65127176
ID76126,0.39746463
ID76127,0.54186755
ID76128,0.23545748
ID76129,0.64899534
ID76130,0.2268203
ID76131,0.4977547
ID76132,0.5844739
ID76133,0.1076799
ID76134,0.51159054
ID76135,0.6518057
ID76136,0.3109024
ID76137,0.55762964
ID76138,0.13082379
ID76139,0.62132645
ID76140,0.25081432
ID76141,0.48023948
ID76142,0.4896394
ID76143,0.6309996
ID76144,0.29764622
ID76145,0.2207831
ID76146,0.61852336
ID76147,0.16740906
ID76148,0.6556514
ID76149,0.3563283
ID76150,0.4406484
ID76151,0.58494675
ID76152,0.6026747
ID76153,0.5920189
ID76154,0.33226553
ID76155,0.55183864
ID76156,0.2506759
ID76157,0.37728202
ID76158,0.6026093
ID76159,0.22342257
ID76160,0.31247023
ID76161,0.41829705
ID76162,0.53302866
ID76163,0.30930197
ID76164,0.5609845
ID76165,0.56579494
ID76166,0.10882385
ID76167,0.2413379
ID76168,0.5694406
ID76169,0.27151284
ID76170,0.43659067
ID76171,0.39631772
ID76172,0.5997503
ID76173,0.5074447
ID76174,0.4111037
ID76175,0.013194269
ID76176,0.13012566
ID76177,0.6152427
ID76178,0.43546298
ID76179,0.060197324
ID76180,0.40511134
ID76181,0.46272305
ID76182,0.5919566
ID76183,0.3667734
ID76184,0.38739088
ID76185,0.12421282
ID76186,0.279652
ID76187,0.3996064
ID76188,0.35217392
ID76189,0.58939946
ID76190,0.4996685
ID76191,0.5656248
ID76192,0.2535329
ID76193,0.47563237
ID76194,0.5989938
ID76195,0.5177199
ID76196,0.6084299
ID76197,0.65299577
ID76198,0.14493844
ID76199,0.44063777
ID76200,0.54052067
ID76201,0.56379765
ID76202,0.5763091
ID76203,0.5279087
ID76204,0.601515
ID76205,0.33774626
ID76206,0.33939824
ID76207,0.5484618
ID76208,0.6751559
ID76209,0.28450313
ID76210,0.30760413
ID76211,0.38670653
ID76212,0.3228372
ID76213,0.443121
ID76214,0.23691575
ID76215,0.526904
ID76216,0.60052264
ID76217,0.65658414
ID76218,0.50241655
ID76219,0.4084157
ID76220,0.77384853
ID76221,0.3621975
ID76222,0.5776037
ID76223,0.17338839
ID76224,0.18827839
ID76225,0.41913253
ID76226,0.56475353
ID76227,0.65002644
ID76228,0.27348801
ID76229,0.6717603
ID76230,0.44804257
ID76231,0.34594172
ID76232,0.6824813
ID76233,0.398714
ID76234,0.5430329
ID76235,0.5362442
ID76236,0.13856119
ID76237,0.39477465
ID76238,0.26129672
ID76239,0.008535251
ID76240,0.40789926
ID76241,0.6917487
ID76242,0.39306694
ID76243,0.3331066
ID76244,0.52525324
ID76245,0.44589773
ID76246,0.093328595
ID76247,0.32681727
ID76248,0.33270714
ID76249,0.5771408
ID76250,0.4224018
ID76251,0.6149527
ID76252,0.42187008
ID76253,0.23519376
ID76254,0.19337405
ID76255,0.47908807
ID76256,0.16982481
ID76257,0.33503094
ID76258,0.49682218
ID76259,0.3176723
ID76260,0.61262643
ID76261,0.46555313
ID76262,0.42126358
ID76263,0.38257977
ID76264,0.09457599
ID76265,0.21447939
ID76266,0.26787448
ID76267,0.55333173
ID76268,0.5970712
ID76269,0.58090335
ID76270,0.35120744
ID76271,0.3071717
ID76272,0.3154492
ID76273,0.3843843
ID76274,0.15841569
ID76275,0.6552908
ID76276,0.6411728
ID76277,0.52338415
ID76278,0.47338092
ID76279,0.56538767
ID76280,0.14474979
ID76281,0.4450049
ID76282,0.15359813
ID76283,0.49730474
ID76284,0.38678646
ID76285,0.1319343
ID76286,0.4094742
ID76287,0.5084294
ID76288,0.15289211
ID76289,0.52526647
ID76290,0.034532547
ID76291,0.0771554
ID76292,0.63685167
ID76293,0.39319736
ID76294,0.44428006
ID76295,0.5904761
ID76296,0.31269473
ID76297,0.23358054
ID76298,0.6054561
ID76299,0.6203383
ID76300,0.6181206
ID76301,0.3390297
ID76302,0.6088046
ID76303,0.47473353
ID76304,0.4315528
ID76305,0.47700408
ID76306,0.33144447
ID76307,0.11996829
ID76308,0.29206514
ID76309,0.6334209
ID76310,0.19469552
ID76311,0.22697227
ID76312,0.30064714
ID76313,0.20093879
ID76314,0.62231225
ID76315,0.16147101
ID76316,0.55444384
ID76317,0.544223
ID76318,0.4196371
ID76319,0.5200976
ID76320,0.19067743
ID76321,0.61321336
ID76322,0.6111548
ID76323,0.39220238
ID76324,0.5254191
ID76325,0.500785
ID76326,0.6653512
ID76327,0.5213299
ID76328,0.2211129
ID76329,0.13221884
ID76330,0.44830224
ID76331,0.17895846
ID76332,0.36924422
ID76333,0.30197942
ID76334,0.6556681
ID76335,0.39476308
ID76336,0.3365675
ID76337,0.594404
ID76338,0.24407358
ID76339,0.5777718
ID76340,0.52662134
ID76341,0.30232054
ID76342,0.35177162
ID76343,0.6041669
ID76344,0.69175375
ID76345,0.66695005
ID76346,0.35318586
ID76347,0.20176302
ID76348,0.59086186
ID76349,0.07029553
ID76350,0.17083496
ID76351,0.61120325
ID76352,0.60548156
ID76353,0.5719726
ID76354,0.5327659
ID76355,0.251059
ID76356,0.3391027
ID76357,0.7323072
ID76358,0.49808702
ID76359,0.46177855
ID76360,0.3750904
ID76361,0.5486938
ID76362,0.53610563
ID76363,0.65332425
ID76364,0.09899351
ID76365,0.41248408
ID76366,0.6888194
ID76367,0.604271
ID76368,0.605844
ID76369,0.44461218
ID76370,0.52967274
ID76371,0.5962871
ID76372,0.22524048
ID76373,0.1892867
ID76374,0.23394409
ID76375,0.33768222
ID76376,0.1677382
ID76377,0.37391487
ID76378,0.16118832
ID76379,0.2588017
ID76380,0.1868737
ID76381,0.27416763
ID76382,0.60105133
ID76383,0.54068655
ID76384,0.8205784
ID76385,0.20021595
ID76386,0.5335591
ID76387,0.7172243
ID76388,0.43586224
ID76389,0.50295025
ID76390,0.023880998
ID76391,0.38232842
ID76392,0.36038068
ID76393,0.27786827
ID76394,0.62919456
ID76395,0.5423134
ID76396,0.5752149
ID76397,0.3213488
ID76398,0.720358
ID76399,0.3416641
ID76400,0.04404186
ID76401,0.66384256
ID76402,0.24510567
ID76403,0.49878827
ID76404,0.5745034
ID76405,0.34515047
ID76406,0.65866435
ID76407,0.5769285
ID76408,0.19609715
ID76409,0.521793
ID76410,0.3607553
ID76411,0.43966714
ID76412,0.56647563
ID76413,0.6681872
ID76414,0.3072294
ID76415,0.4698438
ID76416,0.11487572
ID76417,0.3726317
ID76418,0.35666493
ID76419,0.39200386
ID76420,0.6264777
ID76421,0.48757586
ID76422,0.7264643
ID76423,0.5822947
ID76424,0.41012827
ID76425,0.5341141
ID76426,0.6437737
ID76427,0.60034823
ID76428,0.5050857
ID76429,0.7829611
ID76430,0.50728804
ID76431,0.53401965
ID76432,0.59943384
ID76433,0.22663575
ID76434,0.37987682
ID76435,0.5579975
ID76436,0.5000798
ID76437,0.53689873
ID76438,0.47130984
ID76439,0.18251339
ID76440,0.3505408
ID76441,0.579587
ID76442,0.5313557
ID76443,0.29652327
ID76444,0.5367727
ID76445,0.15615979
ID76446,0.15565483
ID76447,0.73745215
ID76448,0.65797424
ID76449,0.6109216
ID76450,0.22858359
ID76451,0.46564966
ID76452,0.43019798
ID76453,0.09602518
ID76454,0.42578498
ID76455,0.16944233
ID76456,0.44634396
ID76457,0.3026557
ID76458,0.59595466
ID76459,0.5562028
ID76460,0.5180288
ID76461,0.4090541
ID76462,0.38456434
ID76463,0.17931443
ID76464,0.08370693
ID76465,0.1911362
ID76466,0.5882382
ID76467,0.2744675
ID76468,0.6065913
ID76469,0.5348571
ID76470,0.49876174
ID76471,0.4446779
ID76472,0.1659908
ID76473,0.39541078
ID76474,0.147311
ID76475,0.57109994
ID76476,0.12619519
ID76477,0.46374485
ID76478,0.6281047
ID76479,0.13500595
ID76480,0.60121965
ID76481,0.051381648
ID76482,0.3282204
ID76483,0.7288469
ID76484,0.46524104
ID76485,0.7403918
ID76486,0.3643042
ID76487,0.7156129
ID76488,0.24596676
ID76489,0.6609425
ID76490,0.6288153
ID76491,0.61559176
ID76492,0.401038
ID76493,0.10036585
ID76494,0.51852375
ID76495,0.34438992
ID76496,0.6591536
ID76497,0.58698076
ID76498,0.58618027
ID76499,0.6569786
ID76500,0.46936366
ID76501,0.68622977
ID76502,0.5383719
ID76503,0.17706007
ID76504,0.6180664
ID76505,0.6057165
ID76506,0.22820973
ID76507,0.012778338
ID76508,0.65957814
ID76509,0.29477945
ID76510,0.5266003
ID76511,0.56471175
ID76512,0.10556259
ID76513,0.6426237
ID76514,0.7316063
ID76515,0.48657706
ID76516,0.40993667
ID76517,0.29344216
ID76518,0.5280033
ID76519,0.54678166
ID76520,0.3210099
ID76521,0.6216249
ID76522,0.49830905
ID76523,0.5543429
ID76524,0.6347735
ID76525,0.45247078
ID76526,0.40287027
ID76527,0.45351985
ID76528,0.5911428
ID76529,0.5640444
ID76530,0.73720765
ID76531,0.48932418
ID76532,0.46250266
ID76533,0.5485641
ID76534,0.17353334
ID76535,0.3213361
ID76536,0.60443276
ID76537,0.22444652
ID76538,0.61493254
ID76539,0.2696232
ID76540,0.3697996
ID76541,0.09944051
ID76542,0.5886525
ID76543,0.10034305
ID76544,0.58016795
ID76545,0.30916858
ID76546,0.08861881
ID76547,0.21283135
ID76548,0.56871724
ID76549,0.32332364
ID76550,0.35229284
ID76551,0.22101052
ID76552,0.11697298
ID76553,0.62610954
ID76554,0.452613
ID76555,0.3228822
ID76556,0.79862493
ID76557,0.59353656
ID76558,0.24227223
ID76559,0.42208752
ID76560,0.12461686
ID76561,0.39523208
ID76562,0.62831396
ID76563,0.57151425
ID76564,0.48744076
ID76565,0.64534235
ID76566,0.5595705
ID76567,0.1892054
ID76568,0.3149863
ID76569,0.4391198
ID76570,0.5175151
ID76571,0.4770706
ID76572,0.29724875
ID76573,0.23224293
ID76574,0.35783365
ID76575,0.35969666
ID76576,0.5347415
ID76577,0.029129192
ID76578,0.22528566
ID76579,0.5506851
ID76580,0.09074615
ID76581,0.52692145
ID76582,0.24333912
ID76583,0.055241738
ID76584,0.49674997
ID76585,0.4634293
ID76586,0.56256413
ID76587,0.5145282
ID76588,0.6636367
ID76589,0.55553305
ID76590,0.4539366
ID76591,0.66854644
ID76592,0.5098206
ID76593,0.39601675
ID76594,0.17565694
ID76595,0.4799713
ID76596,0.38151103
ID76597,0.20931686
ID76598,0.50821114
ID76599,0.23320507
ID76600,0.2561492
ID76601,0.3889714
ID76602,0.5509735
ID76603,0.1862065
ID76604,0.66775954
ID76605,0.3704371
ID76606,0.6043086
ID76607,0.15706654
ID76608,0.23051077
ID76609,0.2596326
ID76610,0.32890588
ID76611,0.2751157
ID76612,0.24905445
ID76613,0.47268188
ID76614,0.4208811
ID76615,0.5713256
ID76616,0.36587545
ID76617,0.38620603
ID76618,0.19526044
ID76619,0.6197082
ID76620,0.50812715
ID76621,0.39675155
ID76622,0.70024955
ID76623,0.124205366
ID76624,0.6855088
ID76625,0.5665399
ID76626,0.14721335
ID76627,0.58423835
ID76628,0.2835077
ID76629,0.66809404
ID76630,0.519981
ID76631,0.46509707
ID76632,0.55150014
ID76633,0.50859684
ID76634,0.4593435
ID76635,0.5985033
ID76636,0.5961139
ID76637,0.3519963
ID76638,0.32499883
ID76639,0.4684402
ID76640,0.25456148
ID76641,0.13133326
ID76642,0.10981098
ID76643,0.53800154
ID76644,0.5554333
ID76645,0.43603912
ID76646,0.6129161
ID76647,0.72678596
ID76648,0.3659813
ID76649,0.62687784
ID76650,0.5476121
ID76651,0.18742304
ID76652,0.50507486
ID76653,0.3061295
ID76654,0.29736525
ID76655,0.44411916
ID76656,0.055523656
ID76657,0.35408437
ID76658,0.11959653
ID76659,0.23414981
ID76660,0.76256233
ID76661,0.16400392
ID76662,0.53508824
ID76663,0.38318482
ID76664,0.50175864
ID76665,0.3821724
ID76666,0.43619692
ID76667,0.31681353
ID76668,0.56266606
ID76669,0.36970532
ID76670,0.56592226
ID76671,0.23385665
ID76672,0.43061075
ID76673,0.42004746
ID76674,0.58835065
ID76675,0.1513607
ID76676,0.29593828
ID76677,0.54465926
ID76678,0.1827102
ID76679,0.5866025
ID76680,0.18104559
ID76681,0.55228955
ID76682,0.075116985
ID76683,0.58028644
ID76684,0.48543212
ID76685,0.1554807
ID76686,0.4635508
ID76687,0.42021582
ID76688,0.30244133
ID76689,0.19987889
ID76690,0.6880451
ID76691,0.39525014
ID76692,0.25591472
ID76693,0.46802884
ID76694,0.24980626
ID76695,0.60325253
ID76696,0.47977293
ID76697,0.19657567
ID76698,0.6428167
ID76699,0.22578724
ID76700,0.29025218
ID76701,0.6743012
ID76702,0.4639539
ID76703,0.57395345
ID76704,0.3486615
ID76705,0.29482886
ID76706,0.36516663
ID76707,0.21600349
ID76708,0.5772788
ID76709,0.42702612
ID76710,0.3683364
ID76711,0.37761948
ID76712,0.08776364
ID76713,0.24322076
ID76714,0.45583254
ID76715,0.15858522
ID76716,0.62039274
ID76717,0.43438983
ID76718,0.55377334
ID76719,0.528532
ID76720,0.06453304
ID76721,0.3765492
ID76722,0.22765921
ID76723,0.18594852
ID76724,0.4196371
ID76725,0.1238867
ID76726,0.4102
ID76727,0.52887404
ID76728,0.4404249
ID76729,0.57390726
ID76730,0.20999725
ID76731,0.6331479
ID76732,0.62739354
ID76733,0.39013004
ID76734,0.37956163
ID76735,0.5538728
ID76736,0.58644646
ID76737,0.27572805
ID76738,0.5404866
ID76739,0.5384665
ID76740,0.2635476
ID76741,0.63919884
ID76742,0.5471353
ID76743,0.5525839
ID76744,0.35272312
ID76745,0.27239594
ID76746,0.5696879
ID76747,0.63873845
ID76748,0.14300779
ID76749,0.4990054
ID76750,0.32950485
ID76751,0.25817522
ID76752,0.54523516
ID76753,0.63716
ID76754,0.3668138
ID76755,0.5506987
ID76756,0.535415
ID76757,0.4589507
ID76758,0.67438877
ID76759,0.20939152
ID76760,0.669135
ID76761,0.5045792
ID76762,0.3750402
ID76763,0.19271167
ID76764,0.038282447
ID76765,0.5208646
ID76766,0.21378973
ID76767,0.30464882
ID76768,0.13768575
ID76769,0.64781183
ID76770,0.42619514
ID76771,0.33523205
ID76772,0.03868573
ID76773,0.6009323
ID76774,0.09984291
ID76775,0.595594
ID76776,0.3680395
ID76777,0.35897234
ID76778,0.5434294
ID76779,0.532197
ID76780,0.5323119
ID76781,0.35470864
ID76782,0.67376465
ID76783,0.4917386
ID76784,0.4011576
ID76785,0.41688415
ID76786,0.6343554
ID76787,0.4245286
ID76788,0.15359704
ID76789,0.5326418
ID76790,0.19804154
ID76791,0.3566058
ID76792,0.12344076
ID76793,0.19062603
ID76794,0.5598484
ID76795,0.3385271
ID76796,0.38996482
ID76797,0.5080975
ID76798,0.5334705
ID76799,0.5206141
ID76800,0.24569814
ID76801,0.6065336
ID76802,0.26994056
ID76803,0.11214772
ID76804,0.57733196
ID76805,0.67027533
ID76806,0.6342262
ID76807,0.29315495
ID76808,0.29526576
ID76809,0.40116674
ID76810,0.17283143
ID76811,0.49888122
ID76812,0.123348795
ID76813,0.5239714
ID76814,0.10662812
ID76815,0.45770347
ID76816,0.5958933
ID76817,0.06895965
ID76818,0.17879234
ID76819,0.6296527
ID76820,0.115456596
ID76821,0.51089436
ID76822,0.4589879
ID76823,0.5185627
ID76824,0.2318761
ID76825,0.3225252
ID76826,0.44566944
ID76827,0.398634
ID76828,0.6325587
ID76829,0.29736447
ID76830,0.40441102
ID76831,0.50889266
ID76832,0.57445925
ID76833,0.5855702
ID76834,0.53508824
ID76835,0.5742543
ID76836,0.09125372
ID76837,0.4321007
ID76838,0.6609554
ID76839,0.5260869
ID76840,0.34490296
ID76841,0.63198125
ID76842,0.5799007
ID76843,0.22640455
ID76844,0.4782117
ID76845,0.27826682
ID76846,0.42156062
ID76847,0.050342225
ID76848,0.552105
ID76849,0.62526023
ID76850,0.062235303
ID76851,0.1654755
ID76852,0.477771
ID76853,0.5350665
ID76854,0.3680858
ID76855,0.628297
ID76856,0.21878406
ID76857,0.22921036
ID76858,0.20886154
ID76859,0.43625247
ID76860,0.54170966
ID76861,0.4872684
ID76862,0.7280832
ID76863,0.6782427
ID76864,0.27678984
ID76865,0.32265407
ID76866,0.17726913
ID76867,0.554338
ID76868,0.31994572
ID76869,0.32760963
ID76870,0.5255844
ID76871,0.5194496
ID76872,0.07157055
ID76873,0.39708117
ID76874,0.78928316
ID76875,0.544912
ID76876,0.6637751
ID76877,0.53786993
ID76878,0.48763537
ID76879,0.43410826
ID76880,0.8149946
ID76881,0.4338194
ID76882,0.7666867
ID76883,0.40173578
ID76884,0.34043095
ID76885,0.43337202
ID76886,0.52040213
ID76887,0.37671712
ID76888,0.70250064
ID76889,0.16531223
ID76890,0.6927034
ID76891,0.4999991
ID76892,0.5261379
ID76893,0.4021433
ID76894,0.5613815
ID76895,0.3433567
ID76896,0.56011534
ID76897,0.65000266
ID76898,0.5944655
ID76899,0.2542491
ID76900,0.36112627
ID76901,0.26941428
ID76902,0.32899576
ID76903,0.4292406
ID76904,0.22548556
ID76905,0.40382865
ID76906,0.4400561
ID76907,0.7371889
ID76908,0.3103093
ID76909,0.18270832
ID76910,0.36167186
ID76911,0.04300785
ID76912,0.63402784
ID76913,0.6052812
ID76914,0.56082964
ID76915,0.5135274
ID76916,0.4658371
ID76917,0.43851125
ID76918,0.59541386
ID76919,0.6355851
ID76920,0.25162578
ID76921,0.20820136
ID76922,0.40368122
ID76923,0.36077034
ID76924,0.271242
ID76925,0.2260076
ID76926,0.49507013
ID76927,0.5934181
ID76928,0.32179192
ID76929,0.117582776
ID76930,0.47885782
ID76931,0.62768716
ID76932,0.4246292
ID76933,0.12736256
ID76934,0.4311386
ID76935,0.10415098
ID76936,0.39537394
ID76937,0.44210193
ID76938,0.530146
ID76939,0.3799085
ID76940,0.6240096
ID76941,0.46991327
ID76942,0.601431
ID76943,0.5085392
ID76944,0.5398017
ID76945,0.45035893
ID76946,0.47744063
ID76947,0.5019821
ID76948,0.25333053
ID76949,0.6030785
ID76950,0.59003395
ID76951,0.74491364
ID76952,0.43962243
ID76953,0.48883152
ID76954,0.34049815
ID76955,0.47761336
ID76956,0.5987164
ID76957,0.19230394
ID76958,0.082466565
ID76959,0.43899304
ID76960,0.3337966
ID76961,0.51225233
ID76962,0.6022896
ID76963,0.43878636
ID76964,0.67646843
ID76965,0.09211767
ID76966,0.43125215
ID76967,0.6736397
ID76968,0.20623943
ID76969,0.39478043
ID76970,0.6004181
ID76971,0.09346305
ID76972,0.38845712
ID76973,0.23556626
ID76974,0.22400506
ID76975,0.60288674
ID76976,0.660248
ID76977,0.39281034
ID76978,0.5479691
ID76979,0.6381384
ID76980,0.35954374
ID76981,0.51425827
ID76982,0.39449692
ID76983,0.23310368
ID76984,0.47021124
ID76985,0.4455453
ID76986,0.54903007
ID76987,0.579378
ID76988,0.36293638
ID76989,0.22850496
ID76990,0.26594025
ID76991,0.59379697
ID76992,0.35423777
ID76993,0.59416735
ID76994,0.23744492
ID76995,0.38227192
ID76996,0.4293328
ID76997,0.5794515
ID76998,0.4732997
ID76999,0.60221916
ID77000,0.50606465
ID77001,0.048534997
ID77002,0.72152317
ID77003,0.28745267
ID77004,0.43279994
ID77005,0.15422335
ID77006,0.243783
ID77007,0.42560887
ID77008,0.35039547
ID77009,0.47320068
ID77010,0.116053924
ID77011,0.4564571
ID77012,0.4643509
ID77013,0.22924866
ID77014,0.5184629
ID77015,0.50931054
ID77016,0.24963798
ID77017,0.29899004
ID77018,0.38961017
ID77019,0.62844265
ID77020,0.64649725
ID77021,0.12538643
ID77022,0.57334375
ID77023,0.33189285
ID77024,0.6089758
ID77025,0.31106701
ID77026,0.52364063
ID77027,0.46449804
ID77028,0.6583854
ID77029,0.18193157
ID77030,0.5946697
ID77031,0.036523715
ID77032,0.19654588
ID77033,0.6430644
ID77034,0.049110577
ID77035,0.48998147
ID77036,0.23850304
ID77037,0.29879802
ID77038,0.54241025
ID77039,0.33225048
ID77040,0.36346474
ID77041,0.23658651
ID77042,0.3457036
ID77043,0.5428585
ID77044,0.335606
ID77045,0.069260545
ID77046,0.28767163
ID77047,0.43543163
ID77048,0.3256329
ID77049,0.42080757
ID77050,0.29028228
ID77051,0.6100669
ID77052,0.27404743
ID77053,0.40552613
ID77054,0.22427416
ID77055,0.57070243
ID77056,0.60875875
ID77057,0.23086192
ID77058,0.59412897
ID77059,0.32817245
ID77060,0.3246904
ID77061,0.26201066
ID77062,0.3257945
ID77063,0.5631595
ID77064,0.5680723
ID77065,0.5477437
ID77066,0.3238984
ID77067,0.08492856
ID77068,0.6002489
ID77069,0.13721819
ID77070,0.5653336
ID77071,0.32263857
ID77072,0.36855417
ID77073,0.5935613
ID77074,0.58713347
ID77075,0.62695503
ID77076,0.46997142
ID77077,0.23791698
ID77078,0.29521936
ID77079,0.46481255
ID77080,0.56414115
ID77081,0.37338933
ID77082,0.31999075
ID77083,0.49247208
ID77084,0.3855338
ID77085,0.114233494
ID77086,0.33634698
ID77087,0.45632392
ID77088,0.48880547
ID77089,0.29670748
ID77090,0.4767556
ID77091,0.06399556
ID77092,0.73175216
ID77093,0.6102093
ID77094,0.5159871
ID77095,0.6413275
ID77096,0.38627392
ID77097,0.24781306
ID77098,0.30662104
ID77099,0.51648486
ID77100,0.18972293
ID77101,0.26839006
ID77102,0.7262783
ID77103,0.62234557
ID77104,0.36356947
ID77105,0.43088594
ID77106,0.46598268
ID77107,0.5783088
ID77108,0.51041996
ID77109,0.25358507
ID77110,0.17275582
ID77111,0.20064974
ID77112,0.561748
ID77113,0.62408096
ID77114,0.5148093
ID77115,0.1866991
ID77116,0.7412812
ID77117,0.13278247
ID77118,0.5233784
ID77119,0.1772403
ID77120,0.5200735
ID77121,0.5423671
ID77122,0.6124482
ID77123,0.4988759
ID77124,0.53272325
ID77125,0.710524
ID77126,0.6458424
ID77127,0.68231106
ID77128,0.47191086
ID77129,0.09862588
ID77130,0.088493735
ID77131,0.5600334
ID77132,0.64860547
ID77133,0.0891337
ID77134,0.2434905
ID77135,0.43080747
ID77136,0.4891666
ID77137,0.5557809
ID77138,0.5595169
ID77139,0.47977254
ID77140,0.24921417
ID77141,0.6758567
ID77142,0.34784406
ID77143,0.58106214
ID77144,0.38662076
ID77145,0.33870003
ID77146,0.11583224
ID77147,0.61560076
ID77148,0.13272274
ID77149,0.03678232
ID77150,0.5770475
ID77151,0.09825262
ID77152,0.29194972
ID77153,0.39250085
ID77154,0.3975854
ID77155,0.6705737
ID77156,0.50148976
ID77157,0.4158599
ID77158,0.63562524
ID77159,0.5657327
ID77160,0.13245854
ID77161,0.5312177
ID77162,0.039482817
ID77163,0.60122734
ID77164,0.636381
ID77165,0.2517272
ID77166,0.61480653
ID77167,0.35342917
ID77168,0.2860962
ID77169,0.5332018
ID77170,0.58955896
ID77171,0.47782576
ID77172,0.64098966
ID77173,0.65104765
ID77174,0.33760828
ID77175,0.58842605
ID77176,0.5352958
ID77177,0.5251035
ID77178,0.38807106
ID77179,0.51201826
ID77180,0.63575214
ID77181,0.74198866
ID77182,0.63503623
ID77183,0.5394799
ID77184,0.32025316
ID77185,0.57017475
ID77186,0.48082876
ID77187,0.44644758
ID77188,0.17076752
ID77189,0.25149667
ID77190,0.5104079
ID77191,0.44586655
ID77192,0.21157952
ID77193,0.4989573
ID77194,0.25364128
ID77195,0.27531415
ID77196,0.031585533
ID77197,0.2474116
ID77198,0.2509655
ID77199,0.46686375
ID77200,0.108112164
ID77201,0.71732783
ID77202,0.42499003
ID77203,0.5727452
ID77204,0.4776511
ID77205,0.6979495
ID77206,0.26216865
ID77207,0.1806685
ID77208,0.60389316
ID77209,0.52690494
ID77210,0.3673248
ID77211,0.34326082
ID77212,0.6564357
ID77213,0.5980766
ID77214,0.4284778
ID77215,0.60777843
ID77216,0.26617187
ID77217,0.37743908
ID77218,0.3198543
ID77219,0.2722775
ID77220,0.40813884
ID77221,0.0053654155
ID77222,0.16915359
ID77223,0.28060874
ID77224,0.42678824
ID77225,0.43035567
ID77226,0.7437894
ID77227,0.21638519
ID77228,0.6501571
ID77229,0.47256684
ID77230,0.05802186
ID77231,0.47619337
ID77232,0.43322212
ID77233,0.25340208
ID77234,0.53135526
ID77235,0.3326532
ID77236,0.2996114
ID77237,0.5649964
ID77238,0.2736119
ID77239,0.46794394
ID77240,0.17508991
ID77241,0.0573076
ID77242,0.47409493
ID77243,0.25562903
ID77244,0.25558957
ID77245,0.6052175
ID77246,0.05311889
ID77247,0.14945586
ID77248,0.057940647
ID77249,0.53819114
ID77250,0.47052357
ID77251,0.6934617
ID77252,0.18741956
ID77253,0.47945073
ID77254,0.013506279
ID77255,0.6426053
ID77256,0.27526078
ID77257,0.25384918
ID77258,0.71245253
ID77259,0.24058169
ID77260,0.25977352
ID77261,0.39619955
ID77262,0.6569954
ID77263,0.57894224
ID77264,0.4444474
ID77265,0.29599
ID77266,0.62224054
ID77267,0.24623165
ID77268,0.23498438
ID77269,0.51652604
ID77270,0.5045699
ID77271,0.5638356
ID77272,0.2619335
ID77273,0.4451348
ID77274,0.33367234
ID77275,0.15291147
ID77276,0.4704871
ID77277,0.5709107
ID77278,0.20261095
ID77279,0.44402072
ID77280,0.6138671
ID77281,0.65156
ID77282,0.6858936
ID77283,0.236478
ID77284,0.5309566
ID77285,0.10315359
ID77286,0.30038193
ID77287,0.18374123
ID77288,0.6021254
ID77289,0.5126859
ID77290,0.4912082
ID77291,0.6205468
ID77292,0.4573386
ID77293,0.6510732
ID77294,0.52614594
ID77295,0.26679507
ID77296,0.45613396
ID77297,0.4573956
ID77298,0.3821006
ID77299,0.15359071
ID77300,0.5226469
ID77301,0.46705434
ID77302,0.007883171
ID77303,0.3535341
ID77304,0.11413318
ID77305,0.16546538
ID77306,0.36934695
ID77307,0.49868175
ID77308,0.3499101
ID77309,0.6503351
ID77310,0.4756358
ID77311,0.27682704
ID77312,0.23690926
ID77313,0.6373523
ID77314,0.59430444
ID77315,0.30416664
ID77316,0.14566533
ID77317,0.5715584
ID77318,0.49827233
ID77319,0.3353153
ID77320,0.29855776
ID77321,0.57496166
ID77322,0.12310035
ID77323,0.25141978
ID77324,0.109035164
ID77325,0.47961497
ID77326,0.43930915
ID77327,0.09212108
ID77328,0.03890049
ID77329,0.40512645
ID77330,0.5764426
ID77331,0.5221524
ID77332,0.5813706
ID77333,0.1885663
ID77334,0.30673006
ID77335,0.08250772
ID77336,0.32483017
ID77337,0.2567733
ID77338,0.4057772
ID77339,0.24298337
ID77340,0.36284018
ID77341,0.56701773
ID77342,0.25514862
ID77343,0.39018288
ID77344,0.79648495
ID77345,0.33393413
ID77346,0.21693127
ID77347,0.67389125
ID77348,0.51748407
ID77349,0.33117637
ID77350,0.49193764
ID77351,0.6103656
ID77352,0.7767722
ID77353,0.54863983
ID77354,0.12852749
ID77355,0.40230805
ID77356,0.68608934
ID77357,0.19614306
ID77358,0.6599564
ID77359,0.16941074
ID77360,0.4135821
ID77361,0.6393382
ID77362,0.28117022
ID77363,0.27224365
ID77364,0.2881052
ID77365,0.669805
ID77366,0.60729855
ID77367,0.67243123
ID77368,0.2272249
ID77369,0.24073175
ID77370,0.06263202
ID77371,0.34497496
ID77372,0.3045517
ID77373,0.4635764
ID77374,0.52241445
ID77375,0.21713167
ID77376,0.39227933
ID77377,0.5215227
ID77378,0.70916307
ID77379,0.40163693
ID77380,0.22698481
ID77381,0.39441833
ID77382,0.3395748
ID77383,0.36880335
ID77384,0.4353517
ID77385,0.18736444
ID77386,0.11020587
ID77387,0.6317215
ID77388,0.7166161
ID77389,0.13826044
ID77390,0.4340511
ID77391,0.54020005
ID77392,0.5950439
ID77393,0.6034566
ID77394,0.38573834
ID77395,0.059371192
ID77396,0.1831056
ID77397,0.54362667
ID77398,0.25002876
ID77399,0.2980413
ID77400,0.35902983
ID77401,0.2985191
ID77402,0.4315568
ID77403,0.10756702
ID77404,0.29232162
ID77405,0.56204146
ID77406,0.18892685
ID77407,0.4453578
ID77408,0.19839126
ID77409,0.6361528
ID77410,0.13437487
ID77411,0.27921888
ID77412,0.63834804
ID77413,0.5030094
ID77414,0.67360526
ID77415,0.53728926
ID77416,0.20523739
ID77417,0.28335297
ID77418,0.6754754
ID77419,0.39516464
ID77420,0.59109086
ID77421,0.26361564
ID77422,0.6238942
ID77423,0.028850788
ID77424,0.25918055
ID77425,0.58246857
ID77426,0.3597276
ID77427,0.348914
ID77428,0.7327733
ID77429,0.28586823
ID77430,0.254336
ID77431,0.48905593
ID77432,0.036582287
ID77433,0.21193475
ID77434,0.644086
ID77435,0.44188148
ID77436,0.24698655
ID77437,0.5964518
ID77438,0.64429575
ID77439,0.3961176
ID77440,0.043368995
ID77441,0.65600234
ID77442,0.5996167
ID77443,0.49383134
ID77444,0.5953721
ID77445,0.27031827
ID77446,0.33413598
ID77447,0.64504284
ID77448,0.42235437
ID77449,0.008937815
ID77450,0.16460061
ID77451,0.6118877
ID77452,0.09034168
ID77453,0.37738013
ID77454,0.24967296
ID77455,0.34023404
ID77456,0.32049772
ID77457,0.36061424
ID77458,0.4732358
ID77459,0.6850939
ID77460,0.44645765
ID77461,0.6115858
ID77462,0.119898126
ID77463,0.012164388
ID77464,0.28502202
ID77465,0.74438363
ID77466,0.6207166
ID77467,0.015100729
ID77468,0.25378442
ID77469,0.2208409
ID77470,0.54917103
ID77471,0.5369327
ID77472,0.15817614
ID77473,0.563348
ID77474,0.59248495
ID77475,0.4157987
ID77476,0.6414514
ID77477,0.6547246
ID77478,0.3717233
ID77479,0.54226017
ID77480,0.4014792
ID77481,0.4094608
ID77482,0.37820363
ID77483,0.18680093
ID77484,0.54721546
ID77485,0.48156345
ID77486,0.41288844
ID77487,0.49915272
ID77488,0.6691639
ID77489,0.29795358
ID77490,0.568678
ID77491,0.7793107
ID77492,0.6222113
ID77493,0.43347153
ID77494,0.27798605
ID77495,0.44126722
ID77496,0.7455759
ID77497,0.5697539
ID77498,0.34606937
ID77499,0.7520709
ID77500,0.49728653
ID77501,0.53310186
ID77502,0.58501977
ID77503,0.4393004
ID77504,0.35614192
ID77505,0.6882041
ID77506,0.122727595
ID77507,0.22363257
ID77508,0.49837866
ID77509,0.42836782
ID77510,0.48853335
ID77511,0.6123279
ID77512,0.31054378
ID77513,0.14648856
ID77514,0.4007624
ID77515,0.011264507
ID77516,0.65678304
ID77517,0.23780474
ID77518,0.36363858
ID77519,0.56721973
ID77520,0.2508624
ID77521,0.65014654
ID77522,0.34329802
ID77523,0.6685888
ID77524,0.14240594
ID77525,0.5391183
ID77526,0.6240964
ID77527,0.22208759
ID77528,0.2657918
ID77529,0.5256596
ID77530,0.3453058
ID77531,0.6203684
ID77532,0.17627765
ID77533,0.4568241
ID77534,0.574761
ID77535,0.6960499
ID77536,0.6564688
ID77537,0.5106297
ID77538,0.35474253
ID77539,0.5590314
ID77540,0.42778128
ID77541,0.65462613
ID77542,0.5293385
ID77543,0.5697424
ID77544,0.12789693
ID77545,0.38258734
ID77546,0.48245415
ID77547,0.5601847
ID77548,0.703372
ID77549,0.4540374
ID77550,0.48643485
ID77551,0.47494647
ID77552,0.6486141
ID77553,0.4540719
ID77554,0.5892827
ID77555,0.49587673
ID77556,0.21800324
ID77557,0.40556997
ID77558,0.05491946
ID77559,0.30749056
ID77560,0.40353313
ID77561,0.420212
ID77562,0.2770506
ID77563,0.18610507
ID77564,0.19753374
ID77565,0.44549295
ID77566,0.61615056
ID77567,0.09521733
ID77568,0.6455279
ID77569,0.6067789
ID77570,0.15645911
ID77571,0.5492331
ID77572,0.41849765
ID77573,0.48947135
ID77574,0.4308198
ID77575,0.42709538
ID77576,0.43751302
ID77577,0.45851952
ID77578,0.6620274
ID77579,0.5213492
ID77580,0.5619146
ID77581,0.28468198
ID77582,0.26276144
ID77583,0.31018347
ID77584,0.43089464
ID77585,0.19425063
ID77586,0.19402988
ID77587,0.51228005
ID77588,0.3721402
ID77589,0.25306463
ID77590,0.317861
ID77591,0.20534734
ID77592,0.5406371
ID77593,0.2920367
ID77594,0.13536085
ID77595,0.5772165
ID77596,0.7584882
ID77597,0.43070015
ID77598,0.2208944
ID77599,0.36589128
ID77600,0.27011263
ID77601,0.27209008
ID77602,0.42821112
ID77603,0.62744194
ID77604,0.48265526
ID77605,0.6040656
ID77606,0.66576844
ID77607,0.539722
ID77608,0.54731935
ID77609,0.44476092
ID77610,0.6566544
ID77611,0.5248414
ID77612,0.15657516
ID77613,0.64106756
ID77614,0.6404421
ID77615,0.45808077
ID77616,0.35348788
ID77617,0.64093655
ID77618,0.77243364
ID77619,0.5424049
ID77620,0.44782856
ID77621,0.5003855
ID77622,0.7008339
ID77623,0.46572396
ID77624,0.515271
ID77625,0.42708004
ID77626,0.0666656
ID77627,0.23169182
ID77628,0.40358698
ID77629,0.46814066
ID77630,0.34180593
ID77631,0.26539105
ID77632,0.28786004
ID77633,0.064261995
ID77634,0.564365
ID77635,0.58871454
ID77636,0.27497512
ID77637,0.55504966
ID77638,0.47846833
ID77639,0.4549485
ID77640,0.07022941
ID77641,0.21988924
ID77642,0.6225178
ID77643,0.6290922
ID77644,0.60992634
ID77645,0.5863204
ID77646,0.3478375
ID77647,0.12969637
ID77648,0.56475466
ID77649,0.5710052
ID77650,0.19788487
ID77651,0.39956734
ID77652,0.02812913
ID77653,0.12802725
ID77654,0.48931742
ID77655,0.26624882
ID77656,0.25091952
ID77657,0.19668081
ID77658,0.56813854
ID77659,0.31348488
ID77660,0.6212174
ID77661,0.24186066
ID77662,0.41139728
ID77663,0.6452206
ID77664,0.63974124
ID77665,0.57640165
ID77666,0.58306026
ID77667,0.47628134
ID77668,0.6017012
ID77669,0.1766298
ID77670,0.42899945
ID77671,0.42520976
ID77672,0.33428922
ID77673,0.66336197
ID77674,0.6203856
ID77675,0.3229676
ID77676,0.58758014
ID77677,0.7025948
ID77678,0.040764026
ID77679,0.20940511
ID77680,0.22800422
ID77681,0.5270635
ID77682,0.087191865
ID77683,0.58927447
ID77684,0.02593213
ID77685,0.45351157
ID77686,0.5925042
ID77687,0.47447768
ID77688,0.5497618
ID77689,0.6562552
ID77690,0.14359905
ID77691,0.402449
ID77692,0.06696396
ID77693,0.36540568
ID77694,0.40080866
ID77695,0.2126729
ID77696,0.22931051
ID77697,0.641948
ID77698,0.25659797
ID77699,0.34392065
ID77700,0.5945746
ID77701,0.50603133
ID77702,0.47008908
ID77703,0.2977421
ID77704,0.09397704
ID77705,0.47409266
ID77706,0.34145856
ID77707,0.17235853
ID77708,0.05662965
ID77709,0.49516067
ID77710,0.35359612
ID77711,0.34665316
ID77712,0.5087801
ID77713,0.38317466
ID77714,0.48692018
ID77715,0.60316473
ID77716,0.15773389
ID77717,0.35698175
ID77718,0.703362
ID77719,0.42381164
ID77720,0.6081227
ID77721,0.60761404
ID77722,0.5464204
ID77723,0.61014175
ID77724,0.3438123
ID77725,0.3380767
ID77726,0.6031994
ID77727,0.70738786
ID77728,0.27485552
ID77729,0.2070225
ID77730,0.30357745
ID77731,0.5844944
ID77732,0.6376376
ID77733,0.4723019
ID77734,0.39018008
ID77735,0.56099963
ID77736,0.47169274
ID77737,0.39625886
ID77738,0.46688777
ID77739,0.6062478
ID77740,0.36678785
ID77741,0.45043308
ID77742,0.15319614
ID77743,0.54170334
ID77744,0.4575931
ID77745,0.3719945
ID77746,0.18194039
ID77747,0.5087801
ID77748,0.5230642
ID77749,0.47664756
ID77750,0.16514733
ID77751,0.53811544
ID77752,0.5871953
ID77753,0.59007835
ID77754,0.46787173
ID77755,0.5825337
ID77756,0.2311494
ID77757,0.41523626
ID77758,0.1649089
ID77759,0.50439924
ID77760,0.6574136
ID77761,0.4538389
ID77762,0.048505016
ID77763,0.6119521
ID77764,0.35046452
ID77765,0.3228225
ID77766,0.6267081
ID77767,0.32841358
ID77768,0.45345372
ID77769,0.1109066
ID77770,0.17119654
ID77771,0.24639519
ID77772,0.51974416
ID77773,0.59302884
ID77774,0.4874817
ID77775,0.384237
ID77776,0.33352524
ID77777,0.51530516
ID77778,0.37576863
ID77779,0.5743294
ID77780,0.37532744
ID77781,0.18006141
ID77782,0.06941877
ID77783,0.11288737
ID77784,0.3784165
ID77785,0.4025936
ID77786,0.52260125
ID77787,0.24971515
ID77788,0.61568314
ID77789,0.19095097
ID77790,0.65309966
ID77791,0.1647822
ID77792,0.62322235
ID77793,0.6284463
ID77794,0.6409558
ID77795,0.032298665
ID77796,0.43752694
ID77797,0.65792805
ID77798,0.6146989
ID77799,0.5889485
ID77800,0.6514127
ID77801,0.16142467
ID77802,0.36314225
ID77803,0.53764284
ID77804,0.20185287
ID77805,0.55131054
ID77806,0.5432682
ID77807,0.52078605
ID77808,0.30175662
ID77809,0.40751135
ID77810,0.052266534
ID77811,0.4216335
ID77812,0.4470955
ID77813,0.2790142
ID77814,0.50150424
ID77815,0.23399504
ID77816,0.5409132
ID77817,0.24842604
ID77818,0.514496
ID77819,0.5116082
ID77820,0.317539
ID77821,0.6593241
ID77822,0.42716283
ID77823,0.29845583
ID77824,0.6114668
ID77825,0.29545274
ID77826,0.19420563
ID77827,0.2688393
ID77828,0.26453158
ID77829,0.42867327
ID77830,0.5690976
ID77831,0.34372875
ID77832,0.62215376
ID77833,0.5840879
ID77834,0.600128
ID77835,0.40461913
ID77836,0.694579
ID77837,0.43438947
ID77838,0.5514386
ID77839,0.55882394
ID77840,0.3949929
ID77841,0.4663873
ID77842,0.55935854
ID77843,0.34960282
ID77844,0.68153185
ID77845,0.1822439
ID77846,0.28178042
ID77847,0.5245264
ID77848,0.16420858
ID77849,0.43246767
ID77850,0.54166806
ID77851,0.05452841
ID77852,0.06954966
ID77853,0.3199006
ID77854,0.12091828
ID77855,0.29366085
ID77856,0.7638458
ID77857,0.5874124
ID77858,0.34786597
ID77859,0.16978051
ID77860,0.43528458
ID77861,0.051819574
ID77862,0.14445876
ID77863,0.21890922
ID77864,0.12736389
ID77865,0.57371813
ID77866,0.31720906
ID77867,0.3164782
ID77868,0.6363318
ID77869,0.54982513
ID77870,0.50695276
ID77871,0.5053522
ID77872,0.42568517
ID77873,0.48440778
ID77874,0.6007134
ID77875,0.013403048
ID77876,0.3499181
ID77877,0.41763774
ID77878,0.34691742
ID77879,0.23729792
ID77880,0.17799208
ID77881,0.2159335
ID77882,0.55792254
ID77883,0.39584425
ID77884,0.40986505
ID77885,0.18318288
ID77886,0.2855612
ID77887,0.46717757
ID77888,0.09061235
ID77889,0.61427623
ID77890,0.58210146
ID77891,0.5149378
ID77892,0.038429964
ID77893,0.30122125
ID77894,0.1577526
ID77895,0.26368976
ID77896,0.51702195
ID77897,0.22288859
ID77898,0.21484254
ID77899,0.2781552
ID77900,0.20130922
ID77901,0.12592731
ID77902,0.47726107
ID77903,0.48488313
ID77904,0.123512596
ID77905,0.43602368
ID77906,0.45794344
ID77907,0.4455318
ID77908,0.6766219
ID77909,0.21724258
ID77910,0.54868793
ID77911,0.4872573
ID77912,0.1618672
ID77913,0.12875797
ID77914,0.17192215
ID77915,0.111328594
ID77916,0.11053262
ID77917,0.4590946
ID77918,0.42257938
ID77919,0.58316207
ID77920,0.2036232
ID77921,0.523928
ID77922,0.5227473
ID77923,0.70275974
ID77924,0.23476447
ID77925,0.37554076
ID77926,0.757298
ID77927,0.5105735
ID77928,0.23165642
ID77929,0.530897
ID77930,0.023499295
ID77931,0.48792377
ID77932,0.4687188
ID77933,0.2323577
ID77934,0.39892137
ID77935,0.34261003
ID77936,0.5731986
ID77937,0.19637339
ID77938,0.48044565
ID77939,0.18407993
ID77940,0.5874588
ID77941,0.28338194
ID77942,0.37501
ID77943,0.3627867
ID77944,0.52075833
ID77945,0.35156062
ID77946,0.51620626
ID77947,0.64686537
ID77948,0.4425265
ID77949,0.0857611
ID77950,0.25000724
ID77951,0.27577955
ID77952,0.3418115
ID77953,0.3969139
ID77954,0.20751914
ID77955,0.36926073
ID77956,0.4450853
ID77957,0.10228435
ID77958,0.62411886
ID77959,0.19215684
ID77960,0.62821645
ID77961,0.7193131
ID77962,0.13286372
ID77963,0.44350046
ID77964,0.20927125
ID77965,0.6219752
ID77966,0.2970079
ID77967,0.5774736
ID77968,0.39303696
ID77969,0.2816783
ID77970,0.64390045
ID77971,0.40831342
ID77972,0.52292997
ID77973,0.48063946
ID77974,0.25732785
ID77975,0.6972003
ID77976,0.59882355
ID77977,0.53889954
ID77978,0.037978135
ID77979,0.39877504
ID77980,0.6680109
ID77981,0.6070034
ID77982,0.71430683
ID77983,0.33548346
ID77984,0.62954736
ID77985,0.7432829
ID77986,0.07376578
ID77987,0.41355887
ID77988,0.4392343
ID77989,0.37316608
ID77990,0.408122
ID77991,0.33195665
ID77992,0.3488872
ID77993,0.46584088
ID77994,0.6081033
ID77995,0.4993609
ID77996,0.24020676
ID77997,0.5541069
ID77998,0.14888903
ID77999,0.7001666
ID78000,0.5046751
ID78001,0.3892719
ID78002,0.20986311
ID78003,0.5700696
ID78004,0.1036601
ID78005,0.04705882
ID78006,0.14012197
ID78007,0.37943342
ID78008,0.3216125
ID78009,0.57410866
ID78010,0.15235223
ID78011,0.5121423
ID78012,0.4836979
ID78013,0.37820336
ID78014,0.7552522
ID78015,0.5221234
ID78016,0.60879314
ID78017,0.4999099
ID78018,0.7024689
ID78019,0.553502
ID78020,0.51087177
ID78021,0.3483757
ID78022,0.28667507
ID78023,0.56467247
ID78024,0.45076898
ID78025,0.2750139
ID78026,0.6788414
ID78027,0.47943696
ID78028,0.6054975
ID78029,0.5718442
ID78030,0.2536806
ID78031,0.47153482
ID78032,0.60271305
ID78033,0.26965943
ID78034,0.5233885
ID78035,0.48550096
ID78036,0.19737484
ID78037,0.5565357
ID78038,0.2694648
ID78039,0.21359742
ID78040,0.10928697
ID78041,0.6175902
ID78042,0.315607
ID78043,0.29503623
ID78044,0.22318038
ID78045,0.65694517
ID78046,0.36517465
ID78047,0.65186393
ID78048,0.5118823
ID78049,0.22823179
ID78050,0.1838807
ID78051,0.036792576
ID78052,0.3595467
ID78053,0.5305488
ID78054,0.5546965
ID78055,0.3777449
ID78056,0.33490917
ID78057,0.64574784
ID78058,0.51891375
ID78059,0.53302914
ID78060,0.5540716
ID78061,0.3386711
ID78062,0.06912187
ID78063,0.2624565
ID78064,0.46077034
ID78065,0.27782968
ID78066,0.16556428
ID78067,0.41985017
ID78068,0.37666035
ID78069,0.60028136
ID78070,0.5466
ID78071,0.25652567
ID78072,0.52985173
ID78073,0.26503348
ID78074,0.44541407
ID78075,0.5771162
ID78076,0.33574924
ID78077,0.41969657
ID78078,0.5319612
ID78079,0.49105752
ID78080,0.5973196
ID78081,0.6194809
ID78082,0.061892338
ID78083,0.63212574
ID78084,0.5909955
ID78085,0.5998351
ID78086,0.5129607
ID78087,0.5134192
ID78088,0.7591127
ID78089,0.734036
ID78090,0.13682273
ID78091,0.027151534
ID78092,0.6356642
ID78093,0.23632629
ID78094,0.51811826
ID78095,0.4437519
ID78096,0.00788854
ID78097,0.5233568
ID78098,0.7276632
ID78099,0.5920109
ID78100,0.5379406
ID78101,0.25890437
ID78102,0.497926
ID78103,0.5038289
ID78104,0.10028122
ID78105,0.761273
ID78106,0.39918774
ID78107,0.28427738
ID78108,0.6333746
ID78109,0.15296225
ID78110,0.23862946
ID78111,0.71978694
ID78112,0.46887034
ID78113,0.51299024
ID78114,0.40830597
ID78115,0.4250891
ID78116,0.32355076
ID78117,0.5498522
ID78118,0.5982652
ID78119,0.41128993
ID78120,0.39323118
ID78121,0.43069896
ID78122,0.5822684
ID78123,0.075347826
ID78124,0.34402803
ID78125,0.5116271
ID78126,0.49699873
ID78127,0.30992392
ID78128,0.53633386
ID78129,0.30348608
ID78130,0.6366797
ID78131,0.51587856
ID78132,0.5471715
ID78133,0.3195706
ID78134,0.5408443
ID78135,0.16384524
ID78136,0.4379864
ID78137,0.115658276
ID78138,0.19945605
ID78139,0.10578814
ID78140,0.5538424
ID78141,0.6401614
ID78142,0.29214108
ID78143,0.30516958
ID78144,0.35071748
ID78145,0.5035348
ID78146,0.3044867
ID78147,0.59797674
ID78148,0.081778474
ID78149,0.42421195
ID78150,0.18586525
ID78151,0.33247113
ID78152,0.22592741
ID78153,0.31053743
ID78154,0.5876873
ID78155,0.5911243
ID78156,0.5944455
ID78157,0.32120588
ID78158,0.23668751
ID78159,0.48543555
ID78160,0.5683845
ID78161,0.36589333
ID78162,0.234397
ID78163,0.4871775
ID78164,0.31372434
ID78165,0.28388432
ID78166,0.17667988
ID78167,0.30439252
ID78168,0.18360141
ID78169,0.42512685
ID78170,0.5910776
ID78171,0.62412685
ID78172,0.51354194
ID78173,0.47260648
ID78174,0.14950798
ID78175,0.60379875
ID78176,0.6004431
ID78177,0.34151497
ID78178,0.48041824
ID78179,0.60020214
ID78180,0.65994245
ID78181,0.544075
ID78182,0.52800494
ID78183,0.5207197
ID78184,0.62150747
ID78185,0.4775583
ID78186,0.7471681
ID78187,0.25560138
ID78188,0.5516525
ID78189,0.46201813
ID78190,0.40193436
ID78191,0.44426838
ID78192,0.5214284
ID78193,0.12800534
ID78194,0.29502758
ID78195,0.23502773
ID78196,0.6207578
ID78197,0.38191274
ID78198,0.65434957
ID78199,0.39565346
ID78200,0.6475862
ID78201,0.37372476
ID78202,0.31041765
ID78203,0.071132466
ID78204,0.5644654
ID78205,0.14026524
ID78206,0.1758949
ID78207,0.48361924
ID78208,0.4907093
ID78209,0.08357969
ID78210,0.559951
ID78211,0.6155647
ID78212,0.5621953
ID78213,0.5302123
ID78214,0.53197604
ID78215,0.5134419
ID78216,0.40500095
ID78217,0.38136318
ID78218,0.18086393
ID78219,0.17931044
ID78220,0.094956726
ID78221,0.14950158
ID78222,0.19828114
ID78223,0.18967327
ID78224,0.28199312
ID78225,0.22561564
ID78226,0.35079473
ID78227,0.32819083
ID78228,0.25383866
ID78229,0.6804238
ID78230,0.46320924
ID78231,0.19563112
ID78232,0.6545906
ID78233,0.5007513
ID78234,0.24850552
ID78235,0.33902657
ID78236,0.6464812
ID78237,0.11046418
ID78238,0.35901833
ID78239,0.12131559
ID78240,0.40297338
ID78241,0.31667393
ID78242,0.36756164
ID78243,0.60554814
ID78244,0.5247692
ID78245,0.126646
ID78246,0.31108865
ID78247,0.43709534
ID78248,0.24114972
ID78249,0.3374383
ID78250,0.50361764
ID78251,0.522508
ID78252,0.7038239
ID78253,0.24038109
ID78254,0.48422626
ID78255,0.102970086
ID78256,0.6707744
ID78257,0.18099447
ID78258,0.36810994
ID78259,0.61153793
ID78260,0.50081116
ID78261,0.4961279
ID78262,0.47544348
ID78263,0.3416443
ID78264,0.18259422
ID78265,0.5258437
ID78266,0.4631539
ID78267,0.29608503
ID78268,0.61761487
ID78269,0.22913499
ID78270,0.12779373
ID78271,0.62991494
ID78272,0.5587352
ID78273,0.6832076
ID78274,0.3383045
ID78275,0.094312735
ID78276,0.47292098
ID78277,0.30091885
ID78278,0.22461307
ID78279,0.42427897
ID78280,0.5984833
ID78281,0.3367664
ID78282,0.4315528
ID78283,0.51990706
ID78284,0.2846698
ID78285,0.667186
ID78286,0.70862544
ID78287,0.080673754
ID78288,0.4684703
ID78289,0.73591703
ID78290,0.52421474
ID78291,0.36583453
ID78292,0.6351716
ID78293,0.59657204
ID78294,0.45542184
ID78295,0.34972706
ID78296,0.45451972
ID78297,0.56665224
ID78298,0.30556697
ID78299,0.42062667
ID78300,0.29472992
ID78301,0.66673774
ID78302,0.61817473
ID78303,0.67754513
ID78304,0.39294872
ID78305,0.42973712
ID78306,0.5506345
ID78307,0.27586275
ID78308,0.5819334
ID78309,0.44422755
ID78310,0.5600546
ID78311,0.29518974
ID78312,0.63249063
ID78313,0.57897687
ID78314,0.5344265
ID78315,0.63081056
ID78316,0.4772343
ID78317,0.48371965
ID78318,0.5827634
ID78319,0.49501568
ID78320,0.2992929
ID78321,0.54819095
ID78322,0.5546688
ID78323,0.4746378
ID78324,0.5259313
ID78325,0.54207575
ID78326,0.36091954
ID78327,0.3461257
ID78328,0.4349515
ID78329,0.12191169
ID78330,0.1926575
ID78331,0.30052868
ID78332,0.28916433
ID78333,0.4789638
ID78334,0.2408637
ID78335,0.40855467
ID78336,0.3035852
ID78337,0.30235475
ID78338,0.5850705
ID78339,0.5495913
ID78340,0.46183702
ID78341,0.56951046
ID78342,0.46852902
ID78343,0.36963335
ID78344,0.029088737
ID78345,0.5067182
ID78346,0.7231761
ID78347,0.26104262
ID78348,0.105405815
ID78349,0.17148393
ID78350,0.55694413
ID78351,0.21819368
ID78352,0.63320446
ID78353,0.12542892
ID78354,0.6888025
ID78355,0.3339272
ID78356,0.5645432
ID78357,0.4936279
ID78358,0.67702556
ID78359,0.46892643
ID78360,0.19041693
ID78361,0.5957965
ID78362,0.22808404
ID78363,0.5769399
ID78364,0.3500681
ID78365,0.5496825
ID78366,0.04027373
ID78367,0.685292
ID78368,0.6405429
ID78369,0.6288048
ID78370,0.409305
ID78371,0.5907602
ID78372,0.2292268
ID78373,0.40856063
ID78374,0.58655465
ID78375,0.030901052
ID78376,0.5614596
ID78377,0.64888555
ID78378,0.08263538
ID78379,0.24010152
ID78380,0.24081358
ID78381,0.5863263
ID78382,0.074291505
ID78383,0.6836223
ID78384,0.45588833
ID78385,0.31657636
ID78386,0.49409905
ID78387,0.47265378
ID78388,0.63928646
ID78389,0.57392514
ID78390,0.74307066
ID78391,0.43131012
ID78392,0.48782754
ID78393,0.5362596
ID78394,0.3517852
ID78395,0.25284553
ID78396,0.43579012
ID78397,0.684119
ID78398,0.2583258
ID78399,0.53794414
ID78400,0.6305764
ID78401,0.47887146
ID78402,0.6267152
ID78403,0.6013438
ID78404,0.1016753
ID78405,0.3666538
ID78406,0.30147076
ID78407,0.40667212
ID78408,0.3733803
ID78409,0.6417506
ID78410,0.560795
ID78411,0.6475803
ID78412,0.6025615
ID78413,0.6067123
ID78414,0.5252228
ID78415,0.63339686
ID78416,0.028200196
ID78417,0.38990334
ID78418,0.48417932
ID78419,0.21200125
ID78420,0.63304305
ID78421,0.3947184
ID78422,0.38816366
ID78423,0.40840808
ID78424,0.5797279
ID78425,0.06978349
ID78426,0.43959215
ID78427,0.44367492
ID78428,0.49227798
ID78429,0.5213787
ID78430,0.71451056
ID78431,0.381076
ID78432,0.42860526
ID78433,0.62134093
ID78434,0.5074372
ID78435,0.21154165
ID78436,0.39347517
ID78437,0.63206536
ID78438,0.49778235
ID78439,0.4745064
ID78440,0.56652534
ID78441,0.56327623
ID78442,0.56780875
ID78443,0.23952046
ID78444,0.5397682
ID78445,0.531395
ID78446,0.41803512
ID78447,0.50665814
ID78448,0.61738366
ID78449,0.56128573
ID78450,0.36213055
ID78451,0.3245628
ID78452,0.34896183
ID78453,0.70477545
ID78454,0.057871882
ID78455,0.5756134
ID78456,0.39553046
ID78457,0.6936969
ID78458,0.5214031
ID78459,0.012308176
ID78460,0.43495503
ID78461,0.37335145
ID78462,0.5719174
ID78463,0.53226125
ID78464,0.5629874
ID78465,0.19433635
ID78466,0.19943821
ID78467,0.60766894
ID78468,0.22994694
ID78469,0.29294688
ID78470,0.44353023
ID78471,0.44243887
ID78472,0.0077705747
ID78473,0.6186227
ID78474,0.27419075
ID78475,0.21218306
ID78476,0.17033954
ID78477,0.73548037
ID78478,0.5641949
ID78479,0.6330295
ID78480,0.5309466
ID78481,0.6098903
ID78482,0.1980132
ID78483,0.6421193
ID78484,0.52999216
ID78485,0.44358957
ID78486,0.008793848
ID78487,0.47448102
ID78488,0.3590921
ID78489,0.54662734
ID78490,0.6293629
ID78491,0.5252381
ID78492,0.6528982
ID78493,0.7265961
ID78494,0.5889516
ID78495,0.016189545
ID78496,0.62606615
ID78497,0.26860332
ID78498,0.31284612
ID78499,0.4344981
ID78500,0.6995554
ID78501,0.39859346
ID78502,0.48273167
ID78503,0.45591688
ID78504,0.54037446
ID78505,0.38031462
ID78506,0.28663507
ID78507,0.5361436
ID78508,0.6624864
ID78509,0.53035635
ID78510,0.5084279
ID78511,0.4392258
ID78512,0.40262058
ID78513,0.35611737
ID78514,0.3684993
ID78515,0.6630075
ID78516,0.55917704
ID78517,0.31090772
ID78518,0.047498155
ID78519,0.43499237
ID78520,0.3690526
ID78521,0.21581186
ID78522,0.14405781
ID78523,0.5249008
ID78524,0.47672772
ID78525,0.5952946
ID78526,0.28790343
ID78527,0.3445612
ID78528,0.6689154
ID78529,0.2770435
ID78530,0.2851992
ID78531,0.36237904
ID78532,0.19119562
ID78533,0.29457042
ID78534,0.67003256
ID78535,0.6446654
ID78536,0.47043318
ID78537,0.49344707
ID78538,0.6109113
ID78539,0.0039424566
ID78540,0.26802263
ID78541,0.60058403
ID78542,0.24188788
ID78543,0.361618
ID78544,0.5627227
ID78545,0.41485313
ID78546,0.53277445
ID78547,0.2621839
ID78548,0.63695264
ID78549,0.010670054
ID78550,0.4123758
ID78551,0.573046
ID78552,0.40785682
ID78553,0.29909202
ID78554,0.6249473
ID78555,0.30784807
ID78556,0.06987284
ID78557,0.40682647
ID78558,0.25034893
ID78559,0.45913738
ID78560,0.76600087
ID78561,0.36606565
ID78562,0.53155565
ID78563,0.40729496
ID78564,0.6535848
ID78565,0.60955036
ID78566,0.37832597
ID78567,0.5217535
ID78568,0.53251535
ID78569,0.5476717
ID78570,0.3944962
ID78571,0.065439165
ID78572,0.39432913
ID78573,0.55678827
ID78574,0.5506987
ID78575,0.483962
ID78576,0.15142193
ID78577,0.38084617
ID78578,0.36213198
ID78579,0.2807054
ID78580,0.5775311
ID78581,0.6139354
ID78582,0.25614324
ID78583,0.3631478
ID78584,0.30655748
ID78585,0.2591274
ID78586,0.48610443
ID78587,0.49322122
ID78588,0.37368387
ID78589,0.58462876
ID78590,0.6003761
ID78591,0.5198645
ID78592,0.41259718
ID78593,0.60652167
ID78594,0.283839
ID78595,0.45657292
ID78596,0.051912017
ID78597,0.24296264
ID78598,0.28318313
ID78599,0.42592967
ID78600,0.39531496
ID78601,0.43550017
ID78602,0.57970375
ID78603,0.65946335
ID78604,0.549778
ID78605,0.6844284
ID78606,0.52322906
ID78607,0.4260311
ID78608,0.48495498
ID78609,0.58424115
ID78610,0.53227043
ID78611,0.5781593
ID78612,0.33067045
ID78613,0.42348737
ID78614,0.3489253
ID78615,0.20890103
ID78616,0.16164531
ID78617,0.45292327
ID78618,0.4037931
ID78619,0.6988641
ID78620,0.45210415
ID78621,0.5206141
ID78622,0.4850047
ID78623,0.21304934
ID78624,0.30942142
ID78625,0.5543188
ID78626,0.5173552
ID78627,0.48382053
ID78628,0.65807706
ID78629,0.0110479025
ID78630,0.40965837
ID78631,0.20644356
ID78632,0.32362556
ID78633,0.5058194
ID78634,0.51980615
ID78635,0.5345465
ID78636,0.5700672
ID78637,0.42923376
ID78638,0.3644969
ID78639,0.028186636
ID78640,0.33833787
ID78641,0.50098485
ID78642,0.50185037
ID78643,0.24058455
ID78644,0.5368612
ID78645,0.058665715
ID78646,0.35511112
ID78647,0.38749716
ID78648,0.52789944
ID78649,0.43236077
ID78650,0.55614716
ID78651,0.44640508
ID78652,0.51328343
ID78653,0.39575294
ID78654,0.25869104
ID78655,0.33103135
ID78656,0.6345079
ID78657,0.27495477
ID78658,0.39085674
ID78659,0.39422688
ID78660,0.31448755
ID78661,0.46607977
ID78662,0.6120917
ID78663,0.34921676
ID78664,0.29739162
ID78665,0.4631852
ID78666,0.58986217
ID78667,0.13867363
ID78668,0.49293882
ID78669,0.4395567
ID78670,0.5556864
ID78671,0.3292732
ID78672,0.5565911
ID78673,0.32560194
ID78674,0.32757154
ID78675,0.54607433
ID78676,0.44150093
ID78677,0.40064135
ID78678,0.59014267
ID78679,0.5358737
ID78680,0.628879
ID78681,0.24690165
ID78682,0.14947379
ID78683,0.3539208
ID78684,0.4615317
ID78685,0.5511237
ID78686,0.6088966
ID78687,0.53618336
ID78688,0.4282028
ID78689,0.026382567
ID78690,0.58368546
ID78691,0.60566884
ID78692,0.35743526
ID78693,0.006273701
ID78694,0.527763
ID78695,0.42064378
ID78696,0.21238628
ID78697,0.5478797
ID78698,0.31285396
ID78699,0.28615147
ID78700,0.54168797
ID78701,0.05720728
ID78702,0.50754154
ID78703,0.55152243
ID78704,0.49186236
ID78705,0.07633706
ID78706,0.2610019
ID78707,0.24973334
ID78708,0.18392599
ID78709,0.48113152
ID78710,0.6739766
ID78711,0.32412744
ID78712,0.5772184
ID78713,0.5880979
ID78714,0.50353247
ID78715,0.08634634
ID78716,0.22809923
ID78717,0.4985481
ID78718,0.5256086
ID78719,0.6601289
ID78720,0.64218485
ID78721,0.51200664
ID78722,0.534128
ID78723,0.0805403
ID78724,0.28878284
ID78725,0.06291264
ID78726,0.24157882
ID78727,0.18153548
ID78728,0.15424535
ID78729,0.47790563
ID78730,0.51321226
ID78731,0.3204312
ID78732,0.4032096
ID78733,0.4148584
ID78734,0.18245779
ID78735,0.6542281
ID78736,0.45144606
ID78737,0.57323295
ID78738,0.5549495
ID78739,0.48187438
ID78740,0.4776554
ID78741,0.35808662
ID78742,0.4491145
ID78743,0.58431613
ID78744,0.57567483
ID78745,0.5917119
ID78746,0.61903703
ID78747,0.59634286
ID78748,0.20586282
ID78749,0.13484444
ID78750,0.5639925
ID78751,0.5779158
ID78752,0.7047156
ID78753,0.5680173
ID78754,0.36371544
ID78755,0.60732186
ID78756,0.48821694
ID78757,0.3204248
ID78758,0.57331866
ID78759,0.311194
ID78760,0.26200566
ID78761,0.6092638
ID78762,0.38823447
ID78763,0.76233345
ID78764,0.4376441
ID78765,0.53030413
ID78766,0.48807752
ID78767,0.016740786
ID78768,0.2038484
ID78769,0.13895112
ID78770,0.9115183
ID78771,0.22455856
ID78772,0.43637133
ID78773,0.23388557
ID78774,0.18032628
ID78775,0.43521234
ID78776,0.44787723
ID78777,0.07612541
ID78778,0.113426566
ID78779,0.7750374
ID78780,0.0060051577
ID78781,0.4894344
ID78782,0.42359045
ID78783,0.34585348
ID78784,0.27929226
ID78785,0.52912813
ID78786,0.40555832
ID78787,0.40195447
ID78788,0.012765436
ID78789,0.54375416
ID78790,0.6454375
ID78791,0.5193286
ID78792,0.54377365
ID78793,0.14598867
ID78794,0.5087361
ID78795,0.54543364
ID78796,0.56598026
ID78797,0.07920772
ID78798,0.54331005
ID78799,0.1709032
ID78800,0.4648308
ID78801,0.6300302
ID78802,0.63861966
ID78803,0.048357144
ID78804,0.48554796
ID78805,0.4276644
ID78806,0.21107444
ID78807,0.5266633
ID78808,0.26082504
ID78809,0.1363057
ID78810,0.3922224
ID78811,0.6229659
ID78812,0.5128152
ID78813,0.42847452
ID78814,0.58199555
ID78815,0.15322517
ID78816,0.53491575
ID78817,0.37572366
ID78818,0.6709097
ID78819,0.14143108
ID78820,0.29472294
ID78821,0.62195987
ID78822,0.34201798
ID78823,0.0061055315
ID78824,0.5021608
ID78825,0.2309535
ID78826,0.35288486
ID78827,0.28386584
ID78828,0.33741423
ID78829,0.12868775
ID78830,0.22136334
ID78831,0.6304958
ID78832,0.052961137
ID78833,0.41783968
ID78834,0.6118161
ID78835,0.32601
ID78836,0.49886644
ID78837,0.3238379
ID78838,0.09295766
ID78839,0.42734542
ID78840,0.34254864
ID78841,0.46319357
ID78842,0.3860931
ID78843,0.6086429
ID78844,0.28323674
ID78845,0.63995594
ID78846,0.5933411
ID78847,0.55737257
ID78848,0.46864066
ID78849,0.23216386
ID78850,0.0040053576
ID78851,0.34893024
ID78852,0.54285014
ID78853,0.0802477
ID78854,0.46245438
ID78855,0.23139887
ID78856,0.34938505
ID78857,0.39145273
ID78858,0.3256277
ID78859,0.21213266
ID78860,0.15166666
ID78861,0.41937137
ID78862,0.4868694
ID78863,0.6486817
ID78864,0.2611209
ID78865,0.58586144
ID78866,0.27283886
ID78867,0.5049326
ID78868,0.6317425
ID78869,0.12470002
ID78870,0.30972052
ID78871,0.4272038
ID78872,0.65704346
ID78873,0.47895712
ID78874,0.5732946
ID78875,0.57805425
ID78876,0.12968372
ID78877,0.64790076
ID78878,0.2508191
ID78879,0.36384398
ID78880,0.6110103
ID78881,0.6042522
ID78882,0.32221282
ID78883,0.3287643
ID78884,0.60288584
ID78885,0.5163109
ID78886,0.534879
ID78887,0.5715158
ID78888,0.52727383
ID78889,0.3501634
ID78890,0.67117804
ID78891,0.13156506
ID78892,0.12197464
ID78893,0.5788469
ID78894,0.28340054
ID78895,0.52760875
ID78896,0.17860028
ID78897,0.39963663
ID78898,0.7208025
ID78899,0.52904904
ID78900,0.54660565
ID78901,0.06139996
ID78902,0.15145414
ID78903,0.43075255
ID78904,0.5102707
ID78905,0.1877289
ID78906,0.51350045
ID78907,0.5479309
ID78908,0.09494782
ID78909,0.43761432
ID78910,0.56313014
ID78911,0.33593127
ID78912,0.7740285
ID78913,0.59337115
ID78914,0.5633335
ID78915,0.38566872
ID78916,0.5515595
ID78917,0.21279342
ID78918,0.6679613
ID78919,0.48133796
ID78920,0.06017721
ID78921,0.42842144
ID78922,0.5746028
ID78923,0.7482169
ID78924,0.3868072
ID78925,0.5966275
ID78926,0.33769718
ID78927,0.29861474
ID78928,0.5593846
ID78929,0.60555
ID78930,0.3303938
ID78931,0.37835512
ID78932,0.57096785
ID78933,0.39520416
ID78934,0.03770796
ID78935,0.4399744
ID78936,0.11692673
ID78937,0.6092485
ID78938,0.6507662
ID78939,0.59152144
ID78940,0.521069
ID78941,0.04062162
ID78942,0.58501476
ID78943,0.57102895
ID78944,0.18597089
ID78945,0.54473805
ID78946,0.39444357
ID78947,0.4616096
ID78948,0.70943844
ID78949,0.1360015
ID78950,0.7012164
ID78951,0.32187223
ID78952,0.46629852
ID78953,0.255828
ID78954,0.025970105
ID78955,0.10508799
ID78956,0.5963373
ID78957,0.45410734
ID78958,0.52925634
ID78959,0.43328556
ID78960,0.52293414
ID78961,0.1057855
ID78962,0.27691045
ID78963,0.14953206
ID78964,0.45951435
ID78965,0.38195142
ID78966,0.008365049
ID78967,0.56083155
ID78968,0.28978106
ID78969,0.32422417
ID78970,0.5900099
ID78971,0.7345328
ID78972,0.5004728
ID78973,0.512396
ID78974,0.71623635
ID78975,0.008403984
ID78976,0.32527027
ID78977,0.15327394
ID78978,0.22682683
ID78979,0.5591579
ID78980,0.41246644
ID78981,0.6347535
ID78982,0.35800046
ID78983,0.28156266
ID78984,0.66935885
ID78985,0.64767736
ID78986,0.10108362
ID78987,0.2767155
ID78988,0.430803
ID78989,0.28921652
ID78990,0.4720543
ID78991,0.23497717
ID78992,0.27180293
ID78993,0.690889
ID78994,0.5709894
ID78995,0.3861276
ID78996,0.05373635
ID78997,0.14581868
ID78998,0.581564
ID78999,0.43222982
ID79000,0.20397583
ID79001,0.5808366
ID79002,0.7029703
ID79003,0.1708371
ID79004,0.6621748
ID79005,0.18812339
ID79006,0.15085949
ID79007,0.39287075
ID79008,0.11267917
ID79009,0.4032655
ID79010,0.47132096
ID79011,0.57673347
ID79012,0.6861932
ID79013,0.33431596
ID79014,0.5693456
ID79015,0.5847066
ID79016,0.354206
ID79017,0.48218933
ID79018,0.33849832
ID79019,0.4221918
ID79020,0.5585585
ID79021,0.31549144
ID79022,0.53172034
ID79023,0.36475557
ID79024,0.47500494
ID79025,0.13012986
ID79026,0.6858062
ID79027,0.628052
ID79028,0.5936488
ID79029,0.43105057
ID79030,0.25452617
ID79031,0.35731572
ID79032,0.4202614
ID79033,0.6280699
ID79034,0.2995953
ID79035,0.65441763
ID79036,0.37216967
ID79037,0.5214017
ID79038,0.52349955
ID79039,0.1060147
ID79040,0.11825465
ID79041,0.5257004
ID79042,0.25006613
ID79043,0.6829378
ID79044,0.5880588
ID79045,0.34513852
ID79046,0.43934265
ID79047,0.24389127
ID79048,0.27351728
ID79049,0.09182466
ID79050,0.31224468
ID79051,0.5996751
ID79052,0.32448083
ID79053,0.50382286
ID79054,0.26965854
ID79055,0.5112331
ID79056,0.22729315
ID79057,0.10461951
ID79058,0.46248263
ID79059,0.19613338
ID79060,0.50519663
ID79061,0.4546671
ID79062,0.15427075
ID79063,0.5811346
ID79064,0.5502432
ID79065,0.5378435
ID79066,0.3885715
ID79067,0.40424946
ID79068,0.23249203
ID79069,0.45355743
ID79070,0.4534574
ID79071,0.010703473
ID79072,0.2653301
ID79073,0.42908797
ID79074,0.37507603
ID79075,0.48792353
ID79076,0.6891838
ID79077,0.5956557
ID79078,0.6882879
ID79079,0.13481414
ID79080,0.2961076
ID79081,0.5061422
ID79082,0.58139294
ID79083,0.6164747
ID79084,0.571931
ID79085,0.14059892
ID79086,0.12585664
ID79087,0.46408954
ID79088,0.24141875
ID79089,0.45883727
ID79090,0.31549495
ID79091,0.65970546
ID79092,0.07988582
ID79093,0.44827047
ID79094,0.2424609
ID79095,0.6364127
ID79096,0.6302324
ID79097,0.36182228
ID79098,0.04029574
ID79099,0.5304176
ID79100,0.5279689
ID79101,0.08375136
ID79102,0.6174687
ID79103,0.3134483
ID79104,0.5606369
ID79105,0.5376201
ID79106,0.4727307
ID79107,0.42162132
ID79108,0.38488442
ID79109,0.4893258
ID79110,0.4190232
ID79111,0.5901546
ID79112,0.44772214
ID79113,0.27990478
ID79114,0.50295025
ID79115,0.5469974
ID79116,0.17020492
ID79117,0.14460075
ID79118,0.33030742
ID79119,0.5298162
ID79120,0.87679166
ID79121,0.53613216
ID79122,0.5562233
ID79123,0.67288554
ID79124,0.2990568
ID79125,0.5941906
ID79126,0.5291893
ID79127,0.6473763
ID79128,0.6548883
ID79129,0.53354794
ID79130,0.16312116
ID79131,0.13431583
ID79132,0.49202418
ID79133,0.42446405
ID79134,0.33655864
ID79135,0.63194746
ID79136,0.33019528
ID79137,0.32901484
ID79138,0.08166307
ID79139,0.40430582
ID79140,0.5509625
ID79141,0.32547295
ID79142,0.3938855
ID79143,0.53191525
ID79144,0.34327713
ID79145,0.67508197
ID79146,0.76952463
ID79147,0.4028633
ID79148,0.47575063
ID79149,0.5127297
ID79150,0.35591954
ID79151,0.62317616
ID79152,0.41881877
ID79153,0.5212228
ID79154,0.5087334
ID79155,0.28458068
ID79156,0.026993372
ID79157,0.4115944
ID79158,0.19973381
ID79159,0.57772034
ID79160,0.5246386
ID79161,0.41689825
ID79162,0.23316593
ID79163,0.095870964
ID79164,0.042659875
ID79165,0.57830244
ID79166,0.27616483
ID79167,0.55247676
ID79168,0.5788379
ID79169,0.42669684
ID79170,0.2127301
ID79171,0.30809388
ID79172,0.47136185
ID79173,0.36621958
ID79174,0.48834303
ID79175,0.41636065
ID79176,0.76402587
ID79177,0.2572935
ID79178,0.74661607
ID79179,0.38459763
ID79180,0.15029763
ID79181,0.34955063
ID79182,0.5286146
ID79183,0.44793874
ID79184,0.55092806
ID79185,0.35676432
ID79186,0.5736395
ID79187,0.28368965
ID79188,0.7073291
ID79189,0.49262896
ID79190,0.431006
ID79191,0.2989103
ID79192,0.49950504
ID79193,0.54980755
ID79194,0.50088423
ID79195,0.3956972
ID79196,0.48075083
ID79197,0.34458825
ID79198,0.48902377
ID79199,0.5742332
ID79200,0.19232318
ID79201,0.43770307
ID79202,0.6347487
ID79203,0.08230502
ID79204,0.20632091
ID79205,0.37217534
ID79206,0.2715489
ID79207,0.2098584
ID79208,0.7323072
ID79209,0.48830572
ID79210,0.17353332
ID79211,0.74661607
ID79212,0.49559584
ID79213,0.26202786
ID79214,0.61797076
ID79215,0.48223394
ID79216,0.52114797
ID79217,0.2365045
ID79218,0.53527063
ID79219,0.4253536
ID79220,0.56341255
ID79221,0.39971715
ID79222,0.3566999
ID79223,0.29428422
ID79224,0.17824079
ID79225,0.42817318
ID79226,0.5935813
ID79227,0.113522574
ID79228,0.6263677
ID79229,0.5785961
ID79230,0.62274027
ID79231,0.37843588
ID79232,0.17393479
ID79233,0.29361796
ID79234,0.43583623
ID79235,0.54907864
ID79236,0.19689615
ID79237,0.441436
ID79238,0.36458656
ID79239,0.5708556
ID79240,0.4962095
ID79241,0.29033202
ID79242,0.3444978
ID79243,0.5314714
ID79244,0.49498704
ID79245,0.43637607
ID79246,0.5561659
ID79247,0.30346957
ID79248,0.11156094
ID79249,0.1422112
ID79250,0.607037
ID79251,0.6133059
ID79252,0.6935473
ID79253,0.29709274
ID79254,0.3921221
ID79255,0.37928835
ID79256,0.5179557
ID79257,0.40208855
ID79258,0.09581691
ID79259,0.4974495
ID79260,0.51679724
ID79261,0.4130811
ID79262,0.37535387
ID79263,0.26325476
ID79264,0.505278
ID79265,0.19904657
ID79266,0.36530215
ID79267,0.52662563
ID79268,0.11379542
ID79269,0.4790194
ID79270,0.37743908
ID79271,0.54945976
ID79272,0.20777878
ID79273,0.3252499
ID79274,0.59047633
ID79275,0.49048615
ID79276,0.4576124
ID79277,0.38365903
ID79278,0.57626736
ID79279,0.6168321
ID79280,0.69998515
ID79281,0.19829415
ID79282,0.5638835
ID79283,0.30128315
ID79284,0.33503106
ID79285,0.797381
ID79286,0.22067814
ID79287,0.0659785
ID79288,0.5768676
ID79289,0.11896302
ID79290,0.13202345
ID79291,0.49722084
ID79292,0.53360057
ID79293,0.6680836
ID79294,0.5213686
ID79295,0.3432336
ID79296,0.17884244
ID79297,0.71900153
ID79298,0.14768636
ID79299,0.43559355
ID79300,0.09740932
ID79301,0.6357878
ID79302,0.2670634
ID79303,0.75044143
ID79304,0.40999454
ID79305,0.6447323
ID79306,0.47124612
ID79307,0.4493421
ID79308,0.17116287
ID79309,0.49476302
ID79310,0.1817733
ID79311,0.5319458
ID79312,0.5970503
ID79313,0.4458454
ID79314,0.46492776
ID79315,0.36626506
ID79316,0.65479815
ID79317,0.48025048
ID79318,0.13040435
ID79319,0.48751596
ID79320,0.46658456
ID79321,0.41509703
ID79322,0.70071167
ID79323,0.17857766
ID79324,0.5710052
ID79325,0.29408097
ID79326,0.38040715
ID79327,0.020369833
ID79328,0.4080428
ID79329,0.06899231
ID79330,0.48632228
ID79331,0.3378381
ID79332,0.097177446
ID79333,0.13804603
ID79334,0.32047445
ID79335,0.65364856
ID79336,0.3796023
ID79337,0.78306556
ID79338,0.31678164
ID79339,0.22510655
ID79340,0.52804005
ID79341,0.67925245
ID79342,0.477037
ID79343,0.50125223
ID79344,0.51009554
ID79345,0.55093247
ID79346,0.6891483
ID79347,0.2853872
ID79348,0.3277139
ID79349,0.7287857
ID79350,0.7635656
ID79351,0.61316067
ID79352,0.65925103
ID79353,0.34321037
ID79354,0.553747
ID79355,0.053168554
ID79356,0.3236084
ID79357,0.5354004
ID79358,0.4278869
ID79359,0.38616568
ID79360,0.5521205
ID79361,0.38744238
ID79362,0.0649013
ID79363,0.12550111
ID79364,0.21782875
ID79365,0.35606855
ID79366,0.25103128
ID79367,0.5273142
ID79368,0.40195945
ID79369,0.23497044
ID79370,0.34184754
ID79371,0.16215976
ID79372,0.34441972
ID79373,0.67313355
ID79374,0.32134134
ID79375,0.5241098
ID79376,0.35166875
ID79377,0.61660975
ID79378,0.62306887
ID79379,0.55765706
ID79380,0.18130305
ID79381,0.5877754
ID79382,0.60562545
ID79383,0.47102126
ID79384,0.36628845
ID79385,0.53792673
ID79386,0.5089672
ID79387,0.5230527
ID79388,0.2079151
ID79389,0.26794317
ID79390,0.47404203
ID79391,0.28502068
ID79392,0.65044683
ID79393,0.53719705
ID79394,0.12592085
ID79395,0.64973414
ID79396,0.72193044
ID79397,0.27075887
ID79398,0.30588046
ID79399,0.54080516
ID79400,0.57167405
ID79401,0.11235551
ID79402,0.34096593
ID79403,0.6454719
ID79404,0.63906825
ID79405,0.57768214
ID79406,0.62397516
ID79407,0.50493777
ID79408,0.30203927
ID79409,0.72757095
ID79410,0.51933897
ID79411,0.4114402
ID79412,0.32024226
ID79413,0.60656416
ID79414,0.7078052
ID79415,0.6099105
ID79416,0.32811192
ID79417,0.5427966
ID79418,0.5578292
ID79419,0.2687962
ID79420,0.6135717
ID79421,0.43394423
ID79422,0.5365815
ID79423,0.44778013
ID79424,0.17732249
ID79425,0.46585426
ID79426,0.7581188
ID79427,0.5743527
ID79428,0.19483553
ID79429,0.7100589
ID79430,0.5214496
ID79431,0.3177568
ID79432,0.50028026
ID79433,0.657359
ID79434,0.30447266
ID79435,0.6728552
ID79436,0.32579157
ID79437,0.33417752
ID79438,0.06661322
ID79439,0.49069363
ID79440,0.311216
ID79441,0.39442897
ID79442,0.58618796
ID79443,0.39142165
ID79444,0.29916447
ID79445,0.662905
ID79446,0.34096277
ID79447,0.31571215
ID79448,0.5419049
ID79449,0.028209273
ID79450,0.45103216
ID79451,0.44303206
ID79452,0.25412184
ID79453,0.5063169
ID79454,0.5302661
ID79455,0.31127545
ID79456,0.29718873
ID79457,0.52097446
ID79458,0.6862214
ID79459,0.11103675
ID79460,0.60583067
ID79461,0.4613795
ID79462,0.5334051
ID79463,0.44186136
ID79464,0.36351952
ID79465,0.4956153
ID79466,0.007477728
ID79467,0.27414176
ID79468,0.6540219
ID79469,0.16346474
ID79470,0.6180788
ID79471,0.5076736
ID79472,0.52998894
ID79473,0.4178407
ID79474,0.432801
ID79475,0.6620575
ID79476,0.56789064
ID79477,0.29118997
ID79478,0.69298786
ID79479,0.68904227
ID79480,0.29469278
ID79481,0.61205167
ID79482,0.361515
ID79483,0.45398197
ID79484,0.2917703
ID79485,0.18743895
ID79486,0.33877066
ID79487,0.049361706
ID79488,0.27133924
ID79489,0.73165286
ID79490,0.528857
ID79491,0.37838152
ID79492,0.44525307
ID79493,0.7158852
ID79494,0.2051123
ID79495,0.545982
ID79496,0.53453165
ID79497,0.45317107
ID79498,0.55976635
ID79499,0.41920093
ID79500,0.5116844
ID79501,0.68951285
ID79502,0.00870798
ID79503,0.5540853
ID79504,0.4410984
ID79505,0.5364379
ID79506,0.56539685
ID79507,0.6084756
ID79508,0.6208562
ID79509,0.49699774
ID79510,0.2159213
ID79511,0.56423604
ID79512,0.2937854
ID79513,0.25302434
ID79514,0.2019587
ID79515,0.5062613
ID79516,0.6014668
ID79517,0.72880983
ID79518,0.5926429
ID79519,0.5852147
ID79520,0.3878338
ID79521,0.29426137
ID79522,0.21497773
ID79523,0.49730617
ID79524,0.48469839
ID79525,0.57771736
ID79526,0.25034094
ID79527,0.18333451
ID79528,0.14297333
ID79529,0.546639
ID79530,0.749976
ID79531,0.46144664
ID79532,0.5013344
ID79533,0.18115245
ID79534,0.07926329
ID79535,0.6212266
ID79536,0.7725782
ID79537,0.46443477
ID79538,0.6349483
ID79539,0.5203913
ID79540,0.33779877
ID79541,0.4575183
ID79542,0.35998303
ID79543,0.48651025
ID79544,0.047234338
ID79545,0.3371311
ID79546,0.6821077
ID79547,0.39575
ID79548,0.62017816
ID79549,0.36994195
ID79550,0.3664614
ID79551,0.34395435
ID79552,0.13311823
ID79553,0.59343004
ID79554,0.54153985
ID79555,0.40838134
ID79556,0.24617419
ID79557,0.052125845
ID79558,0.5907796
ID79559,0.38785425
ID79560,0.46972534
ID79561,0.52200025
ID79562,0.20082134
ID79563,0.060121033
ID79564,0.36112487
ID79565,0.27104098
ID79566,0.37481123
ID79567,0.4192652
ID79568,0.31419277
ID79569,0.5180643
ID79570,0.44569352
ID79571,0.52162534
ID79572,0.6484602
ID79573,0.41898867
ID79574,0.37486532
ID79575,0.50516415
ID79576,0.42717874
ID79577,0.09002223
ID79578,0.5267137
ID79579,0.6268496
ID79580,0.5738033
ID79581,0.37424403
ID79582,0.34930155
ID79583,0.606663
ID79584,0.31647196
ID79585,0.24519943
ID79586,0.20518748
ID79587,0.77312064
ID79588,0.35525104
ID79589,0.33635044
ID79590,0.32173857
ID79591,0.37535125
ID79592,0.5870385
ID79593,0.5755572
ID79594,0.27400526
ID79595,0.11517849
ID79596,0.5577381
ID79597,0.5764501
ID79598,0.59949774
ID79599,0.35582384
ID79600,0.74876064
ID79601,0.21181998
ID79602,0.51349837
ID79603,0.15349832
ID79604,0.6477488
ID79605,0.06772544
ID79606,0.11993232
ID79607,0.5655953
ID79608,0.63294315
ID79609,0.4374367
ID79610,0.4683363
ID79611,0.4784132
ID79612,0.35141206
ID79613,0.4371569
ID79614,0.4931274
ID79615,0.29943198
ID79616,0.43406993
ID79617,0.26253998
ID79618,0.4226776
ID79619,0.3683364
ID79620,0.6384888
ID79621,0.5285691
ID79622,0.5584358
ID79623,0.40781778
ID79624,0.115095586
ID79625,0.6216809
ID79626,0.49102515
ID79627,0.63393337
ID79628,0.21369995
ID79629,0.59425193
ID79630,0.5309137
ID79631,0.451846
ID79632,0.45382926
ID79633,0.13119563
ID79634,0.283181
ID79635,0.45548227
ID79636,0.42149946
ID79637,0.6044474
ID79638,0.439872
ID79639,0.5922611
ID79640,0.5420246
ID79641,0.57296294
ID79642,0.5466215
ID79643,0.25770378
ID79644,0.662854
ID79645,0.19703558
ID79646,0.4335457
ID79647,0.33001515
ID79648,0.61642087
ID79649,0.56339514
ID79650,0.385474
ID79651,0.27021426
ID79652,0.20907946
ID79653,0.5282579
ID79654,0.21276627
ID79655,0.029444067
ID79656,0.62166774
ID79657,0.47884774
ID79658,0.4194502
ID79659,0.4435182
ID79660,0.25490493
ID79661,0.29937518
ID79662,0.4967462
ID79663,0.55528027
ID79664,0.216779
ID79665,0.319028
ID79666,0.18005453
ID79667,0.22596706
ID79668,0.4218963
ID79669,0.4807173
ID79670,0.5522541
ID79671,0.011965156
ID79672,0.31050193
ID79673,0.56421304
ID79674,0.66662014
ID79675,0.5019004
ID79676,0.6977319
ID79677,0.39095023
ID79678,0.3895369
ID79679,0.39693472
ID79680,0.3201849
ID79681,0.38244432
ID79682,0.31925648
ID79683,0.38238052
ID79684,0.4513487
ID79685,0.18473798
ID79686,0.3619353
ID79687,0.72716826
ID79688,0.6154333
ID79689,0.2064725
ID79690,0.4285418
ID79691,0.5503053
ID79692,0.1356869
ID79693,0.15092449
ID79694,0.09122273
ID79695,0.5251444
ID79696,0.56322515
ID79697,0.2302037
ID79698,0.42535594
ID79699,0.71527624
ID79700,0.60306054
ID79701,0.2042214
ID79702,0.36361605
ID79703,0.1679109
ID79704,0.23897141
ID79705,0.29111952
ID79706,0.40179086
ID79707,0.53666484
ID79708,0.40930134
ID79709,0.18746041
ID79710,0.5812374
ID79711,0.67214054
ID79712,0.2815768
ID79713,0.29873562
ID79714,0.554536
ID79715,0.5941874
ID79716,0.23987135
ID79717,0.09965886
ID79718,0.33139807
ID79719,0.46177202
ID79720,0.57436645
ID79721,0.6478601
ID79722,0.27145013
ID79723,0.16897401
ID79724,0.08716018
ID79725,0.5004635
ID79726,0.36155936
ID79727,0.7068108
ID79728,0.6265437
ID79729,0.482315
ID79730,0.05317062
ID79731,0.6441516
ID79732,0.31110287
ID79733,0.37722462
ID79734,0.4781345
ID79735,0.23619343
ID79736,0.6502017
ID79737,0.6353596
ID79738,0.7327629
ID79739,0.33263525
ID79740,0.6358389
ID79741,0.5592394
ID79742,0.34024018
ID79743,0.29904255
ID79744,0.29328504
ID79745,0.47356567
ID79746,0.59828895
ID79747,0.5040251
ID79748,0.43685216
ID79749,0.25143483
ID79750,0.6850869
ID79751,0.45420387
ID79752,0.56497
ID79753,0.318772
ID79754,0.21553092
ID79755,0.4609757
ID79756,0.031476222
ID79757,0.26227158
ID79758,0.2989801
ID79759,0.5197274
ID79760,0.49360925
ID79761,0.4600495
ID79762,0.63039374
ID79763,0.6696127
ID79764,0.50814235
ID79765,0.17285186
ID79766,0.40787363
ID79767,0.65172076
ID79768,0.14007252
ID79769,0.7450112
ID79770,0.4640908
ID79771,0.64041626
ID79772,0.49345043
ID79773,0.72617066
ID79774,0.7378175
ID79775,0.64217305
ID79776,0.33548614
ID79777,0.029236801
ID79778,0.2223992
ID79779,0.45712352
ID79780,0.3310117
ID79781,0.39764607
ID79782,0.32872596
ID79783,0.13607009
ID79784,0.46990192
ID79785,0.68525815
ID79786,0.49985275
ID79787,0.3559457
ID79788,0.6582836
ID79789,0.34310216
ID79790,0.7894149
ID79791,0.54955596
ID79792,0.2852649
ID79793,0.7106091
ID79794,0.30112338
ID79795,0.05173162
ID79796,0.48673448
ID79797,0.45812085
ID79798,0.29469272
ID79799,0.35789654
ID79800,0.4731413
ID79801,0.3045071
ID79802,0.68143976
ID79803,0.7574256
ID79804,0.4345613
ID79805,0.38716465
ID79806,0.19175495
ID79807,0.62317616
ID79808,0.16445588
ID79809,0.2712717
ID79810,0.47958755
ID79811,0.6629054
ID79812,0.18531315
ID79813,0.35145223
ID79814,0.113205746
ID79815,0.2994102
ID79816,0.524038
ID79817,0.4593041
ID79818,0.55358505
ID79819,0.198093
ID79820,0.17248464
ID79821,0.41389424
ID79822,0.09359128
ID79823,0.5884204
ID79824,0.69276327
ID79825,0.587702
ID79826,0.2672405
ID79827,0.24754632
ID79828,0.38900852
ID79829,0.41282147
ID79830,0.41080603
ID79831,0.57553726
ID79832,0.3012842
ID79833,0.2837524
ID79834,0.41262355
ID79835,0.37271902
ID79836,0.33985025
ID79837,0.56200314
ID79838,0.12553243
ID79839,0.63059676
ID79840,0.6554769
ID79841,0.44968176
ID79842,0.474049
ID79843,0.62344134
ID79844,0.32489607
ID79845,0.17445101
ID79846,0.52012503
ID79847,0.5724117
ID79848,0.5856315
ID79849,0.6407558
ID79850,0.11291764
ID79851,0.31183597
ID79852,0.6164511
ID79853,0.32832685
ID79854,0.122494675
ID79855,0.6978243
ID79856,0.23316498
ID79857,0.3941975
ID79858,0.09415413
ID79859,0.38738307
ID79860,0.59604794
ID79861,0.15004236
ID79862,0.28405857
ID79863,0.63938856
ID79864,0.4186415
ID79865,0.61083204
ID79866,0.10487288
ID79867,0.38954172
ID79868,0.49985144
ID79869,0.21514499
ID79870,0.3402653
ID79871,0.1428274
ID79872,0.6739609
ID79873,0.64896274
ID79874,0.1530569
ID79875,0.32499242
ID79876,0.11252236
ID79877,0.36758015
ID79878,0.4734289
ID79879,0.61974365
ID79880,0.48787713
ID79881,0.06374322
ID79882,0.4666131
ID79883,0.52244204
ID79884,0.641531
ID79885,0.48662487
ID79886,0.5135562
ID79887,0.4178227
ID79888,0.4256698
ID79889,0.38661385
ID79890,0.6165156
ID79891,0.59329605
ID79892,0.24060106
ID79893,0.2804277
ID79894,0.39424005
ID79895,0.5695328
ID79896,0.70334643
ID79897,0.44833156
ID79898,0.44307417
ID79899,0.6874824
ID79900,0.50755405
ID79901,0.4241113
ID79902,0.44930446
ID79903,0.4844098
ID79904,0.45036903
ID79905,0.4637759
ID79906,0.5096528
ID79907,0.008213915
ID79908,0.47029993
ID79909,0.535792
ID79910,0.42846677
ID79911,0.5770317
ID79912,0.38963395
ID79913,0.57456434
ID79914,0.09452424
ID79915,0.40924525
ID79916,0.13475303
ID79917,0.35672814
ID79918,0.030836748
ID79919,0.42428258
ID79920,0.5493854
ID79921,0.5086324
ID79922,0.12262228
ID79923,0.5267089
ID79924,0.49128473
ID79925,0.6484152
ID79926,0.64432454
ID79927,0.43644008
ID79928,0.2745803
ID79929,0.6057169
ID79930,0.64343077
ID79931,0.12279926
ID79932,0.33722597
ID79933,0.0067252982
ID79934,0.5568198
ID79935,0.5309466
ID79936,0.5303984
ID79937,0.32908303
ID79938,0.47231248
ID79939,0.395438
ID79940,0.5120023
ID79941,0.13967074
ID79942,0.6047415
ID79943,0.3077102
ID79944,0.7610975
ID79945,0.55675787
ID79946,0.4855148
ID79947,0.28554252
ID79948,0.48429114
ID79949,0.37620342
ID79950,0.2268053
ID79951,0.66750157
ID79952,0.54637384
ID79953,0.22143729
ID79954,0.26280442
ID79955,0.540538
ID79956,0.36261526
ID79957,0.18479763
ID79958,0.61658484
ID79959,0.37291083
ID79960,0.26630205
ID79961,0.5852064
ID79962,0.23641528
ID79963,0.71238536
ID79964,0.3334022
ID79965,0.2061128
ID79966,0.51148605
ID79967,0.43510118
ID79968,0.05499005
ID79969,0.54053426
ID79970,0.09745071
ID79971,0.04565278
ID79972,0.4137476
ID79973,0.2572041
ID79974,0.6300745
ID79975,0.6545585
ID79976,0.47620952
ID79977,0.47285646
ID79978,0.58832103
ID79979,0.25051552
ID79980,0.5121582
ID79981,0.5051768
ID79982,0.72460616
ID79983,0.5132734
ID79984,0.011031269
ID79985,0.62001455
ID79986,0.5037689
ID79987,0.10687789
ID79988,0.42348698
ID79989,0.494737
ID79990,0.2703807
ID79991,0.7934604
ID79992,0.27776685
ID79993,0.5086926
ID79994,0.45357332
ID79995,0.3414499
ID79996,0.44626808
ID79997,0.35036892
ID79998,0.4572817
ID79999,0.37454647
ID80000,0.54998624
ID80001,0.2774019
ID80002,0.037261892
ID80003,0.21706808
ID80004,0.2919856
ID80005,0.25855252
ID80006,0.4896179
ID80007,0.35799494
ID80008,0.58177435
ID80009,0.19604059
ID80010,0.6402595
ID80011,0.3089121
ID80012,0.6812606
ID80013,0.68603224
ID80014,0.5351569
ID80015,0.415636
ID80016,0.51527655
ID80017,0.5462019
ID80018,0.35196146
ID80019,0.6156812
ID80020,0.45481995
ID80021,0.09831188
ID80022,0.3248005
ID80023,0.54634285
ID80024,0.5933007
ID80025,0.3482865
ID80026,0.3604237
ID80027,0.4264652
ID80028,0.6438627
ID80029,0.36898336
ID80030,0.30851036
ID80031,0.57485014
ID80032,0.28286466
ID80033,0.34286427
ID80034,0.057602905
ID80035,0.5209131
ID80036,0.4625371
ID80037,0.61073583
ID80038,0.19335943
ID80039,0.30368608
ID80040,0.49716243
ID80041,0.5640831
ID80042,0.49581003
ID80043,0.18418413
ID80044,0.3206258
ID80045,0.15110989
ID80046,0.54096735
ID80047,0.4527296
ID80048,0.41247573
ID80049,0.57234544
ID80050,0.6059352
ID80051,0.24843875
ID80052,0.47272354
ID80053,0.58500594
ID80054,0.24108243
ID80055,0.45903885
ID80056,0.6305499
ID80057,0.2718473
ID80058,0.5801387
ID80059,0.67312723
ID80060,0.5153418
ID80061,0.5652791
ID80062,0.673159
ID80063,0.46383694
ID80064,0.5485285
ID80065,0.5049942
ID80066,0.3739805
ID80067,0.5832335
ID80068,0.4851496
ID80069,0.41844556
ID80070,0.16894154
ID80071,0.48495102
ID80072,0.49364033
ID80073,0.010976212
ID80074,0.45143148
ID80075,0.65120095
ID80076,0.22773574
ID80077,0.43072027
ID80078,0.38676363
ID80079,0.77880895
ID80080,0.70960414
ID80081,0.37271902
ID80082,0.22476837
ID80083,0.35626736
ID80084,0.37772623
ID80085,0.2589251
ID80086,0.32608113
ID80087,0.323873
ID80088,0.4810904
ID80089,0.14813629
ID80090,0.36936498
ID80091,0.24484545
ID80092,0.5759678
ID80093,0.4655989
ID80094,0.58768696
ID80095,0.6034385
ID80096,0.79362434
ID80097,0.5992214
ID80098,0.18819788
ID80099,0.46873954
ID80100,0.13318945
ID80101,0.5202851
ID80102,0.5583263
ID80103,0.26981714
ID80104,0.48328736
ID80105,0.23297536
ID80106,0.679306
ID80107,0.24266313
ID80108,0.20611945
ID80109,0.36665136
ID80110,0.33502796
ID80111,0.5422782
ID80112,0.3817286
ID80113,0.19917017
ID80114,0.419766
ID80115,0.44571453
ID80116,0.53456634
ID80117,0.46841154
ID80118,0.10678787
ID80119,0.7060391
ID80120,0.6134842
ID80121,0.5034762
ID80122,0.76275444
ID80123,0.3659537
ID80124,0.14153475
ID80125,0.19394682
ID80126,0.06781719
ID80127,0.08076649
ID80128,0.33513546
ID80129,0.21087946
ID80130,0.26060215
ID80131,0.277784
ID80132,0.40241814
ID80133,0.61586434
ID80134,0.18591514
ID80135,0.0144652575
ID80136,0.3847396
ID80137,0.103853114
ID80138,0.39505956
ID80139,0.35627988
ID80140,0.650533
ID80141,0.040966615
ID80142,0.45360273
ID80143,0.45495382
ID80144,0.7070702
ID80145,0.23037389
ID80146,0.2657348
ID80147,0.1208583
ID80148,0.16157648
ID80149,0.5054122
ID80150,0.73359156
ID80151,0.509458
ID80152,0.4679905
ID80153,0.5028582
ID80154,0.2745311
ID80155,0.08648784
ID80156,0.5973873
ID80157,0.568289
ID80158,0.14064056
ID80159,0.60406846
ID80160,0.32554173
ID80161,0.49522376
ID80162,0.5902305
ID80163,0.52575225
ID80164,0.29408485
ID80165,0.46381828
ID80166,0.5297335
ID80167,0.55719596
ID80168,0.3581046
ID80169,0.43886423
ID80170,0.6153578
ID80171,0.69702995
ID80172,0.60713935
ID80173,0.5861738
ID80174,0.39251965
ID80175,0.16291519
ID80176,0.5828188
ID80177,0.16333288
ID80178,0.37008673
ID80179,0.036922026
ID80180,0.5308931
ID80181,0.7356117
ID80182,0.6110787
ID80183,0.09797527
ID80184,0.6134095
ID80185,0.6738875
ID80186,0.61788386
ID80187,0.69292146
ID80188,0.6322956
ID80189,0.4123629
ID80190,0.3669632
ID80191,0.45262384
ID80192,0.24674965
ID80193,0.540131
ID80194,0.22722217
ID80195,0.69854444
ID80196,0.53681463
ID80197,0.5180969
ID80198,0.4985094
ID80199,0.46885914
ID80200,0.5804619
ID80201,0.6322814
ID80202,0.55810827
ID80203,0.48887715
ID80204,0.49200144
ID80205,0.5339352
ID80206,0.61331683
ID80207,0.65993345
ID80208,0.60913396
ID80209,0.30813882
ID80210,0.35739562
ID80211,0.6829982
ID80212,0.5649455
ID80213,0.11543184
ID80214,0.10430074
ID80215,0.6716004
ID80216,0.52345484
ID80217,0.5547783
ID80218,0.34841567
ID80219,0.44518355
ID80220,0.6320168
ID80221,0.007840206
ID80222,0.30933598
ID80223,0.5393648
ID80224,0.3303022
ID80225,0.6586316
ID80226,0.38897792
ID80227,0.27097243
ID80228,0.17368715
ID80229,0.64504284
ID80230,0.54517996
ID80231,0.28803846
ID80232,0.4845609
ID80233,0.555747
ID80234,0.5181283
ID80235,0.5011322
ID80236,0.21111561
ID80237,0.5867396
ID80238,0.38033706
ID80239,0.34971693
ID80240,0.5967012
ID80241,0.1663108
ID80242,0.30301723
ID80243,0.40085095
ID80244,0.68838394
ID80245,0.50770295
ID80246,0.65403795
ID80247,0.5616448
ID80248,0.41180283
ID80249,0.4166217
ID80250,0.3403767
ID80251,0.5101374
ID80252,0.552127
ID80253,0.5298953
ID80254,0.518829
ID80255,0.72940856
ID80256,0.53619593
ID80257,0.20040262
ID80258,0.68237436
ID80259,0.4320374
ID80260,0.47072113
ID80261,0.56675094
ID80262,0.5197773
ID80263,0.63330096
ID80264,0.2971471
ID80265,0.56643116
ID80266,0.4587192
ID80267,0.55833626
ID80268,0.31820488
ID80269,0.60761386
ID80270,0.41293925
ID80271,0.38150063
ID80272,0.5818047
ID80273,0.46841317
ID80274,0.50525784
ID80275,0.19056569
ID80276,0.0809787
ID80277,0.07402355
ID80278,0.38702968
ID80279,0.50408554
ID80280,0.5893937
ID80281,0.11882392
ID80282,0.09033147
ID80283,0.37777898
ID80284,0.44392315
ID80285,0.43792778
ID80286,0.18832317
ID80287,0.3243516
ID80288,0.6734826
ID80289,0.22862984
ID80290,0.58356833
ID80291,0.20386006
ID80292,0.4080172
ID80293,0.54555565
ID80294,0.26100928
ID80295,0.5085865
ID80296,0.58656836
ID80297,0.67067736
ID80298,0.4178107
ID80299,0.45793563
ID80300,0.51328343
ID80301,0.43207464
ID80302,0.4962379
ID80303,0.6799324
ID80304,0.51746917
ID80305,0.4010468
ID80306,0.40513438
ID80307,0.6207578
ID80308,0.29458064
ID80309,0.6610771
ID80310,0.27064982
ID80311,0.4002698
ID80312,0.3684231
ID80313,0.12201998
ID80314,0.3676293
ID80315,0.09346042
ID80316,0.58559334
ID80317,0.35856572
ID80318,0.5321531
ID80319,0.31116784
ID80320,0.6352068
ID80321,0.52500266
ID80322,0.5877712
ID80323,0.21629213
ID80324,0.5705897
ID80325,0.5605701
ID80326,0.47589105
ID80327,0.362348
ID80328,0.5266879
ID80329,0.39118657
ID80330,0.5376094
ID80331,0.58801275
ID80332,0.16110575
ID80333,0.65929943
ID80334,0.10993557
ID80335,0.45879382
ID80336,0.3610403
ID80337,0.31313145
ID80338,0.36240932
ID80339,0.5020787
ID80340,0.2459188
ID80341,0.009288382
ID80342,0.5128828
ID80343,0.26857796
ID80344,0.42161208
ID80345,0.81727105
ID80346,0.07203297
ID80347,0.1730803
ID80348,0.38159052
ID80349,0.48938712
ID80350,0.283742
ID80351,0.56241125
ID80352,0.4951285
ID80353,0.4436615
ID80354,0.630746
ID80355,0.58952767
ID80356,0.09973811
ID80357,0.06963492
ID80358,0.6119941
ID80359,0.3738916
ID80360,0.49868512
ID80361,0.0074219066
ID80362,0.56646705
ID80363,0.61949325
ID80364,0.057470314
ID80365,0.49532652
ID80366,0.21796672
ID80367,0.42767438
ID80368,0.36243045
ID80369,0.41617003
ID80370,0.25262535
ID80371,0.48626196
ID80372,0.54376453
ID80373,0.04627643
ID80374,0.15792212
ID80375,0.5026457
ID80376,0.61616975
ID80377,0.23812115
ID80378,0.47936732
ID80379,0.45630863
ID80380,0.50162977
ID80381,0.48844472
ID80382,0.17835924
ID80383,0.2543335
ID80384,0.55906814
ID80385,0.5855625
ID80386,0.33236954
ID80387,0.18515468
ID80388,0.38085842
ID80389,0.34342626
ID80390,0.38777584
ID80391,0.49991685
ID80392,0.15671703
ID80393,0.57545847
ID80394,0.6091778
ID80395,0.52394587
ID80396,0.5904108
ID80397,0.40955368
ID80398,0.52098846
ID80399,0.66927093
ID80400,0.37635466
ID80401,0.21886909
ID80402,0.32413632
ID80403,0.36129594
ID80404,0.35466143
ID80405,0.28001362
ID80406,0.104833834
ID80407,0.24049775
ID80408,0.76823884
ID80409,0.39699706
ID80410,0.39165485
ID80411,0.03608667
ID80412,0.12457406
ID80413,0.500784
ID80414,0.64998657
ID80415,0.10962795
ID80416,0.44328403
ID80417,0.3487376
ID80418,0.23043337
ID80419,0.5272906
ID80420,0.5092904
ID80421,0.06860945
ID80422,0.5796159
ID80423,0.39449692
ID80424,0.3947888
ID80425,0.17095627
ID80426,0.62456226
ID80427,0.5664272
ID80428,0.2797816
ID80429,0.56051236
ID80430,0.26368812
ID80431,0.5488675
ID80432,0.49686268
ID80433,0.5391898
ID80434,0.5862122
ID80435,0.54686
ID80436,0.27245864
ID80437,0.51349485
ID80438,0.30803186
ID80439,0.6054614
ID80440,0.28781256
ID80441,0.49527052
ID80442,0.04892704
ID80443,0.576286
ID80444,0.059207182
ID80445,0.6828263
ID80446,0.12014819
ID80447,0.119291164
ID80448,0.24909166
ID80449,0.75435907
ID80450,0.5389472
ID80451,0.5725245
ID80452,0.6165094
ID80453,0.5184467
ID80454,0.35547757
ID80455,0.48623434
ID80456,0.6266355
ID80457,0.44854534
ID80458,0.5185234
ID80459,0.5392989
ID80460,0.53762126
ID80461,0.34656605
ID80462,0.1357273
ID80463,0.28476343
ID80464,0.5530159
ID80465,0.27595398
ID80466,0.59189874
ID80467,0.48626128
ID80468,0.39476365
ID80469,0.3784708
ID80470,0.69505143
ID80471,0.52714473
ID80472,0.58452237
ID80473,0.4021285
ID80474,0.6160923
ID80475,0.6220763
ID80476,0.4161875
ID80477,0.31885663
ID80478,0.48329487
ID80479,0.18140778
ID80480,0.5496812
ID80481,0.39735067
ID80482,0.2067734
ID80483,0.07724008
ID80484,0.5980758
ID80485,0.7096102
ID80486,0.17155986
ID80487,0.61307573
ID80488,0.2920042
ID80489,0.14882612
ID80490,0.6505869
ID80491,0.10471184
ID80492,0.34553218
ID80493,0.5818655
ID80494,0.27184865
ID80495,0.55592483
ID80496,0.47678995
ID80497,0.22323258
ID80498,0.6091347
ID80499,0.30839393
ID80500,0.17591628
ID80501,0.44627696
ID80502,0.39933836
ID80503,0.14781627
ID80504,0.23031944
ID80505,0.014230698
ID80506,0.1128746
ID80507,0.5859831
ID80508,0.46155182
ID80509,0.4390721
ID80510,0.44865757
ID80511,0.5925971
ID80512,0.26409903
ID80513,0.46044216
ID80514,0.19395013
ID80515,0.59274775
ID80516,0.39858004
ID80517,0.56088537
ID80518,0.11280345
ID80519,0.49068123
ID80520,0.5349829
ID80521,0.2511528
ID80522,0.6799816
ID80523,0.5839332
ID80524,0.58813745
ID80525,0.3640423
ID80526,0.38344917
ID80527,0.27618432
ID80528,0.32473865
ID80529,0.47789633
ID80530,0.46253076
ID80531,0.42243963
ID80532,0.35108384
ID80533,0.42385143
ID80534,0.29615632
ID80535,0.11939556
ID80536,0.50549936
ID80537,0.70812416
ID80538,0.44361317
ID80539,0.35809338
ID80540,0.48328412
ID80541,0.5262852
ID80542,0.36936173
ID80543,0.5454767
ID80544,0.7105913
ID80545,0.1897759
ID80546,0.12474244
ID80547,0.56482905
ID80548,0.3339772
ID80549,0.6516604
ID80550,0.23867084
ID80551,0.29155308
ID80552,0.4507515
ID80553,0.39058805
ID80554,0.6495267
ID80555,0.590081
ID80556,0.5634214
ID80557,0.06554856
ID80558,0.16806486
ID80559,0.42050874
ID80560,0.471492
ID80561,0.119360305
ID80562,0.6492093
ID80563,0.24380836
ID80564,0.57350576
ID80565,0.40319118
ID80566,0.7338945
ID80567,0.17979948
ID80568,0.5493937
ID80569,0.3035845
ID80570,0.58235395
ID80571,0.6012745
ID80572,0.41209504
ID80573,0.19780254
ID80574,0.42780757
ID80575,0.30341578
ID80576,0.16209427
ID80577,0.4454767
ID80578,0.21863975
ID80579,0.6201815
ID80580,0.4016616
ID80581,0.74739254
ID80582,0.5836313
ID80583,0.59317356
ID80584,0.52824193
ID80585,0.5970481
ID80586,0.39449692
ID80587,0.27983275
ID80588,0.3312769
ID80589,0.29451525
ID80590,0.48339364
ID80591,0.3164029
ID80592,0.5054663
ID80593,0.5572511
ID80594,0.33833155
ID80595,0.69518113
ID80596,0.013117153
ID80597,0.41591516
ID80598,0.47838232
ID80599,0.3491536
ID80600,0.59282684
ID80601,0.40129173
ID80602,0.27877307
ID80603,0.5096009
ID80604,0.42924264
ID80605,0.0400839
ID80606,0.66177624
ID80607,0.17317925
ID80608,0.31789747
ID80609,0.23406047
ID80610,0.1293925
ID80611,0.12708724
ID80612,0.6505508
ID80613,0.4762165
ID80614,0.5588879
ID80615,0.082258716
ID80616,0.63190013
ID80617,0.4962238
ID80618,0.13997732
ID80619,0.5705537
ID80620,0.54512817
ID80621,0.18182419
ID80622,0.3389773
ID80623,0.09212845
ID80624,0.58277047
ID80625,0.64296126
ID80626,0.33477172
ID80627,0.16026264
ID80628,0.57785994
ID80629,0.6962188
ID80630,0.42529047
ID80631,0.5721407
ID80632,0.55589086
ID80633,0.45794344
ID80634,0.6547428
ID80635,0.40028632
ID80636,0.47973973
ID80637,0.58006614
ID80638,0.48015037
ID80639,0.20435295
ID80640,0.5481398
ID80641,0.30470774
ID80642,0.63005024
ID80643,0.6191334
ID80644,0.52069825
ID80645,0.06234747
ID80646,0.608498
ID80647,0.41320425
ID80648,0.57969207
ID80649,0.30053213
ID80650,0.54634416
ID80651,0.55781156
ID80652,0.008043814
ID80653,0.32561782
ID80654,0.535784
ID80655,0.35681814
ID80656,0.44923604
ID80657,0.6126106
ID80658,0.57274413
ID80659,0.28070685
ID80660,0.39780757
ID80661,0.4122266
ID80662,0.5422513
ID80663,0.6204032
ID80664,0.38037336
ID80665,0.4338417
ID80666,0.16607703
ID80667,0.22304823
ID80668,0.13354573
ID80669,0.50187963
ID80670,0.43444788
ID80671,0.08585269
ID80672,0.60565275
ID80673,0.3264884
ID80674,0.4164535
ID80675,0.121641695
ID80676,0.60352314
ID80677,0.5918984
ID80678,0.72602665
ID80679,0.4885486
ID80680,0.58843803
ID80681,0.5552599
ID80682,0.22348207
ID80683,0.51916254
ID80684,0.46533734
ID80685,0.15076998
ID80686,0.553199
ID80687,0.55845183
ID80688,0.44575953
ID80689,0.33193752
ID80690,0.39053422
ID80691,0.31672078
ID80692,0.40781286
ID80693,0.4491001
ID80694,0.5639991
ID80695,0.15419269
ID80696,0.4974902
ID80697,0.2874793
ID80698,0.5337257
ID80699,0.39734653
ID80700,0.50675285
ID80701,0.6507845
ID80702,0.20190437
ID80703,0.35508543
ID80704,0.5245603
ID80705,0.3772296
ID80706,0.55347186
ID80707,0.6460673
ID80708,0.1513274
ID80709,0.3495102
ID80710,0.578042
ID80711,0.42051643
ID80712,0.5955841
ID80713,0.2413424
ID80714,0.5470914
ID80715,0.70685226
ID80716,0.3275123
ID80717,0.58804023
ID80718,0.41748127
ID80719,0.18536451
ID80720,0.10298163
ID80721,0.37711635
ID80722,0.5496099
ID80723,0.56778485
ID80724,0.4687774
ID80725,0.3919156
ID80726,0.17958745
ID80727,0.5245031
ID80728,0.5220108
ID80729,0.562143
ID80730,0.47654104
ID80731,0.60723907
ID80732,0.49632752
ID80733,0.1277299
ID80734,0.5518332
ID80735,0.11280798
ID80736,0.16401158
ID80737,0.42315894
ID80738,0.54937744
ID80739,0.4492429
ID80740,0.61116576
ID80741,0.5986675
ID80742,0.38084677
ID80743,0.443593
ID80744,0.55110055
ID80745,0.50891155
ID80746,0.32015207
ID80747,0.5570074
ID80748,0.5742762
ID80749,0.4996212
ID80750,0.56547326
ID80751,0.294458
ID80752,0.48558506
ID80753,0.661452
ID80754,0.62684953
ID80755,0.62347424
ID80756,0.609204
ID80757,0.4823584
ID80758,0.58785164
ID80759,0.5899557
ID80760,0.50199807
ID80761,0.6609265
ID80762,0.11974551
ID80763,0.5715115
ID80764,0.5257755
ID80765,0.41673544
ID80766,0.1539962
ID80767,0.29850936
ID80768,0.57375866
ID80769,0.6315565
ID80770,0.6976874
ID80771,0.45929796
ID80772,0.17907497
ID80773,0.645176
ID80774,0.29748678
ID80775,0.44412413
ID80776,0.6362958
ID80777,0.66041017
ID80778,0.6725501
ID80779,0.5917341
ID80780,0.54387265
ID80781,0.571429
ID80782,0.5618665
ID80783,0.10992973
ID80784,0.6326298
ID80785,0.6151099
ID80786,0.53761274
ID80787,0.5456467
ID80788,0.4051355
ID80789,0.39085436
ID80790,0.12498957
ID80791,0.20545875
ID80792,0.459544
ID80793,0.22137551
ID80794,0.25055563
ID80795,0.08526875
ID80796,0.56658757
ID80797,0.4258899
ID80798,0.5125464
ID80799,0.18508142
ID80800,0.1600252
ID80801,0.2007379
ID80802,0.34088984
ID80803,0.6332149
ID80804,0.33923048
ID80805,0.46003044
ID80806,0.13109966
ID80807,0.21801525
ID80808,0.5368427
ID80809,0.7352711
ID80810,0.32982558
ID80811,0.27588817
ID80812,0.67828554
ID80813,0.10934345
ID80814,0.31645933
ID80815,0.34219864
ID80816,0.39803755
ID80817,0.14420146
ID80818,0.596875
ID80819,0.46167958
ID80820,0.6414259
ID80821,0.33687842
ID80822,0.606703
ID80823,0.36528775
ID80824,0.29100937
ID80825,0.0880325
ID80826,0.5245603
ID80827,0.5242822
ID80828,0.4612433
ID80829,0.6026907
ID80830,0.28964972
ID80831,0.6419144
ID80832,0.6184282
ID80833,0.14751078
ID80834,0.17894168
ID80835,0.6009022
ID80836,0.5442436
ID80837,0.62851346
ID80838,0.4483591
ID80839,0.2704743
ID80840,0.5510043
ID80841,0.13339676
ID80842,0.35595086
ID80843,0.60483694
ID80844,0.50624436
ID80845,0.3420304
ID80846,0.31693903
ID80847,0.17685938
ID80848,0.52363724
ID80849,0.66985905
ID80850,0.5173696
ID80851,0.5273343
ID80852,0.39459336
ID80853,0.37904942
ID80854,0.19600968
ID80855,0.50268036
ID80856,0.56910276
ID80857,0.012292158
ID80858,0.33296508
ID80859,0.39549032
ID80860,0.57500035
ID80861,0.25434375
ID80862,0.048065748
ID80863,0.35815647
ID80864,0.49998868
ID80865,0.5891496
ID80866,0.36997378
ID80867,0.4381474
ID80868,0.40139255
ID80869,0.5148063
ID80870,0.68017834
ID80871,0.20425351
ID80872,0.14482172
ID80873,0.50555724
ID80874,0.4461587
ID80875,0.58101046
ID80876,0.4321321
ID80877,0.62238246
ID80878,0.2689617
ID80879,0.1864098
ID80880,0.550423
ID80881,0.52679765
ID80882,0.49292004
ID80883,0.26818997
ID80884,0.48954624
ID80885,0.34497923
ID80886,0.29980248
ID80887,0.6160876
ID80888,0.06350594
ID80889,0.17755452
ID80890,0.06893817
ID80891,0.63719237
ID80892,0.1294061
ID80893,0.5756176
ID80894,0.0046817805
ID80895,0.5998889
ID80896,0.5778084
ID80897,0.518379
ID80898,0.49251673
ID80899,0.18899265
ID80900,0.69428265
ID80901,0.19751728
ID80902,0.3073523
ID80903,0.240986
ID80904,0.58523095
ID80905,0.49530157
ID80906,0.36283624
ID80907,0.32542482
ID80908,0.45574242
ID80909,0.61451536
ID80910,0.3570668
ID80911,0.63647217
ID80912,0.2071557
ID80913,0.3267868
ID80914,0.36623448
ID80915,0.3651391
ID80916,0.67172134
ID80917,0.74612266
ID80918,0.53859854
ID80919,0.6629478
ID80920,0.21505375
ID80921,0.62021345
ID80922,0.5206366
ID80923,0.50265574
ID80924,0.33524427
ID80925,0.583533
ID80926,0.53978807
ID80927,0.09748668
ID80928,0.3574238
ID80929,0.4779203
ID80930,0.6779895
ID80931,0.38124254
ID80932,0.34707037
ID80933,0.09088318
ID80934,0.47986576
ID80935,0.6288206
ID80936,0.62704045
ID80937,0.27174625
ID80938,0.524751
ID80939,0.4549706
ID80940,0.18950772
ID80941,0.34122896
ID80942,0.6127468
ID80943,0.26467007
ID80944,0.7437894
ID80945,0.27546182
ID80946,0.4641335
ID80947,0.2385628
ID80948,0.23778182
ID80949,0.377931
ID80950,0.46758816
ID80951,0.59406096
ID80952,0.39114243
ID80953,0.11033799
ID80954,0.3167345
ID80955,0.54799515
ID80956,0.47711402
ID80957,0.3611363
ID80958,0.64365935
ID80959,0.5730429
ID80960,0.4043876
ID80961,0.28266552
ID80962,0.30341578
ID80963,0.64183944
ID80964,0.13605799
ID80965,0.53429157
ID80966,0.4044535
ID80967,0.5985419
ID80968,0.42949718
ID80969,0.3574576
ID80970,0.16420689
ID80971,0.49422416
ID80972,0.41051507
ID80973,0.66501427
ID80974,0.18307535
ID80975,0.30547902
ID80976,0.10160192
ID80977,0.54081094
ID80978,0.38942295
ID80979,0.16311648
ID80980,0.38791546
ID80981,0.38665304
ID80982,0.49179718
ID80983,0.36661887
ID80984,0.32825518
ID80985,0.33630443
ID80986,0.5312008
ID80987,0.121285476
ID80988,0.38317394
ID80989,0.33995095
ID80990,0.4247296
ID80991,0.31535757
ID80992,0.509602
ID80993,0.4293487
ID80994,0.19615851
ID80995,0.36134934
ID80996,0.23531963
ID80997,0.5985343
ID80998,0.5277056
ID80999,0.3792609
ID81000,0.2266669
ID81001,0.5325072
ID81002,0.30999717
ID81003,0.62766534
ID81004,0.3736421
ID81005,0.45176232
ID81006,0.5795491
ID81007,0.32672596
ID81008,0.21538778
ID81009,0.41967213
ID81010,0.5579452
ID81011,0.11546426
ID81012,0.17633437
ID81013,0.62664807
ID81014,0.44952425
ID81015,0.42050922
ID81016,0.45409158
ID81017,0.51185346
ID81018,0.5515017
ID81019,0.3460594
ID81020,0.23256375
ID81021,0.025245106
ID81022,0.5269271
ID81023,0.21829212
ID81024,0.5028091
ID81025,0.36205465
ID81026,0.26659122
ID81027,0.046988316
ID81028,0.59842336
ID81029,0.4331602
ID81030,0.47062975
ID81031,0.6690917
ID81032,0.7280727
ID81033,0.48453134
ID81034,0.24219729
ID81035,0.62125695
ID81036,0.2655143
ID81037,0.3078195
ID81038,0.40133494
ID81039,0.628879
ID81040,0.38723564
ID81041,0.20302437
ID81042,0.45201334
ID81043,0.43964806
ID81044,0.4412948
ID81045,0.69246256
ID81046,0.37434915
ID81047,0.3924475
ID81048,0.43679437
ID81049,0.47302696
ID81050,0.38614836
ID81051,0.26728684
ID81052,0.38228303
ID81053,0.47883233
ID81054,0.46172294
ID81055,0.0041476064
ID81056,0.13325761
ID81057,0.13895893
ID81058,0.023867646
ID81059,0.40225458
ID81060,0.60410655
ID81061,0.47254246
ID81062,0.3861747
ID81063,0.32829097
ID81064,0.40901524
ID81065,0.25283143
ID81066,0.567917
ID81067,0.46456802
ID81068,0.23135719
ID81069,0.26329976
ID81070,0.600258
ID81071,0.6369053
ID81072,0.10006194
ID81073,0.17061085
ID81074,0.55981994
ID81075,0.11813013
ID81076,0.39211488
ID81077,0.16042073
ID81078,0.40992865
ID81079,0.28028294
ID81080,0.20457926
ID81081,0.2237313
ID81082,0.15203509
ID81083,0.19095327
ID81084,0.18870051
ID81085,0.05884761
ID81086,0.6147973
ID81087,0.010567003
ID81088,0.8058366
ID81089,0.52904093
ID81090,0.34327853
ID81091,0.5973024
ID81092,0.044339165
ID81093,0.39190987
ID81094,0.48971596
ID81095,0.46575308
ID81096,0.18816791
ID81097,0.6249294
ID81098,0.6206132
ID81099,0.56748044
ID81100,0.2794332
ID81101,0.30905673
ID81102,0.43315232
ID81103,0.31718978
ID81104,0.1808122
ID81105,0.43185335
ID81106,0.34564093
ID81107,0.51261014
ID81108,0.26385555
ID81109,0.25018123
ID81110,0.5878399
ID81111,0.02066061
ID81112,0.3771188
ID81113,0.07431425
ID81114,0.6334713
ID81115,0.0021770275
ID81116,0.59881145
ID81117,0.3191525
ID81118,0.45362458
ID81119,0.2247642
ID81120,0.5309431
ID81121,0.5022229
ID81122,0.62287605
ID81123,0.5449227
ID81124,0.4455221
ID81125,0.54873306
ID81126,0.38874704
ID81127,0.42838785
ID81128,0.76972646
ID81129,0.15521596
ID81130,0.48303846
ID81131,0.3472221
ID81132,0.6404683
ID81133,0.7399648
ID81134,0.15342593
ID81135,0.5613769
ID81136,0.6363055
ID81137,0.77620745
ID81138,0.36039925
ID81139,0.7406544
ID81140,0.608029
ID81141,0.44316322
ID81142,0.18138477
ID81143,0.5635314
ID81144,0.26183
ID81145,0.55617535
ID81146,0.6784959
ID81147,0.09882476
ID81148,0.2295148
ID81149,0.3035546
ID81150,0.43656242
ID81151,0.46191606
ID81152,0.28601444
ID81153,0.5691938
ID81154,0.18516323
ID81155,0.16182408
ID81156,0.38195807
ID81157,0.36106238
ID81158,0.6181304
ID81159,0.34284583
ID81160,0.683281
ID81161,0.5163344
ID81162,0.042930104
ID81163,0.017693467
ID81164,0.71505475
ID81165,0.19847363
ID81166,0.40699637
ID81167,0.52159226
ID81168,0.15091836
ID81169,0.5956995
ID81170,0.5047284
ID81171,0.27926823
ID81172,0.54844594
ID81173,0.64763474
ID81174,0.45600036
ID81175,0.21737842
ID81176,0.5348661
ID81177,0.6118723
ID81178,0.27316424
ID81179,0.27331284
ID81180,0.5579627
ID81181,0.0063707507
ID81182,0.3170739
ID81183,0.46946836
ID81184,0.6184703
ID81185,0.6292196
ID81186,0.7680396
ID81187,0.3062738
ID81188,0.101258144
ID81189,0.07129807
ID81190,0.45456746
ID81191,0.089629024
ID81192,0.3199442
ID81193,0.70886356
ID81194,0.2661264
ID81195,0.5572132
ID81196,0.4963833
ID81197,0.4482096
ID81198,0.26360762
ID81199,0.18852256
ID81200,0.44056067
ID81201,0.6249277
ID81202,0.111255914
ID81203,0.3579296
ID81204,0.07956036
ID81205,0.27435458
ID81206,0.57624596
ID81207,0.5080351
ID81208,0.40541348
ID81209,0.23770437
ID81210,0.52828896
ID81211,0.814954
ID81212,0.6634345
ID81213,0.2729884
ID81214,0.39870158
ID81215,0.26194236
ID81216,0.1740439
ID81217,0.4180795
ID81218,0.44359383
ID81219,0.5328044
ID81220,0.5608985
ID81221,0.5470914
ID81222,0.42562822
ID81223,0.5835504
ID81224,0.48556644
ID81225,0.60044086
ID81226,0.45050532
ID81227,0.1402336
ID81228,0.4768502
ID81229,0.40625733
ID81230,0.26269323
ID81231,0.4634603
ID81232,0.4593201
ID81233,0.21838559
ID81234,0.46054855
ID81235,0.38968626
ID81236,0.40421408
ID81237,0.6326643
ID81238,0.58314174
ID81239,0.16845626
ID81240,0.5914947
ID81241,0.27047077
ID81242,0.48140702
ID81243,0.3259793
ID81244,0.595291
ID81245,0.43903357
ID81246,0.11571526
ID81247,0.5479375
ID81248,0.64661103
ID81249,0.27370504
ID81250,0.49307552
ID81251,0.62112874
ID81252,0.41037297
ID81253,0.7004758
ID81254,0.6618406
ID81255,0.58586895
ID81256,0.20097335
ID81257,0.11686006
ID81258,0.21141335
ID81259,0.6794937
ID81260,0.63870865
ID81261,0.60993534
ID81262,0.14857194
ID81263,0.4464807
ID81264,0.60221916
ID81265,0.74628687
ID81266,0.20614226
ID81267,0.17143866
ID81268,0.39555144
ID81269,0.49952987
ID81270,0.5807744
ID81271,0.58099216
ID81272,0.31238464
ID81273,0.5333377
ID81274,0.56630474
ID81275,0.031311274
ID81276,0.6291198
ID81277,0.41909087
ID81278,0.74787414
ID81279,0.4400497
ID81280,0.39487204
ID81281,0.5479679
ID81282,0.49006417
ID81283,0.6319398
ID81284,0.5674671
ID81285,0.6145195
ID81286,0.5161534
ID81287,0.06396421
ID81288,0.5376133
ID81289,0.572951
ID81290,0.39728075
ID81291,0.56790066
ID81292,0.6334794
ID81293,0.58747834
ID81294,0.24746528
ID81295,0.22566934
ID81296,0.35906854
ID81297,0.5896666
ID81298,0.40231115
ID81299,0.50779724
ID81300,0.3746427
ID81301,0.4036619
ID81302,0.15745822
ID81303,0.5729651
ID81304,0.4264516
ID81305,0.45370373
ID81306,0.23575976
ID81307,0.6882598
ID81308,0.08034371
ID81309,0.4623721
ID81310,0.23566185
ID81311,0.5174435
ID81312,0.5442418
ID81313,0.24976347
ID81314,0.073042005
ID81315,0.5796367
ID81316,0.19915019
ID81317,0.24655724
ID81318,0.59096545
ID81319,0.6008394
ID81320,0.5817433
ID81321,0.5609328
ID81322,0.21581377
ID81323,0.12119951
ID81324,0.47971883
ID81325,0.43133393
ID81326,0.20720659
ID81327,0.4735616
ID81328,0.30253634
ID81329,0.434527
ID81330,0.6036248
ID81331,0.019128773
ID81332,0.69307435
ID81333,0.76402587
ID81334,0.40738964
ID81335,0.42830202
ID81336,0.6693294
ID81337,0.5101695
ID81338,0.12617205
ID81339,0.5770614
ID81340,0.61420834
ID81341,0.44683182
ID81342,0.44069475
ID81343,0.4173234
ID81344,0.6795192
ID81345,0.42717242
ID81346,0.5509358
ID81347,0.4400296
ID81348,0.551627
ID81349,0.43051636
ID81350,0.6172337
ID81351,0.61930126
ID81352,0.35761875
ID81353,0.48230642
ID81354,0.014562097
ID81355,0.29049668
ID81356,0.24029869
ID81357,0.17111982
ID81358,0.18213965
ID81359,0.6215043
ID81360,0.05526143
ID81361,0.63297504
ID81362,0.25273576
ID81363,0.6407724
ID81364,0.20556311
ID81365,0.65158147
ID81366,0.6745602
ID81367,0.54222864
ID81368,0.044005748
ID81369,0.26960197
ID81370,0.23039378
ID81371,0.6058851
ID81372,0.24595356
ID81373,0.35796586
ID81374,0.14254946
ID81375,0.12100137
ID81376,0.6799334
ID81377,0.5257519
ID81378,0.47115058
ID81379,0.22364049
ID81380,0.59407866
ID81381,0.35686383
ID81382,0.54652596
ID81383,0.6620012
ID81384,0.27609727
ID81385,0.41306564
ID81386,0.53037953
ID81387,0.5929725
ID81388,0.2121238
ID81389,0.11892644
ID81390,0.32662374
ID81391,0.32543075
ID81392,0.5378613
ID81393,0.5001944
ID81394,0.59981066
ID81395,0.4946042
ID81396,0.32903826
ID81397,0.45834884
ID81398,0.5338281
ID81399,0.5452182
ID81400,0.06978194
ID81401,0.49060658
ID81402,0.18608463
ID81403,0.6150123
ID81404,0.6110495
ID81405,0.6678241
ID81406,0.5264333
ID81407,0.0691665
ID81408,0.048090324
ID81409,0.39493284
ID81410,0.35586095
ID81411,0.41567636
ID81412,0.6678519
ID81413,0.2423327
ID81414,0.5387216
ID81415,0.16690916
ID81416,0.61773
ID81417,0.5424331
ID81418,0.47257164
ID81419,0.3937626
ID81420,0.28015926
ID81421,0.42129555
ID81422,0.33974162
ID81423,0.42583102
ID81424,0.5940463
ID81425,0.47182325
ID81426,0.29783928
ID81427,0.63364947
ID81428,0.22696447
ID81429,0.11163371
ID81430,0.20130773
ID81431,0.57774603
ID81432,0.11281946
ID81433,0.6443386
ID81434,0.6318185
ID81435,0.6458424
ID81436,0.5013971
ID81437,0.42310196
ID81438,0.5679611
ID81439,0.51762974
ID81440,0.17698337
ID81441,0.52834165
ID81442,0.37198874
ID81443,0.5026342
ID81444,0.36059263
ID81445,0.4712221
ID81446,0.64109236
ID81447,0.5569325
ID81448,0.5319932
ID81449,0.5582383
ID81450,0.06738785
ID81451,0.42926073
ID81452,0.53844106
ID81453,0.62762
ID81454,0.62795234
ID81455,0.3254704
ID81456,0.7835446
ID81457,0.26856363
ID81458,0.5983629
ID81459,0.15454535
ID81460,0.38592726
ID81461,0.26216185
ID81462,0.54397655
ID81463,0.22846776
ID81464,0.35625064
ID81465,0.33998907
ID81466,0.51793957
ID81467,0.41894275
ID81468,0.16774887
ID81469,0.5409021
ID81470,0.5010821
ID81471,0.3834594
ID81472,0.47793332
ID81473,0.5837896
ID81474,0.430816
ID81475,0.5943976
ID81476,0.48282325
ID81477,0.59648246
ID81478,0.2446153
ID81479,0.3711106
ID81480,0.5848428
ID81481,0.059322756
ID81482,0.16805102
ID81483,0.27607355
ID81484,0.4819733
ID81485,0.18120009
ID81486,0.5151566
ID81487,0.47944158
ID81488,0.46791908
ID81489,0.076758735
ID81490,0.42388585
ID81491,0.22705594
ID81492,0.28402302
ID81493,0.64114416
ID81494,0.42302293
ID81495,0.61007303
ID81496,0.021549577
ID81497,0.38783115
ID81498,0.30525506
ID81499,0.25973347
ID81500,0.608035
ID81501,0.11760232
ID81502,0.57408696
ID81503,0.4871225
ID81504,0.6074193
ID81505,0.47308144
ID81506,0.34000194
ID81507,0.29647535
ID81508,0.66142756
ID81509,0.057328004
ID81510,0.5767109
ID81511,0.5013159
ID81512,0.30068982
ID81513,0.5139999
ID81514,0.5219555
ID81515,0.385733
ID81516,0.24313109
ID81517,0.5658168
ID81518,0.29833815
ID81519,0.5756246
ID81520,0.42135066
ID81521,0.33882776
ID81522,0.31231838
ID81523,0.20418374
ID81524,0.6290864
ID81525,0.64581484
ID81526,0.5068183
ID81527,0.659425
ID81528,0.39189535
ID81529,0.4727393
ID81530,0.59426284
ID81531,0.18569174
ID81532,0.3552004
ID81533,0.59834427
ID81534,0.47936732
ID81535,0.45324227
ID81536,0.30981505
ID81537,0.6106224
ID81538,0.51240796
ID81539,0.44417244
ID81540,0.36925414
ID81541,0.26590753
ID81542,0.31508964
ID81543,0.5553327
ID81544,0.18844126
ID81545,0.4070585
ID81546,0.60191154
ID81547,0.609627
ID81548,0.6276511
ID81549,0.20720659
ID81550,0.23937118
ID81551,0.35429248
ID81552,0.60264486
ID81553,0.1241909
ID81554,0.41525543
ID81555,0.4932992
ID81556,0.48505533
ID81557,0.20047368
ID81558,0.39314112
ID81559,0.3533193
ID81560,0.72416013
ID81561,0.42137337
ID81562,0.65581787
ID81563,0.4210569
ID81564,0.5186181
ID81565,0.39158538
ID81566,0.19516516
ID81567,0.57628953
ID81568,0.45242137
ID81569,0.39226335
ID81570,0.58464587
ID81571,0.27117383
ID81572,0.619753
ID81573,0.44509295
ID81574,0.6106881
ID81575,0.18532561
ID81576,0.46552056
ID81577,0.68256307
ID81578,0.51581794
ID81579,0.25018895
ID81580,0.65352297
ID81581,0.5027768
ID81582,0.31817633
ID81583,0.48154896
ID81584,0.32426798
ID81585,0.4378912
ID81586,0.2569141
ID81587,0.58483464
ID81588,0.42889693
ID81589,0.099762365
ID81590,0.26551178
ID81591,0.5958741
ID81592,0.41351026
ID81593,0.43644577
ID81594,0.33592242
ID81595,0.22068463
ID81596,0.57481927
ID81597,0.32340124
ID81598,0.4740423
ID81599,0.39282307
ID81600,0.7666357
ID81601,0.38099897
ID81602,0.7133158
ID81603,0.41939932
ID81604,0.24012336
ID81605,0.39868665
ID81606,0.5945144
ID81607,0.5071833
ID81608,0.03997074
ID81609,0.6138694
ID81610,0.5202163
ID81611,0.33469608
ID81612,0.6230392
ID81613,0.16281451
ID81614,0.4401481
ID81615,0.5821185
ID81616,0.34429333
ID81617,0.42522877
ID81618,0.77141064
ID81619,0.5571713
ID81620,0.3035909
ID81621,0.4253536
ID81622,0.44059908
ID81623,0.5913776
ID81624,0.40536433
ID81625,0.5558862
ID81626,0.473984
ID81627,0.3036777
ID81628,0.048944395
ID81629,0.36540112
ID81630,0.09962218
ID81631,0.3868748
ID81632,0.478553
ID81633,0.48945656
ID81634,0.1958229
ID81635,0.30401576
ID81636,0.37741834
ID81637,0.4241309
ID81638,0.5106666
ID81639,0.32764655
ID81640,0.42798635
ID81641,0.45556855
ID81642,0.61435395
ID81643,0.3394066
ID81644,0.2225264
ID81645,0.12724762
ID81646,0.5491771
ID81647,0.24096853
ID81648,0.3216125
ID81649,0.47057045
ID81650,0.20492607
ID81651,0.6146305
ID81652,0.50970554
ID81653,0.12360473
ID81654,0.29257584
ID81655,0.39573902
ID81656,0.29955542
ID81657,0.14839068
ID81658,0.32990846
ID81659,0.123187885
ID81660,0.71536845
ID81661,0.6583088
ID81662,0.4434019
ID81663,0.111947626
ID81664,0.65512437
ID81665,0.62689674
ID81666,0.5591667
ID81667,0.37442568
ID81668,0.4307339
ID81669,0.2037761
ID81670,0.19985747
ID81671,0.29404053
ID81672,0.5162107
ID81673,0.41713777
ID81674,0.12556435
ID81675,0.56167954
ID81676,0.6834048
ID81677,0.5076279
ID81678,0.57371294
ID81679,0.63949054
ID81680,0.2565032
ID81681,0.26615542
ID81682,0.11617595
ID81683,0.31561676
ID81684,0.1474678
ID81685,0.674359
ID81686,0.58421826
ID81687,0.19580065
ID81688,0.48301363
ID81689,0.6193996
ID81690,0.65891474
ID81691,0.09061211
ID81692,0.45152557
ID81693,0.2414158
ID81694,0.13883658
ID81695,0.6398907
ID81696,0.65518993
ID81697,0.6031429
ID81698,0.17098217
ID81699,0.3779843
ID81700,0.23797286
ID81701,0.80845374
ID81702,0.5766443
ID81703,0.6725327
ID81704,0.5805721
ID81705,0.56331515
ID81706,0.54890126
ID81707,0.4082212
ID81708,0.38544062
ID81709,0.3457498
ID81710,0.46978968
ID81711,0.40753582
ID81712,0.4756172
ID81713,0.8378155
ID81714,0.4799322
ID81715,0.29933476
ID81716,0.3331314
ID81717,0.5775684
ID81718,0.56064284
ID81719,0.6170259
ID81720,0.18464684
ID81721,0.1675365
ID81722,0.36279392
ID81723,0.35089135
ID81724,0.26896268
ID81725,0.46236038
ID81726,0.6919718
ID81727,0.2594082
ID81728,0.45971826
ID81729,0.3173238
ID81730,0.5171402
ID81731,0.35092083
ID81732,0.06248525
ID81733,0.26367182
ID81734,0.31534606
ID81735,0.38891894
ID81736,0.3438995
ID81737,0.45450944
ID81738,0.40584823
ID81739,0.22661836
ID81740,0.57593495
ID81741,0.50257635
ID81742,0.47426018
ID81743,0.05528959
ID81744,0.45021376
ID81745,0.73102367
ID81746,0.06430842
ID81747,0.25796527
ID81748,0.1599525
ID81749,0.4647109
ID81750,0.011216788
ID81751,0.12843792
ID81752,0.45252162
ID81753,0.3724634
ID81754,0.2865723
ID81755,0.14814612
ID81756,0.6645782
ID81757,0.28915894
ID81758,0.2643796
ID81759,0.7001658
ID81760,0.8206708
ID81761,0.28581285
ID81762,0.10899801
ID81763,0.4394701
ID81764,0.6046649
ID81765,0.54000825
ID81766,0.31737986
ID81767,0.59937394
ID81768,0.5478539
ID81769,0.6214568
ID81770,0.4355559
ID81771,0.25444913
ID81772,0.5836917
ID81773,0.64371735
ID81774,0.23486438
ID81775,0.63114244
ID81776,0.5727071
ID81777,0.5021243
ID81778,0.6560396
ID81779,0.59611756
ID81780,0.1249708
ID81781,0.64012074
ID81782,0.30558932
ID81783,0.21416919
ID81784,0.45004615
ID81785,0.15471387
ID81786,0.51354295
ID81787,0.4195827
ID81788,0.3427486
ID81789,0.23531191
ID81790,0.4310403
ID81791,0.3084965
ID81792,0.49206984
ID81793,0.7003594
ID81794,0.61494946
ID81795,0.34261003
ID81796,0.326614
ID81797,0.046299152
ID81798,0.4960981
ID81799,0.5190473
ID81800,0.44616577
ID81801,0.2924052
ID81802,0.19078888
ID81803,0.47730365
ID81804,0.53219396
ID81805,0.15840848
ID81806,0.7479102
ID81807,0.19103542
ID81808,0.19931632
ID81809,0.4556415
ID81810,0.11013458
ID81811,0.48979744
ID81812,0.24393919
ID81813,0.26666003
ID81814,0.4643079
ID81815,0.76279044
ID81816,0.40720662
ID81817,0.35968667
ID81818,0.5219036
ID81819,0.6445116
ID81820,0.1895285
ID81821,0.26332667
ID81822,0.30035537
ID81823,0.4888726
ID81824,0.6878897
ID81825,0.3246303
ID81826,0.5712947
ID81827,0.3819215
ID81828,0.31668204
ID81829,0.4960501
ID81830,0.10383015
ID81831,0.5798395
ID81832,0.5837818
ID81833,0.32375386
ID81834,0.3605037
ID81835,0.553019
ID81836,0.39446533
ID81837,0.6072086
ID81838,0.263572
ID81839,0.19738726
ID81840,0.1984908
ID81841,0.36652124
ID81842,0.30392605
ID81843,0.5936266
ID81844,0.21398467
ID81845,0.062133815
ID81846,0.52039796
ID81847,0.6295629
ID81848,0.2314463
ID81849,0.6171312
ID81850,0.21906762
ID81851,0.11852076
ID81852,0.48876938
ID81853,0.3671121
ID81854,0.27378622
ID81855,0.5541678
ID81856,0.4411833
ID81857,0.58424556
ID81858,0.12198979
ID81859,0.6688909
ID81860,0.505426
ID81861,0.45833847
ID81862,0.5327609
ID81863,0.63392866
ID81864,0.32075512
ID81865,0.17167851
ID81866,0.533904
ID81867,0.536605
ID81868,0.46943563
ID81869,0.24062265
ID81870,0.35389552
ID81871,0.5329618
ID81872,0.2718511
ID81873,0.5336764
ID81874,0.1659728
ID81875,0.23445131
ID81876,0.6748263
ID81877,0.39629486
ID81878,0.2741334
ID81879,0.44193152
ID81880,0.27015907
ID81881,0.30991894
ID81882,0.5824307
ID81883,0.5588384
ID81884,0.14594245
ID81885,0.6223138
ID81886,0.54715014
ID81887,0.0334763
ID81888,0.24458723
ID81889,0.31836256
ID81890,0.4640377
ID81891,0.1397126
ID81892,0.06600112
ID81893,0.13507879
ID81894,0.45231405
ID81895,0.25882474
ID81896,0.4032515
ID81897,0.63830507
ID81898,0.5388726
ID81899,0.66143656
ID81900,0.571015
ID81901,0.33073002
ID81902,0.34516156
ID81903,0.57952905
ID81904,0.7393413
ID81905,0.15237653
ID81906,0.6219223
ID81907,0.4227097
ID81908,0.24081841
ID81909,0.4140315
ID81910,0.5612424
ID81911,0.20741439
ID81912,0.29503623
ID81913,0.4615649
ID81914,0.4631859
ID81915,0.68398696
ID81916,0.1959222
ID81917,0.6269161
ID81918,0.3175498
ID81919,0.27196848
ID81920,0.79112816
ID81921,0.5829048
ID81922,0.41029495
ID81923,0.47611147
ID81924,0.5676541
ID81925,0.56607103
ID81926,0.3986549
ID81927,0.52646947
ID81928,0.26709533
ID81929,0.5630305
ID81930,0.66076756
ID81931,0.5768761
ID81932,0.33639374
ID81933,0.54230857
ID81934,0.48348048
ID81935,0.18859583
ID81936,0.46922672
ID81937,0.58684707
ID81938,0.6014668
ID81939,0.11682207
ID81940,0.3019369
ID81941,0.08670773
ID81942,0.053414796
ID81943,0.5600087
ID81944,0.104013406
ID81945,0.12897868
ID81946,0.55176824
ID81947,0.48813978
ID81948,0.43337825
ID81949,0.5318401
ID81950,0.7701772
ID81951,0.5661687
ID81952,0.5583669
ID81953,0.22152683
ID81954,0.6075124
ID81955,0.33341077
ID81956,0.03740171
ID81957,0.67575186
ID81958,0.051406838
ID81959,0.54181623
ID81960,0.6337687
ID81961,0.14553462
ID81962,0.13394712
ID81963,0.60785353
ID81964,0.5752297
ID81965,0.22567236
ID81966,0.5908542
ID81967,0.090707675
ID81968,0.5630445
ID81969,0.5894702
ID81970,0.32719302
ID81971,0.6131783
ID81972,0.53051937
ID81973,0.48302466
ID81974,0.042494062
ID81975,0.3003753
ID81976,0.7115858
ID81977,0.45363536
ID81978,0.45987538
ID81979,0.12240225
ID81980,0.29538715
ID81981,0.25195315
ID81982,0.54315054
ID81983,0.6014668
ID81984,0.5556161
ID81985,0.10936476
ID81986,0.431168
ID81987,0.43321174
ID81988,0.16059266
ID81989,0.29644495
ID81990,0.04962768
ID81991,0.579187
ID81992,0.47329816
ID81993,0.26734796
ID81994,0.68667704
ID81995,0.55190665
ID81996,0.29303962
ID81997,0.53542227
ID81998,0.60622317
ID81999,0.09274398
ID82000,0.42616034
ID82001,0.6508523
ID82002,0.025218543
ID82003,0.5140789
ID82004,0.45435175
ID82005,0.7295413
ID82006,0.070264764
ID82007,0.29408795
ID82008,0.20845637
ID82009,0.21170126
ID82010,0.5002934
ID82011,0.48849592
ID82012,0.059011362
ID82013,0.3294757
ID82014,0.26551408
ID82015,0.30854902
ID82016,0.603722
ID82017,0.06933106
ID82018,0.5496071
ID82019,0.32286805
ID82020,0.39424574
ID82021,0.67036676
ID82022,0.5869197
ID82023,0.4210201
ID82024,0.18869658
ID82025,0.5551532
ID82026,0.51850545
ID82027,0.1949573
ID82028,0.349456
ID82029,0.10970654
ID82030,0.4215519
ID82031,0.1313525
ID82032,0.3433717
ID82033,0.45944327
ID82034,0.59342146
ID82035,0.16553591
ID82036,0.23713969
ID82037,0.29117668
ID82038,0.10481966
ID82039,0.5363913
ID82040,0.3821789
ID82041,0.5492421
ID82042,0.18048783
ID82043,0.5437521
ID82044,0.12049271
ID82045,0.53584224
ID82046,0.5463646
ID82047,0.6214743
ID82048,0.58818674
ID82049,0.7665569
ID82050,0.632822
ID82051,0.5316525
ID82052,0.4338203
ID82053,0.027445268
ID82054,0.48054254
ID82055,0.06984577
ID82056,0.42255303
ID82057,0.58476174
ID82058,0.20562954
ID82059,0.5996905
ID82060,0.24683365
ID82061,0.5560553
ID82062,0.15305142
ID82063,0.14468604
ID82064,0.7160306
ID82065,0.39683554
ID82066,0.61565197
ID82067,0.45569664
ID82068,0.4805389
ID82069,0.4183616
ID82070,0.576081
ID82071,0.20264953
ID82072,0.62348473
ID82073,0.6932699
ID82074,0.38841993
ID82075,0.24769309
ID82076,0.6271676
ID82077,0.4336157
ID82078,0.25306326
ID82079,0.54369956
ID82080,0.605373
ID82081,0.73267967
ID82082,0.37725878
ID82083,0.31262404
ID82084,0.5721893
ID82085,0.5793305
ID82086,0.54925776
ID82087,0.48007667
ID82088,0.243954
ID82089,0.37682033
ID82090,0.14949241
ID82091,0.58419394
ID82092,0.28547573
ID82093,0.2882762
ID82094,0.21291503
ID82095,0.30708632
ID82096,0.20009476
ID82097,0.43569255
ID82098,0.49228457
ID82099,0.69805896
ID82100,0.31733257
ID82101,0.33624855
ID82102,0.65391856
ID82103,0.16029438
ID82104,0.044287056
ID82105,0.5428364
ID82106,0.60189205
ID82107,0.1625345
ID82108,0.39724168
ID82109,0.32178876
ID82110,0.4192725
ID82111,0.04088272
ID82112,0.012853368
ID82113,0.53789
ID82114,0.7373339
ID82115,0.5648447
ID82116,0.5162111
ID82117,0.5593661
ID82118,0.32864675
ID82119,0.6256943
ID82120,0.5958838
ID82121,0.25211713
ID82122,0.71732914
ID82123,0.6162292
ID82124,0.62324625
ID82125,0.68492544
ID82126,0.3522406
ID82127,0.24861623
ID82128,0.097032115
ID82129,0.60973155
ID82130,0.5598336
ID82131,0.7122472
ID82132,0.009864851
ID82133,0.5204841
ID82134,0.4656624
ID82135,0.3003219
ID82136,0.62477434
ID82137,0.22175208
ID82138,0.3606716
ID82139,0.6438525
ID82140,0.55365795
ID82141,0.5839409
ID82142,0.31451684
ID82143,0.49664852
ID82144,0.18218921
ID82145,0.39451876
ID82146,0.15811427
ID82147,0.008524185
ID82148,0.52210075
ID82149,0.32980233
ID82150,0.27431348
ID82151,0.6319999
ID82152,0.5641455
ID82153,0.52503794
ID82154,0.64643735
ID82155,0.48977616
ID82156,0.29663825
ID82157,0.2691083
ID82158,0.3410874
ID82159,0.5513732
ID82160,0.42657828
ID82161,0.5256907
ID82162,0.17188863
ID82163,0.6202521
ID82164,0.30395216
ID82165,0.56679505
ID82166,0.25655037
ID82167,0.6192232
ID82168,0.2029576
ID82169,0.6368038
ID82170,0.3816619
ID82171,0.16809842
ID82172,0.31476632
ID82173,0.51179254
ID82174,0.70093703
ID82175,0.33689302
ID82176,0.23297335
ID82177,0.4690717
ID82178,0.6019406
ID82179,0.45071596
ID82180,0.3639423
ID82181,0.4309403
ID82182,0.7820014
ID82183,0.64809483
ID82184,0.34960917
ID82185,0.07621089
ID82186,0.1349987
ID82187,0.6108768
ID82188,0.025736898
ID82189,0.34148178
ID82190,0.5917173
ID82191,0.3661694
ID82192,0.4210707
ID82193,0.16357195
ID82194,0.34989423
ID82195,0.7246978
ID82196,0.5842541
ID82197,0.4281044
ID82198,0.1709754
ID82199,0.39386865
ID82200,0.21378084
ID82201,0.105077304
ID82202,0.30368307
ID82203,0.53895736
ID82204,0.806487
ID82205,0.5891164
ID82206,0.4497214
ID82207,0.64940435
ID82208,0.18542829
ID82209,0.5387615
ID82210,0.5539867
ID82211,0.6195961
ID82212,0.60850185
ID82213,0.5280807
ID82214,0.7126147
ID82215,0.59776235
ID82216,0.5495866
ID82217,0.36496136
ID82218,0.5646394
ID82219,0.56860906
ID82220,0.48552907
ID82221,0.24212068
ID82222,0.40605405
ID82223,0.07449258
ID82224,0.62339354
ID82225,0.7295413
ID82226,0.20127223
ID82227,0.34883082
ID82228,0.44720542
ID82229,0.59936893
ID82230,0.19599663
ID82231,0.58036643
ID82232,0.39806172
ID82233,0.47051084
ID82234,0.598853
ID82235,0.60781896
ID82236,0.59823334
ID82237,0.6004256
ID82238,0.35282746
ID82239,0.25074792
ID82240,0.6481456
ID82241,0.5060832
ID82242,0.5785713
ID82243,0.5341152
ID82244,0.49530095
ID82245,0.7048144
ID82246,0.21111587
ID82247,0.6351676
ID82248,0.7545007
ID82249,0.60849375
ID82250,0.5468912
ID82251,0.18856408
ID82252,0.23606177
ID82253,0.32608962
ID82254,0.25728536
ID82255,0.042816225
ID82256,0.34947327
ID82257,0.15892233
ID82258,0.36452898
ID82259,0.39155206
ID82260,0.4981402
ID82261,0.6408056
ID82262,0.43462643
ID82263,0.4718301
ID82264,0.41430733
ID82265,0.6023251
ID82266,0.55914354
ID82267,0.43349415
ID82268,0.5273385
ID82269,0.39614278
ID82270,0.20286445
ID82271,0.3898579
ID82272,0.43834445
ID82273,0.4207671
ID82274,0.69776154
ID82275,0.7002785
ID82276,0.22041818
ID82277,0.53059536
ID82278,0.6372762
ID82279,0.086429365
ID82280,0.67541826
ID82281,0.4940158
ID82282,0.6174169
ID82283,0.5324814
ID82284,0.10919332
ID82285,0.7169471
ID82286,0.37673292
ID82287,0.22940987
ID82288,0.74765843
ID82289,0.45772606
ID82290,0.067528866
ID82291,0.6510551
ID82292,0.20950301
ID82293,0.067493595
ID82294,0.33054692
ID82295,0.3529823
ID82296,0.58130074
ID82297,0.42413357
ID82298,0.16635856
ID82299,0.54590166
ID82300,0.05768493
ID82301,0.42969266
ID82302,0.13182095
ID82303,0.6523223
ID82304,0.08676911
ID82305,0.40837392
ID82306,0.6880968
ID82307,0.44239336
ID82308,0.62861925
ID82309,0.5948857
ID82310,0.54921615
ID82311,0.5709281
ID82312,0.7180965
ID82313,0.63813263
ID82314,0.34592947
ID82315,0.61943054
ID82316,0.5235195
ID82317,0.23295568
ID82318,0.32947168
ID82319,0.28433993
ID82320,0.32157707
ID82321,0.4411509
ID82322,0.112742566
ID82323,0.024074942
ID82324,0.33848158
ID82325,0.12564805
ID82326,0.45978105
ID82327,0.14361446
ID82328,0.04958745
ID82329,0.41228187
ID82330,0.5685069
ID82331,0.43387654
ID82332,0.7246978
ID82333,0.6532863
ID82334,0.55067784
ID82335,0.29422155
ID82336,0.29755113
ID82337,0.34784657
ID82338,0.26134288
ID82339,0.63967526
ID82340,0.45453298
ID82341,0.26266885
ID82342,0.1825424
ID82343,0.5989226
ID82344,0.018514385
ID82345,0.5265583
ID82346,0.42816052
ID82347,0.4169776
ID82348,0.1336748
ID82349,0.66395545
ID82350,0.5302591
ID82351,0.11431794
ID82352,0.74158984
ID82353,0.66623896
ID82354,0.15978843
ID82355,0.3783095
ID82356,0.579763
ID82357,0.5783597
ID82358,0.5528096
ID82359,0.23437041
ID82360,0.3036673
ID82361,0.52859116
ID82362,0.55273885
ID82363,0.25688198
ID82364,0.531605
ID82365,0.58338684
ID82366,0.3701063
ID82367,0.5595614
ID82368,0.17037952
ID82369,0.56739897
ID82370,0.36415407
ID82371,0.36111712
ID82372,0.32329592
ID82373,0.6288554
ID82374,0.3796099
ID82375,0.36853316
ID82376,0.4228987
ID82377,0.5502875
ID82378,0.5024622
ID82379,0.2868507
ID82380,0.41237345
ID82381,0.59787816
ID82382,0.0861692
ID82383,0.1498288
ID82384,0.33552477
ID82385,0.4756562
ID82386,0.10515116
ID82387,0.50473475
ID82388,0.30074415
ID82389,0.7742601
ID82390,0.5211443
ID82391,0.31368178
ID82392,0.1431044
ID82393,0.3887931
ID82394,0.65091044
ID82395,0.30702376
ID82396,0.45555145
ID82397,0.2647698
ID82398,0.31965095
ID82399,0.66381085
ID82400,0.4732548
ID82401,0.55203426
ID82402,0.5798154
ID82403,0.38327608
ID82404,0.5412507
ID82405,0.23027053
ID82406,0.37784493
ID82407,0.65441763
ID82408,0.584175
ID82409,0.53325045
ID82410,0.23591223
ID82411,0.34524712
ID82412,0.42576838
ID82413,0.5108899
ID82414,0.50576264
ID82415,0.3646137
ID82416,0.36164904
ID82417,0.29381904
ID82418,0.21367015
ID82419,0.44134623
ID82420,0.010213281
ID82421,0.5691101
ID82422,0.27902094
ID82423,0.17373759
ID82424,0.5322259
ID82425,0.55717033
ID82426,0.41374832
ID82427,0.06479496
ID82428,0.37290093
ID82429,0.41310886
ID82430,0.39308995
ID82431,0.45932397
ID82432,0.4687989
ID82433,0.37221286
ID82434,0.6788222
ID82435,0.6648145
ID82436,0.48515785
ID82437,0.44204167
ID82438,0.6603316
ID82439,0.029617297
ID82440,0.48882315
ID82441,0.14977038
ID82442,0.5898899
ID82443,0.39184776
ID82444,0.31037024
ID82445,0.5971704
ID82446,0.436203
ID82447,0.21947892
ID82448,0.05576892
ID82449,0.26914117
ID82450,0.6415518
ID82451,0.13604783
ID82452,0.37700817
ID82453,0.56260157
ID82454,0.3612479
ID82455,0.26532903
ID82456,0.35256445
ID82457,0.417297
ID82458,0.26330256
ID82459,0.40386644
ID82460,0.46041244
ID82461,0.47047982
ID82462,0.30352247
ID82463,0.3718841
ID82464,0.511017
ID82465,0.6144605
ID82466,0.26869112
ID82467,0.60099375
ID82468,0.4351938
ID82469,0.57349974
ID82470,0.4571984
ID82471,0.55063176
ID82472,0.5159609
ID82473,0.67787635
ID82474,0.510552
ID82475,0.33921164
ID82476,0.5288799
ID82477,0.64043945
ID82478,0.38848644
ID82479,0.41750145
ID82480,0.24515767
ID82481,0.42377314
ID82482,0.4975787
ID82483,0.61150724
ID82484,0.2851893
ID82485,0.20746726
ID82486,0.20927092
ID82487,0.3121142
ID82488,0.30889484
ID82489,0.5022044
ID82490,0.6582558
ID82491,0.561638
ID82492,0.17221297
ID82493,0.21221092
ID82494,0.5932638
ID82495,0.42274532
ID82496,0.24054623
ID82497,0.4280801
ID82498,0.6550893
ID82499,0.45584837
ID82500,0.68839574
ID82501,0.2944983
ID82502,0.60530394
ID82503,0.5423355
ID82504,0.3046301
ID82505,0.2933413
ID82506,0.47134098
ID82507,0.17492966
ID82508,0.31641552
ID82509,0.24688831
ID82510,0.61562043
ID82511,0.28986496
ID82512,0.3814476
ID82513,0.57817763
ID82514,0.53794146
ID82515,0.49801153
ID82516,0.52877957
ID82517,0.5217898
ID82518,0.39863035
ID82519,0.21517828
ID82520,0.5966921
ID82521,0.22189774
ID82522,0.5873842
ID82523,0.544631
ID82524,0.6236915
ID82525,0.73516697
ID82526,0.32918012
ID82527,0.1275209
ID82528,0.20443374
ID82529,0.06928829
ID82530,0.3454508
ID82531,0.59101605
ID82532,0.71609724
ID82533,0.5085091
ID82534,0.72004986
ID82535,0.4696431
ID82536,0.51824963
ID82537,0.65705436
ID82538,0.25123382
ID82539,0.04729563
ID82540,0.5893192
ID82541,0.31662855
ID82542,0.49031177
ID82543,0.52146083
ID82544,0.10640133
ID82545,0.39215508
ID82546,0.5185716
ID82547,0.53814936
ID82548,0.2594347
ID82549,0.3782078
ID82550,0.56033933
ID82551,0.5831518
ID82552,0.43382618
ID82553,0.13037129
ID82554,0.34462434
ID82555,0.09432159
ID82556,0.40647325
ID82557,0.58367515
ID82558,0.6848213
ID82559,0.41571444
ID82560,0.63266534
ID82561,0.5153946
ID82562,0.16345562
ID82563,0.33935723
ID82564,0.3318341
ID82565,0.61187875
ID82566,0.28986156
ID82567,0.56796664
ID82568,0.524037
ID82569,0.21142465
ID82570,0.5700547
ID82571,0.51284635
ID82572,0.5302154
ID82573,0.47955048
ID82574,0.08379016
ID82575,0.32912338
ID82576,0.012510802
ID82577,0.18071412
ID82578,0.6039039
ID82579,0.34110487
ID82580,0.5270635
ID82581,0.36180803
ID82582,0.55159414
ID82583,0.6088636
ID82584,0.46396902
ID82585,0.49605954
ID82586,0.66432464
ID82587,0.29773167
ID82588,0.46330625
ID82589,0.5634962
ID82590,0.6698104
ID82591,0.63366014
ID82592,0.4232878
ID82593,0.5552123
ID82594,0.40470028
ID82595,0.7340404
ID82596,0.44103622
ID82597,0.19941479
ID82598,0.5515253
ID82599,0.27853036
ID82600,0.23125207
ID82601,0.5786653
ID82602,0.57019717
ID82603,0.25033763
ID82604,0.025842343
ID82605,0.30867225
ID82606,0.40115184
ID82607,0.5908093
ID82608,0.062253408
ID82609,0.69265026
ID82610,0.41107264
ID82611,0.31167898
ID82612,0.60862494
ID82613,0.5912125
ID82614,0.3348054
ID82615,0.6114232
ID82616,0.4517435
ID82617,0.03762103
ID82618,0.5206141
ID82619,0.27659056
ID82620,0.53509223
ID82621,0.024289196
ID82622,0.02855862
ID82623,0.54522943
ID82624,0.6550848
ID82625,0.11274929
ID82626,0.34740713
ID82627,0.5387541
ID82628,0.7016746
ID82629,0.6702607
ID82630,0.55399525
ID82631,0.39976394
ID82632,0.5911758
ID82633,0.5889446
ID82634,0.11103708
ID82635,0.61085415
ID82636,0.1890072
ID82637,0.518827
ID82638,0.15567362
ID82639,0.35647753
ID82640,0.16165423
ID82641,0.60552484
ID82642,0.3852372
ID82643,0.300667
ID82644,0.3877299
ID82645,0.2101372
ID82646,0.7414262
ID82647,0.5438657
ID82648,0.727595
ID82649,0.44950277
ID82650,0.17372155
ID82651,0.3679698
ID82652,0.5473361
ID82653,0.14890373
ID82654,0.3737526
ID82655,0.45647985
ID82656,0.39911243
ID82657,0.35190758
ID82658,0.44860488
ID82659,0.50745845
ID82660,0.5630592
ID82661,0.21263728
ID82662,0.13764705
ID82663,0.3510132
ID82664,0.16526368
ID82665,0.2766651
ID82666,0.25585017
ID82667,0.6386883
ID82668,0.67654806
ID82669,0.58818024
ID82670,0.07398258
ID82671,0.26111048
ID82672,0.300667
ID82673,0.62208736
ID82674,0.29169777
ID82675,0.59048885
ID82676,0.34958285
ID82677,0.43496257
ID82678,0.2465417
ID82679,0.6065235
ID82680,0.5432079
ID82681,0.5397322
ID82682,0.110925995
ID82683,0.5987842
ID82684,0.63466746
ID82685,0.46043682
ID82686,0.39917454
ID82687,0.50329584
ID82688,0.34456366
ID82689,0.6299009
ID82690,0.3718225
ID82691,0.66199577
ID82692,0.51518255
ID82693,0.4250559
ID82694,0.45687437
ID82695,0.2167827
ID82696,0.46421796
ID82697,0.55437464
ID82698,0.5888769
ID82699,0.29541144
ID82700,0.6530628
ID82701,0.007014054
ID82702,0.28774142
ID82703,0.5033142
ID82704,0.6864566
ID82705,0.48730785
ID82706,0.20152408
ID82707,0.45665112
ID82708,0.3812746
ID82709,0.40724498
ID82710,0.44097614
ID82711,0.5655274
ID82712,0.37544784
ID82713,0.40431133
ID82714,0.17812102
ID82715,0.73631436
ID82716,0.7589999
ID82717,0.2064747
ID82718,0.19887325
ID82719,0.64156777
ID82720,0.06212298
ID82721,0.2176124
ID82722,0.18970753
ID82723,0.58018196
ID82724,0.45159003
ID82725,0.65271866
ID82726,0.54770744
ID82727,0.10079618
ID82728,0.53887594
ID82729,0.12051168
ID82730,0.41587958
ID82731,0.4123762
ID82732,0.16060433
ID82733,0.49338415
ID82734,0.4393222
ID82735,0.4723828
ID82736,0.7523644
ID82737,0.13752712
ID82738,0.0814804
ID82739,0.29850227
ID82740,0.2256423
ID82741,0.29017207
ID82742,0.6403424
ID82743,0.68503743
ID82744,0.26759988
ID82745,0.2377464
ID82746,0.27239805
ID82747,0.42890057
ID82748,0.1157386
ID82749,0.42432576
ID82750,0.58401865
ID82751,0.46435168
ID82752,0.23706107
ID82753,0.46277267
ID82754,0.5165743
ID82755,0.5042784
ID82756,0.45954582
ID82757,0.5998194
ID82758,0.49219233
ID82759,0.46856812
ID82760,0.3842833
ID82761,0.5419982
ID82762,0.2269232
ID82763,0.5889694
ID82764,0.63925856
ID82765,0.01528778
ID82766,0.6075991
ID82767,0.6860514
ID82768,0.18915454
ID82769,0.042363353
ID82770,0.5275213
ID82771,0.66487074
ID82772,0.7459954
ID82773,0.5333307
ID82774,0.71900153
ID82775,0.5978598
ID82776,0.65668464
ID82777,0.6547916
ID82778,0.23578936
ID82779,0.6101222
ID82780,0.60155743
ID82781,0.44420588
ID82782,0.38718566
ID82783,0.36100262
ID82784,0.6601287
ID82785,0.5466993
ID82786,0.5032119
ID82787,0.2291117
ID82788,0.5246036
ID82789,0.5186216
ID82790,0.32787907
ID82791,0.58003575
ID82792,0.61627805
ID82793,0.20497447
ID82794,0.34230205
ID82795,0.36590973
ID82796,0.46933645
ID82797,0.57158136
ID82798,0.62276113
ID82799,0.5701348
ID82800,0.36089614
ID82801,0.2774649
ID82802,0.15722507
ID82803,0.031566605
ID82804,0.1676521
ID82805,0.53242695
ID82806,0.32809645
ID82807,0.44908163
ID82808,0.14949073
ID82809,0.2151103
ID82810,0.6175159
ID82811,0.36565852
ID82812,0.64433867
ID82813,0.2841474
ID82814,0.44618973
ID82815,0.53069246
ID82816,0.5394603
ID82817,0.54173833
ID82818,0.27238685
ID82819,0.49852028
ID82820,0.59177595
ID82821,0.2913206
ID82822,0.5506965
ID82823,0.68089974
ID82824,0.7084188
ID82825,0.15794489
ID82826,0.21444127
ID82827,0.56649226
ID82828,0.5353456
ID82829,0.59309614
ID82830,0.6020147
ID82831,0.5403046
ID82832,0.56279415
ID82833,0.2946714
ID82834,0.1413484
ID82835,0.05753886
ID82836,0.6470179
ID82837,0.27046376
ID82838,0.5087485
ID82839,0.5367002
ID82840,0.17587022
ID82841,0.4073317
ID82842,0.24814913
ID82843,0.47626987
ID82844,0.32746774
ID82845,0.48735592
ID82846,0.24962057
ID82847,0.583247
ID82848,0.56161183
ID82849,0.46616223
ID82850,0.6763775
ID82851,0.7294792
ID82852,0.2033368
ID82853,0.48486742
ID82854,0.4121445
ID82855,0.18194671
ID82856,0.49561343
ID82857,0.5420062
ID82858,0.3972273
ID82859,0.50124836
ID82860,0.6405224
ID82861,0.44397154
ID82862,0.5552318
ID82863,0.089501664
ID82864,0.36680594
ID82865,0.5951905
ID82866,0.24954367
ID82867,0.5886481
ID82868,0.72484034
ID82869,0.6082188
ID82870,0.3614266
ID82871,0.030858891
ID82872,0.11133137
ID82873,0.4735033
ID82874,0.16169512
ID82875,0.24352595
ID82876,0.5683845
ID82877,0.43287283
ID82878,0.28494057
ID82879,0.6544453
ID82880,0.5246491
ID82881,0.5834579
ID82882,0.5041936
ID82883,0.072187975
ID82884,0.12303837
ID82885,0.5408385
ID82886,0.49367532
ID82887,0.5714421
ID82888,0.36994442
ID82889,0.1657072
ID82890,0.56282777
ID82891,0.25842476
ID82892,0.5368957
ID82893,0.34180358
ID82894,0.3290844
ID82895,0.5933286
ID82896,0.114783525
ID82897,0.07358988
ID82898,0.45842794
ID82899,0.31249085
ID82900,0.29950947
ID82901,0.40773252
ID82902,0.20222805
ID82903,0.66644335
ID82904,0.32249358
ID82905,0.6859345
ID82906,0.5779094
ID82907,0.5725924
ID82908,0.5095737
ID82909,0.23570614
ID82910,0.1396733
ID82911,0.052703686
ID82912,0.60654277
ID82913,0.5535483
ID82914,0.40973774
ID82915,0.29704368
ID82916,0.36045676
ID82917,0.37551692
ID82918,0.32260776
ID82919,0.49243984
ID82920,0.37028238
ID82921,0.6548664
ID82922,0.27960113
ID82923,0.25208437
ID82924,0.3435454
ID82925,0.27957478
ID82926,0.5683306
ID82927,0.20109095
ID82928,0.20376706
ID82929,0.5722184
ID82930,0.1145696
ID82931,0.11436991
ID82932,0.63952327
ID82933,0.30390185
ID82934,0.30516958
ID82935,0.52225757
ID82936,0.585425
ID82937,0.5953452
ID82938,0.75105405
ID82939,0.18598413
ID82940,0.17164683
ID82941,0.273894
ID82942,0.60404277
ID82943,0.5681066
ID82944,0.051895533
ID82945,0.5687398
ID82946,0.57558894
ID82947,0.63132924
ID82948,0.334846
ID82949,0.30658504
ID82950,0.6089284
ID82951,0.5210179
ID82952,0.6318077
ID82953,0.38880047
ID82954,0.42121145
ID82955,0.5235614
ID82956,0.6555164
ID82957,0.5789236
ID82958,0.52392215
ID82959,0.1449324
ID82960,0.59805095
ID82961,0.57339865
ID82962,0.29210138
ID82963,0.25209966
ID82964,0.1913672
ID82965,0.6491311
ID82966,0.22859353
ID82967,0.43544453
ID82968,0.27209914
ID82969,0.687767
ID82970,0.30707702
ID82971,0.4786933
ID82972,0.2655555
ID82973,0.18518563
ID82974,0.5759636
ID82975,0.22136371
ID82976,0.22045875
ID82977,0.4194855
ID82978,0.604076
ID82979,0.28267398
ID82980,0.6529123
ID82981,0.060239363
ID82982,0.24053702
ID82983,0.26371232
ID82984,0.55247676
ID82985,0.5941964
ID82986,0.19278415
ID82987,0.5102883
ID82988,0.14591406
ID82989,0.02075553
ID82990,0.19877665
ID82991,0.40973988
ID82992,0.6409812
ID82993,0.5020175
ID82994,0.461419
ID82995,0.38265118
ID82996,0.12971087
ID82997,0.66087854
ID82998,0.21156752
ID82999,0.049890976
ID83000,0.36492428
ID83001,0.31084904
ID83002,0.34495804
ID83003,0.47372016
ID83004,0.6135623
ID83005,0.1458539
ID83006,0.5027051
ID83007,0.62898564
ID83008,0.634713
ID83009,0.4691757
ID83010,0.39871964
ID83011,0.22704962
ID83012,0.2843603
ID83013,0.42630517
ID83014,0.14297333
ID83015,0.45265365
ID83016,0.6595667
ID83017,0.2822669
ID83018,0.2813095
ID83019,0.33916318
ID83020,0.160199
ID83021,0.49827677
ID83022,0.483631
ID83023,0.367584
ID83024,0.47585478
ID83025,0.47248572
ID83026,0.5081264
ID83027,0.43910876
ID83028,0.23938131
ID83029,0.41861272
ID83030,0.64406973
ID83031,0.7194857
ID83032,0.6775584
ID83033,0.6775729
ID83034,0.6343218
ID83035,0.5047565
ID83036,0.59905136
ID83037,0.40392828
ID83038,0.5776498
ID83039,0.2839213
ID83040,0.41841006
ID83041,0.2535677
ID83042,0.76777244
ID83043,0.3496553
ID83044,0.32699284
ID83045,0.5853113
ID83046,0.12036823
ID83047,0.014828987
ID83048,0.36200154
ID83049,0.60274696
ID83050,0.6083701
ID83051,0.5246375
ID83052,0.21280627
ID83053,0.6027385
ID83054,0.27468473
ID83055,0.15751363
ID83056,0.22034925
ID83057,0.4123629
ID83058,0.65814924
ID83059,0.41707858
ID83060,0.3992199
ID83061,0.42358252
ID83062,0.65303206
ID83063,0.57705486
ID83064,0.7322801
ID83065,0.5638887
ID83066,0.36350703
ID83067,0.14348297
ID83068,0.67366105
ID83069,0.5561785
ID83070,0.2691982
ID83071,0.51607805
ID83072,0.67670625
ID83073,0.3224567
ID83074,0.052586347
ID83075,0.19390577
ID83076,0.16384524
ID83077,0.08775634
ID83078,0.11701065
ID83079,0.63670254
ID83080,0.46668848
ID83081,0.29892045
ID83082,0.58853096
ID83083,0.5208526
ID83084,0.5818386
ID83085,0.358043
ID83086,0.17855401
ID83087,0.32977605
ID83088,0.56244725
ID83089,0.38963833
ID83090,0.4981047
ID83091,0.56420803
ID83092,0.5122085
ID83093,0.6578939
ID83094,0.61560285
ID83095,0.12650982
ID83096,0.34880146
ID83097,0.16253357
ID83098,0.7009496
ID83099,0.5129064
ID83100,0.59102464
ID83101,0.18318845
ID83102,0.57179964
ID83103,0.2942929
ID83104,0.5713098
ID83105,0.605274
ID83106,0.6104406
ID83107,0.5655314
ID83108,0.43439448
ID83109,0.64600044
ID83110,0.4575639
ID83111,0.53754133
ID83112,0.30907357
ID83113,0.53442144
ID83114,0.07887446
ID83115,0.41201666
ID83116,0.10839824
ID83117,0.5360395
ID83118,0.3350721
ID83119,0.2789707
ID83120,0.65250444
ID83121,0.24122433
ID83122,0.46863878
ID83123,0.46948165
ID83124,0.58185166
ID83125,0.18884487
ID83126,0.23610677
ID83127,0.51387167
ID83128,0.4233997
ID83129,0.5640206
ID83130,0.025687989
ID83131,0.3291056
ID83132,0.6701734
ID83133,0.57672805
ID83134,0.15724331
ID83135,0.54955465
ID83136,0.577087
ID83137,0.2660372
ID83138,0.54050773
ID83139,0.6040842
ID83140,0.41278166
ID83141,0.35568666
ID83142,0.5834593
ID83143,0.36502427
ID83144,0.51701385
ID83145,0.20831114
ID83146,0.701526
ID83147,0.07705282
ID83148,0.21741217
ID83149,0.60623413
ID83150,0.4098188
ID83151,0.36754254
ID83152,0.5579452
ID83153,0.27278194
ID83154,0.13896978
ID83155,0.69215685
ID83156,0.14152905
ID83157,0.47492442
ID83158,0.46605217
ID83159,0.3064134
ID83160,0.45988026
ID83161,0.45775813
ID83162,0.461703
ID83163,0.41398436
ID83164,0.5160586
ID83165,0.3510783
ID83166,0.28032327
ID83167,0.5272232
ID83168,0.2109342
ID83169,0.5801325
ID83170,0.45372605
ID83171,0.6299432
ID83172,0.16724706
ID83173,0.43558833
ID83174,0.09615378
ID83175,0.3004872
ID83176,0.16941969
ID83177,0.44256926
ID83178,0.43323532
ID83179,0.49519217
ID83180,0.051563427
ID83181,0.51225895
ID83182,0.49889308
ID83183,0.1951867
ID83184,0.3958944
ID83185,0.4894898
ID83186,0.6458584
ID83187,0.39823815
ID83188,0.42254737
ID83189,0.48147222
ID83190,0.6145326
ID83191,0.12581065
ID83192,0.5043236
ID83193,0.16597709
ID83194,0.38722554
ID83195,0.088993564
ID83196,0.391939
ID83197,0.36141667
ID83198,0.48328584
ID83199,0.4753149
ID83200,0.62359977
ID83201,0.017676495
ID83202,0.45630863
ID83203,0.5664239
ID83204,0.14147094
ID83205,0.41292435
ID83206,0.5835412
ID83207,0.70406777
ID83208,0.6106077
ID83209,0.4186158
ID83210,0.6462563
ID83211,0.5996296
ID83212,0.3465901
ID83213,0.59218156
ID83214,0.5423434
ID83215,0.46255693
ID83216,0.58602345
ID83217,0.5432539
ID83218,0.14619343
ID83219,0.50297076
ID83220,0.19951043
ID83221,0.4318112
ID83222,0.39851823
ID83223,0.3352603
ID83224,0.49341443
ID83225,0.50591457
ID83226,0.49282905
ID83227,0.3307702
ID83228,0.21131471
ID83229,0.1272159
ID83230,0.4894909
ID83231,0.300937
ID83232,0.6265158
ID83233,0.48363075
ID83234,0.58889616
ID83235,0.36617687
ID83236,0.15644898
ID83237,0.16682436
ID83238,0.4282636
ID83239,0.37863305
ID83240,0.65206176
ID83241,0.3699005
ID83242,0.577638
ID83243,0.55595833
ID83244,0.7003651
ID83245,0.2623387
ID83246,0.37612414
ID83247,0.37028712
ID83248,0.19906606
ID83249,0.6220821
ID83250,0.27014467
ID83251,0.1492533
ID83252,0.11975596
ID83253,0.22480077
ID83254,0.58129305
ID83255,0.12980895
ID83256,0.4390849
ID83257,0.6248266
ID83258,0.5582061
ID83259,0.49926865
ID83260,0.4717774
ID83261,0.051278308
ID83262,0.38658297
ID83263,0.40082923
ID83264,0.15590413
ID83265,0.29788506
ID83266,0.27502197
ID83267,0.49873707
ID83268,0.34026507
ID83269,0.5619801
ID83270,0.59484226
ID83271,0.68526953
ID83272,0.31035924
ID83273,0.3156736
ID83274,0.2886121
ID83275,0.23926613
ID83276,0.14497015
ID83277,0.42837578
ID83278,0.58814305
ID83279,0.7749869
ID83280,0.32789236
ID83281,0.29162124
ID83282,0.43441224
ID83283,0.2587173
ID83284,0.31330925
ID83285,0.41434562
ID83286,0.36328763
ID83287,0.597223
ID83288,0.5219189
ID83289,0.6306645
ID83290,0.40262756
ID83291,0.031419914
ID83292,0.2723484
ID83293,0.53700024
ID83294,0.4506167
ID83295,0.7190814
ID83296,0.33636236
ID83297,0.57106
ID83298,0.009069378
ID83299,0.4729003
ID83300,0.40226802
ID83301,0.32859054
ID83302,0.28184497
ID83303,0.5639599
ID83304,0.3909768
ID83305,0.2849251
ID83306,0.065785274
ID83307,0.62634283
ID83308,0.39191484
ID83309,0.4741728
ID83310,0.63029957
ID83311,0.2707048
ID83312,0.29382032
ID83313,0.42521286
ID83314,0.2781113
ID83315,0.6636939
ID83316,0.56001514
ID83317,0.48107177
ID83318,0.45554143
ID83319,0.10703953
ID83320,0.5256304
ID83321,0.52578896
ID83322,0.28487706
ID83323,0.16685896
ID83324,0.65874213
ID83325,0.346327
ID83326,0.6086818
ID83327,0.6419563
ID83328,0.2479623
ID83329,0.38257977
ID83330,0.23460923
ID83331,0.51348966
ID83332,0.5590546
ID83333,0.28458187
ID83334,0.57486993
ID83335,0.5757578
ID83336,0.43550986
ID83337,0.42289975
ID83338,0.56939155
ID83339,0.5923602
ID83340,0.5069713
ID83341,0.0888188
ID83342,0.5835891
ID83343,0.3751266
ID83344,0.5306302
ID83345,0.4786792
ID83346,0.36535284
ID83347,0.51313794
ID83348,0.38064393
ID83349,0.3687071
ID83350,0.34538645
ID83351,0.5460278
ID83352,0.073420025
ID83353,0.5955108
ID83354,0.42065632
ID83355,0.4615094
ID83356,0.30397177
ID83357,0.5809001
ID83358,0.62201434
ID83359,0.53173244
ID83360,0.5630883
ID83361,0.2839949
ID83362,0.38609427
ID83363,0.52318037
ID83364,0.07685968
ID83365,0.563059
ID83366,0.40115705
ID83367,0.15977821
ID83368,0.2745613
ID83369,0.55481446
ID83370,0.26050344
ID83371,0.42492047
ID83372,0.6057948
ID83373,0.61481017
ID83374,0.256626
ID83375,0.2941876
ID83376,0.57464385
ID83377,0.63164425
ID83378,0.43685362
ID83379,0.34321904
ID83380,0.5794706
ID83381,0.35358885
ID83382,0.38159057
ID83383,0.678744
ID83384,0.5157992
ID83385,0.47667724
ID83386,0.3197892
ID83387,0.5267268
ID83388,0.62363267
ID83389,0.19086844
ID83390,0.47934136
ID83391,0.24123795
ID83392,0.13700484
ID83393,0.7570008
ID83394,0.6797793
ID83395,0.4950343
ID83396,0.5373483
ID83397,0.50213057
ID83398,0.2653328
ID83399,0.4134197
ID83400,0.15096167
ID83401,0.298705
ID83402,0.006422121
ID83403,0.6152562
ID83404,0.17489226
ID83405,0.63809067
ID83406,0.12980655
ID83407,0.51498294
ID83408,0.20729251
ID83409,0.73908633
ID83410,0.2026064
ID83411,0.57391775
ID83412,0.6315685
ID83413,0.45762566
ID83414,0.6310287
ID83415,0.094237804
ID83416,0.47223207
ID83417,0.47001037
ID83418,0.5737494
ID83419,0.5333953
ID83420,0.6693872
ID83421,0.5881783
ID83422,0.07652
ID83423,0.57702166
ID83424,0.33457312
ID83425,0.4851042
ID83426,0.5898772
ID83427,0.50900716
ID83428,0.61797804
ID83429,0.63510627
ID83430,0.59030586
ID83431,0.428572
ID83432,0.29751384
ID83433,0.2902125
ID83434,0.56733435
ID83435,0.24120885
ID83436,0.46206728
ID83437,0.429727
ID83438,0.26970363
ID83439,0.59645563
ID83440,0.6699158
ID83441,0.4881582
ID83442,0.21520363
ID83443,0.44799727
ID83444,0.523768
ID83445,0.33481517
ID83446,0.5551072
ID83447,0.28171813
ID83448,0.33393413
ID83449,0.426848
ID83450,0.3328434
ID83451,0.53584594
ID83452,0.33952397
ID83453,0.5085461
ID83454,0.39153236
ID83455,0.58571494
ID83456,0.4633566
ID83457,0.2609838
ID83458,0.4983087
ID83459,0.4251165
ID83460,0.24482553
ID83461,0.37677237
ID83462,0.6279629
ID83463,0.43161017
ID83464,0.3514328
ID83465,0.59677535
ID83466,0.052340966
ID83467,0.4839133
ID83468,0.75210905
ID83469,0.47282287
ID83470,0.37155178
ID83471,0.14482222
ID83472,0.5826427
ID83473,0.6285516
ID83474,0.277064
ID83475,0.71639335
ID83476,0.43709844
ID83477,0.30339733
ID83478,0.30463302
ID83479,0.06668938
ID83480,0.22534765
ID83481,0.4059128
ID83482,0.48391855
ID83483,0.38184536
ID83484,0.36183408
ID83485,0.3075926
ID83486,0.6912328
ID83487,0.55581945
ID83488,0.21214245
ID83489,0.12909436
ID83490,0.67632073
ID83491,0.13494541
ID83492,0.5426678
ID83493,0.14930856
ID83494,0.17375377
ID83495,0.614767
ID83496,0.5786938
ID83497,0.57132846
ID83498,0.742008
ID83499,0.522135
ID83500,0.5058036
ID83501,0.15115622
ID83502,0.23174328
ID83503,0.12603827
ID83504,0.1988812
ID83505,0.5918775
ID83506,0.44526172
ID83507,0.6389033
ID83508,0.43782327
ID83509,0.46930578
ID83510,0.40870938
ID83511,0.5320156
ID83512,0.5935416
ID83513,0.34178916
ID83514,0.64147764
ID83515,0.120618895
ID83516,0.015818214
ID83517,0.6271937
ID83518,0.5516375
ID83519,0.4554243
ID83520,0.13979974
ID83521,0.58576506
ID83522,0.38162512
ID83523,0.6075556
ID83524,0.54096174
ID83525,0.39899424
ID83526,0.34999618
ID83527,0.4915654
ID83528,0.44171408
ID83529,0.51759857
ID83530,0.21444522
ID83531,0.70275974
ID83532,0.10096345
ID83533,0.40213382
ID83534,0.35716194
ID83535,0.13088956
ID83536,0.39824858
ID83537,0.2903956
ID83538,0.28648084
ID83539,0.15836729
ID83540,0.53446805
ID83541,0.5826264
ID83542,0.010187505
ID83543,0.58140177
ID83544,0.4010755
ID83545,0.36676863
ID83546,0.35715982
ID83547,0.50800836
ID83548,0.6034726
ID83549,0.5375352
ID83550,0.6649699
ID83551,0.3406953
ID83552,0.06374147
ID83553,0.39734226
ID83554,0.17058447
ID83555,0.51408535
ID83556,0.1154799
ID83557,0.47302467
ID83558,0.50216055
ID83559,0.7011963
ID83560,0.40048522
ID83561,0.58452237
ID83562,0.5617587
ID83563,0.5201229
ID83564,0.27184358
ID83565,0.5714447
ID83566,0.18576011
ID83567,0.5995615
ID83568,0.056167122
ID83569,0.46856874
ID83570,0.5433375
ID83571,0.35970482
ID83572,0.51671904
ID83573,0.47606143
ID83574,0.37674776
ID83575,0.3200122
ID83576,0.5992027
ID83577,0.0141770635
ID83578,0.57300705
ID83579,0.5870856
ID83580,0.6348054
ID83581,0.6391785
ID83582,0.4780046
ID83583,0.5563086
ID83584,0.2697423
ID83585,0.08774549
ID83586,0.10597701
ID83587,0.35395867
ID83588,0.37494346
ID83589,0.35339049
ID83590,0.47080237
ID83591,0.4288699
ID83592,0.0892718
ID83593,0.0868934
ID83594,0.5645132
ID83595,0.22706448
ID83596,0.6834456
ID83597,0.026406895
ID83598,0.44335958
ID83599,0.5354011
ID83600,0.6179072
ID83601,0.37284467
ID83602,0.47709328
ID83603,0.57945985
ID83604,0.35848746
ID83605,0.15212028
ID83606,0.59847677
ID83607,0.36813873
ID83608,0.56005406
ID83609,0.5216055
ID83610,0.09166168
ID83611,0.6045687
ID83612,0.49663335
ID83613,0.35618696
ID83614,0.16733955
ID83615,0.7697735
ID83616,0.17901695
ID83617,0.5590719
ID83618,0.45310852
ID83619,0.37473923
ID83620,0.5666003
ID83621,0.3159298
ID83622,0.43018895
ID83623,0.4018467
ID83624,0.45200545
ID83625,0.2672459
ID83626,0.18828645
ID83627,0.36544698
ID83628,0.06158309
ID83629,0.67523766
ID83630,0.7580524
ID83631,0.16696215
ID83632,0.43406814
ID83633,0.5732422
ID83634,0.5761105
ID83635,0.09681623
ID83636,0.4063631
ID83637,0.54132926
ID83638,0.1430885
ID83639,0.5095625
ID83640,0.25826335
ID83641,0.11480781
ID83642,0.26571816
ID83643,0.5652726
ID83644,0.454674
ID83645,0.27841443
ID83646,0.1909843
ID83647,0.70916307
ID83648,0.38506436
ID83649,0.28077155
ID83650,0.5039906
ID83651,0.22619796
ID83652,0.46698767
ID83653,0.19638671
ID83654,0.09812801
ID83655,0.21142802
ID83656,0.5628383
ID83657,0.5390242
ID83658,0.78103936
ID83659,0.6084349
ID83660,0.3898624
ID83661,0.3234212
ID83662,0.5907034
ID83663,0.09438118
ID83664,0.109332494
ID83665,0.38015974
ID83666,0.40812653
ID83667,0.67017585
ID83668,0.22995503
ID83669,0.6184548
ID83670,0.6258517
ID83671,0.243283
ID83672,0.099185005
ID83673,0.5512359
ID83674,0.43634295
ID83675,0.5601067
ID83676,0.63436097
ID83677,0.2931924
ID83678,0.26636034
ID83679,0.2882331
ID83680,0.5756248
ID83681,0.5430716
ID83682,0.34631333
ID83683,0.6741319
ID83684,0.57254076
ID83685,0.4968584
ID83686,0.3009541
ID83687,0.5710629
ID83688,0.327034
ID83689,0.43358788
ID83690,0.3850395
ID83691,0.3432301
ID83692,0.37121505
ID83693,0.5408774
ID83694,0.60330653
ID83695,0.43997678
ID83696,0.259548
ID83697,0.060160454
ID83698,0.40769973
ID83699,0.4338673
ID83700,0.5765455
ID83701,0.5562863
ID83702,0.40397757
ID83703,0.22653686
ID83704,0.5547704
ID83705,0.6019872
ID83706,0.08335251
ID83707,0.6111566
ID83708,0.084071875
ID83709,0.5993504
ID83710,0.4876465
ID83711,0.4590393
ID83712,0.40188584
ID83713,0.48879263
ID83714,0.28612182
ID83715,0.3901906
ID83716,0.6310122
ID83717,0.71879786
ID83718,0.24885714
ID83719,0.12479785
ID83720,0.4827717
ID83721,0.6519035
ID83722,0.35102373
ID83723,0.45039853
ID83724,0.017269552
ID83725,0.39516
ID83726,0.5974947
ID83727,0.63076824
ID83728,0.18098341
ID83729,0.5694446
ID83730,0.16060433
ID83731,0.49683177
ID83732,0.45800015
ID83733,0.20097958
ID83734,0.50981003
ID83735,0.50268865
ID83736,0.3750724
ID83737,0.5111109
ID83738,0.4417004
ID83739,0.40868297
ID83740,0.15932897
ID83741,0.31461942
ID83742,0.4917677
ID83743,0.17598926
ID83744,0.49655625
ID83745,0.4079582
ID83746,0.5630487
ID83747,0.34786808
ID83748,0.6606791
ID83749,0.4426055
ID83750,0.34019238
ID83751,0.63753986
ID83752,0.25703186
ID83753,0.57253927
ID83754,0.64176226
ID83755,0.47960857
ID83756,0.39264482
ID83757,0.5717068
ID83758,0.5821526
ID83759,0.41086543
ID83760,0.65180063
ID83761,0.5848432
ID83762,0.47771236
ID83763,0.405883
ID83764,0.34531626
ID83765,0.68309975
ID83766,0.22318411
ID83767,0.69867545
ID83768,0.44452688
ID83769,0.5788604
ID83770,0.6692469
ID83771,0.58048046
ID83772,0.42733568
ID83773,0.16044703
ID83774,0.42193916
ID83775,0.4505361
ID83776,0.7325034
ID83777,0.108430885
ID83778,0.5857914
ID83779,0.5981236
ID83780,0.24579468
ID83781,0.53156066
ID83782,0.6007903
ID83783,0.17845629
ID83784,0.20447055
ID83785,0.2655487
ID83786,0.20133762
ID83787,0.47613692
ID83788,0.05537125
ID83789,0.7303955
ID83790,0.09665065
ID83791,0.36692882
ID83792,0.13327256
ID83793,0.4899841
ID83794,0.4365457
ID83795,0.27390966
ID83796,0.21566151
ID83797,0.5224646
ID83798,0.58322567
ID83799,0.44329375
ID83800,0.45570844
ID83801,0.32292315
ID83802,0.43076158
ID83803,0.4247326
ID83804,0.13528696
ID83805,0.040790502
ID83806,0.063948736
ID83807,0.39859542
ID83808,0.40639016
ID83809,0.52438724
ID83810,0.44542998
ID83811,0.70275974
ID83812,0.27064887
ID83813,0.36555868
ID83814,0.49657702
ID83815,0.68881613
ID83816,0.5356004
ID83817,0.33043548
ID83818,0.5875513
ID83819,0.50351435
ID83820,0.47612152
ID83821,0.6303786
ID83822,0.60439515
ID83823,0.47711107
ID83824,0.5781575
ID83825,0.2316825
ID83826,0.088311434
ID83827,0.4035834
ID83828,0.6833344
ID83829,0.5114044
ID83830,0.49829957
ID83831,0.2921502
ID83832,0.6101598
ID83833,0.6595513
ID83834,0.61789346
ID83835,0.093189806
ID83836,0.5146201
ID83837,0.52467924
ID83838,0.17167208
ID83839,0.578505
ID83840,0.11348377
ID83841,0.65526384
ID83842,0.6615335
ID83843,0.43578732
ID83844,0.37547338
ID83845,0.7065441
ID83846,0.36259952
ID83847,0.6453102
ID83848,0.42028677
ID83849,0.5230004
ID83850,0.23700288
ID83851,0.41062772
ID83852,0.35605484
ID83853,0.4944305
ID83854,0.5256527
ID83855,0.41836965
ID83856,0.51637924
ID83857,0.6109803
ID83858,0.31521308
ID83859,0.22480983
ID83860,0.37539056
ID83861,0.5466582
ID83862,0.3680422
ID83863,0.14447506
ID83864,0.068759106
ID83865,0.23993237
ID83866,0.69896245
ID83867,0.0051537156
ID83868,0.41145623
ID83869,0.5632896
ID83870,0.3251326
ID83871,0.6290298
ID83872,0.5806253
ID83873,0.36999193
ID83874,0.6631113
ID83875,0.6166878
ID83876,0.045097105
ID83877,0.15774064
ID83878,0.0911378
ID83879,0.33182892
ID83880,0.07590047
ID83881,0.47920772
ID83882,0.079430595
ID83883,0.3226879
ID83884,0.3639367
ID83885,0.59868056
ID83886,0.34612307
ID83887,0.6396166
ID83888,0.5003497
ID83889,0.36836615
ID83890,0.5058972
ID83891,0.18659832
ID83892,0.105358094
ID83893,0.57626164
ID83894,0.5338783
ID83895,0.6118877
ID83896,0.56260157
ID83897,0.21331428
ID83898,0.41762218
ID83899,0.601241
ID83900,0.23899227
ID83901,0.2276264
ID83902,0.12402937
ID83903,0.073385425
ID83904,0.65166086
ID83905,0.22469509
ID83906,0.47125402
ID83907,0.49318224
ID83908,0.113826096
ID83909,0.10950492
ID83910,0.5943901
ID83911,0.5304207
ID83912,0.19431052
ID83913,0.1782089
ID83914,0.21475133
ID83915,0.27931026
ID83916,0.65960705
ID83917,0.37706366
ID83918,0.3418167
ID83919,0.60945094
ID83920,0.6140134
ID83921,0.5280497
ID83922,0.34198406
ID83923,0.16943012
ID83924,0.5950707
ID83925,0.5533811
ID83926,0.23084906
ID83927,0.47446388
ID83928,0.5454256
ID83929,0.39204144
ID83930,0.51644665
ID83931,0.58926916
ID83932,0.010856469
ID83933,0.40684032
ID83934,0.63357246
ID83935,0.14696918
ID83936,0.3836966
ID83937,0.81151766
ID83938,0.10262624
ID83939,0.4973821
ID83940,0.5654979
ID83941,0.666342
ID83942,0.41263017
ID83943,0.6877271
ID83944,0.13628316
ID83945,0.61072874
ID83946,0.31533158
ID83947,0.23778854
ID83948,0.64821273
ID83949,0.64676374
ID83950,0.2787929
ID83951,0.38741642
ID83952,0.6226946
ID83953,0.20559032
ID83954,0.3963998
ID83955,0.5222022
ID83956,0.3392006
ID83957,0.52715915
ID83958,0.34933385
ID83959,0.5633933
ID83960,0.25126114
ID83961,0.3877518
ID83962,0.42504922
ID83963,0.03424302
ID83964,0.491441
ID83965,0.47837472
ID83966,0.49171427
ID83967,0.655276
ID83968,0.25514588
ID83969,0.50879276
ID83970,0.23639795
ID83971,0.16223085
ID83972,0.45369196
ID83973,0.12208371
ID83974,0.24214841
ID83975,0.5290991
ID83976,0.31803098
ID83977,0.5181718
ID83978,0.33700043
ID83979,0.64921165
ID83980,0.25288305
ID83981,0.3272154
ID83982,0.23210284
ID83983,0.24561962
ID83984,0.5350498
ID83985,0.44541407
ID83986,0.351536
ID83987,0.5592436
ID83988,0.5381748
ID83989,0.2163355
ID83990,0.50062037
ID83991,0.059799094
ID83992,0.59002745
ID83993,0.571509
ID83994,0.2797671
ID83995,0.38945657
ID83996,0.1383659
ID83997,0.64133936
ID83998,0.6107347
ID83999,0.21174595
ID84000,0.34217513
ID84001,0.62379974
ID84002,0.5437371
ID84003,0.24223864
ID84004,0.5406088
ID84005,0.42911875
ID84006,0.61055773
ID84007,0.056587666
ID84008,0.30220374
ID84009,0.47063914
ID84010,0.44786733
ID84011,0.75528634
ID84012,0.06998421
ID84013,0.05340621
ID84014,0.6286972
ID84015,0.4875135
ID84016,0.40608153
ID84017,0.13725118
ID84018,0.24842604
ID84019,0.32711023
ID84020,0.6067406
ID84021,0.564156
ID84022,0.5830707
ID84023,0.42507136
ID84024,0.42404965
ID84025,0.49381354
ID84026,0.44781464
ID84027,0.2956112
ID84028,0.5777782
ID84029,0.14965174
ID84030,0.56558174
ID84031,0.6626119
ID84032,0.6386812
ID84033,0.36063206
ID84034,0.60321045
ID84035,0.27511367
ID84036,0.41753346
ID84037,0.42243978
ID84038,0.5841903
ID84039,0.37956378
ID84040,0.33008698
ID84041,0.3066345
ID84042,0.6443593
ID84043,0.39138278
ID84044,0.53916335
ID84045,0.5207512
ID84046,0.106365256
ID84047,0.51759315
ID84048,0.39227962
ID84049,0.5128177
ID84050,0.5420169
ID84051,0.31281048
ID84052,0.5052956
ID84053,0.5875077
ID84054,0.34375045
ID84055,0.43116224
ID84056,0.4976954
ID84057,0.28271195
ID84058,0.45490444
ID84059,0.1928985
ID84060,0.5645108
ID84061,0.49781424
ID84062,0.18283992
ID84063,0.19837055
ID84064,0.35932282
ID84065,0.19822434
ID84066,0.19333704
ID84067,0.3378501
ID84068,0.40903032
ID84069,0.61479163
ID84070,0.6835003
ID84071,0.14515355
ID84072,0.44275716
ID84073,0.067090765
ID84074,0.13390434
ID84075,0.44798085
ID84076,0.34383577
ID84077,0.64340985
ID84078,0.65884924
ID84079,0.28680083
ID84080,0.21410456
ID84081,0.47433496
ID84082,0.48234537
ID84083,0.55968046
ID84084,0.22363445
ID84085,0.70275223
ID84086,0.62783766
ID84087,0.55663544
ID84088,0.3467449
ID84089,0.5020422
ID84090,0.25430143
ID84091,0.17416845
ID84092,0.34355125
ID84093,0.47840768
ID84094,0.4572809
ID84095,0.21867673
ID84096,0.36265177
ID84097,0.22700007
ID84098,0.53004473
ID84099,0.60289633
ID84100,0.43700936
ID84101,0.62329715
ID84102,0.4452596
ID84103,0.1659478
ID84104,0.07469289
ID84105,0.45159027
ID84106,0.43368223
ID84107,0.48012468
ID84108,0.61039996
ID84109,0.47738302
ID84110,0.32908615
ID84111,0.26925746
ID84112,0.52023625
ID84113,0.5926843
ID84114,0.7427572
ID84115,0.5543921
ID84116,0.48363665
ID84117,0.6600925
ID84118,0.1782488
ID84119,0.09197894
ID84120,0.08212839
ID84121,0.37510183
ID84122,0.03213463
ID84123,0.09721685
ID84124,0.38296926
ID84125,0.5577029
ID84126,0.15027682
ID84127,0.6299939
ID84128,0.58942735
ID84129,0.2859555
ID84130,0.5027965
ID84131,0.49959776
ID84132,0.6339581
ID84133,0.5528901
ID84134,0.15151022
ID84135,0.728779
ID84136,0.29548386
ID84137,0.18970881
ID84138,0.38639387
ID84139,0.20501836
ID84140,0.17251377
ID84141,0.5491034
ID84142,0.22190776
ID84143,0.40961224
ID84144,0.55217105
ID84145,0.053525627
ID84146,0.16858628
ID84147,0.3090225
ID84148,0.69137216
ID84149,0.59703356
ID84150,0.14998558
ID84151,0.46631575
ID84152,0.14391609
ID84153,0.14017567
ID84154,0.5970443
ID84155,0.570195
ID84156,0.53254956
ID84157,0.64297104
ID84158,0.18962261
ID84159,0.16829586
ID84160,0.14859721
ID84161,0.48560384
ID84162,0.60635024
ID84163,0.58455235
ID84164,0.45157832
ID84165,0.5934123
ID84166,0.6209082
ID84167,0.17259397
ID84168,0.42083094
ID84169,0.18365905
ID84170,0.62357587
ID84171,0.59528685
ID84172,0.4225131
ID84173,0.63040805
ID84174,0.4366399
ID84175,0.24698655
ID84176,0.55867594
ID84177,0.10323717
ID84178,0.5437641
ID84179,0.51750803
ID84180,0.13808216
ID84181,0.19891228
ID84182,0.40478942
ID84183,0.37269887
ID84184,0.28321585
ID84185,0.31196234
ID84186,0.3409665
ID84187,0.7023034
ID84188,0.15906031
ID84189,0.5093279
ID84190,0.62033546
ID84191,0.61247116
ID84192,0.35257336
ID84193,0.20461102
ID84194,0.24198893
ID84195,0.075875096
ID84196,0.52683914
ID84197,0.6304039
ID84198,0.42729184
ID84199,0.6361469
ID84200,0.45484558
ID84201,0.047971647
ID84202,0.61953014
ID84203,0.30042553
ID84204,0.4816199
ID84205,0.6207104
ID84206,0.47992188
ID84207,0.3674995
ID84208,0.45781553
ID84209,0.39489934
ID84210,0.09822904
ID84211,0.15243943
ID84212,0.41021726
ID84213,0.55026966
ID84214,0.6861545
ID84215,0.22209401
ID84216,0.6046894
ID84217,0.7265214
ID84218,0.19789395
ID84219,0.4791402
ID84220,0.685207
ID84221,0.46370095
ID84222,0.059317876
ID84223,0.5920884
ID84224,0.05459102
ID84225,0.3402653
ID84226,0.5785175
ID84227,0.5651168
ID84228,0.34745497
ID84229,0.4957458
ID84230,0.5559526
ID84231,0.34831324
ID84232,0.17356195
ID84233,0.39742336
ID84234,0.26391163
ID84235,0.034955148
ID84236,0.018650502
ID84237,0.3697633
ID84238,0.53450495
ID84239,0.55853224
ID84240,0.29203352
ID84241,0.15938784
ID84242,0.612697
ID84243,0.51572955
ID84244,0.16458294
ID84245,0.22795957
ID84246,0.31238735
ID84247,0.5474808
ID84248,0.10271561
ID84249,0.28949195
ID84250,0.13077924
ID84251,0.3977224
ID84252,0.6268553
ID84253,0.38999826
ID84254,0.06490176
ID84255,0.48499212
ID84256,0.65318704
ID84257,0.29904646
ID84258,0.66874766
ID84259,0.26220813
ID84260,0.3456584
ID84261,0.6340553
ID84262,0.5575295
ID84263,0.62131345
ID84264,0.5980449
ID84265,0.37761334
ID84266,0.39518228
ID84267,0.20608974
ID84268,0.04032876
ID84269,0.5570441
ID84270,0.70245713
ID84271,0.3658431
ID84272,0.42004976
ID84273,0.058813673
ID84274,0.36102328
ID84275,0.62517387
ID84276,0.63642913
ID84277,0.65832555
ID84278,0.28098914
ID84279,0.21017462
ID84280,0.37655994
ID84281,0.5344685
ID84282,0.5077262
ID84283,0.46639416
ID84284,0.13722488
ID84285,0.07552954
ID84286,0.22566934
ID84287,0.3110259
ID84288,0.30840608
ID84289,0.42166632
ID84290,0.35162246
ID84291,0.19484843
ID84292,0.25137615
ID84293,0.45728606
ID84294,0.21351634
ID84295,0.6633789
ID84296,0.15055554
ID84297,0.28283238
ID84298,0.33857936
ID84299,0.15273891
ID84300,0.36269784
ID84301,0.34415618
ID84302,0.33687896
ID84303,0.46975043
ID84304,0.5326982
ID84305,0.41437322
ID84306,0.66130203
ID84307,0.21591221
ID84308,0.6128856
ID84309,0.2779116
ID84310,0.29629034
ID84311,0.18353784
ID84312,0.5713475
ID84313,0.6001249
ID84314,0.029144738
ID84315,0.42698187
ID84316,0.45399833
ID84317,0.46243107
ID84318,0.6193033
ID84319,0.09887397
ID84320,0.4350919
ID84321,0.5998662
ID84322,0.5483187
ID84323,0.23190819
ID84324,0.6201709
ID84325,0.6074337
ID84326,0.21660437
ID84327,0.33119637
ID84328,0.19513707
ID84329,0.6123708
ID84330,0.026121609
ID84331,0.11486847
ID84332,0.56186646
ID84333,0.42697898
ID84334,0.39689228
ID84335,0.5607078
ID84336,0.5198233
ID84337,0.61570215
ID84338,0.43487376
ID84339,0.6867699
ID84340,0.5215942
ID84341,0.37895912
ID84342,0.61977255
ID84343,0.5280053
ID84344,0.046786442
ID84345,0.6059352
ID84346,0.56294054
ID84347,0.4262836
ID84348,0.5035194
ID84349,0.53373575
ID84350,0.1627584
ID84351,0.5887078
ID84352,0.4075248
ID84353,0.113597006
ID84354,0.30541638
ID84355,0.48409036
ID84356,0.5643224
ID84357,0.6351524
ID84358,0.43298063
ID84359,0.5349184
ID84360,0.36269784
ID84361,0.5080374
ID84362,0.22587678
ID84363,0.77343786
ID84364,0.62981695
ID84365,0.627972
ID84366,0.5826979
ID84367,0.32035413
ID84368,0.7081206
ID84369,0.5011152
ID84370,0.47214904
ID84371,0.32766005
ID84372,0.46559048
ID84373,0.13272302
ID84374,0.61518687
ID84375,0.42266208
ID84376,0.3803274
ID84377,0.4163466
ID84378,0.22079854
ID84379,0.31865275
ID84380,0.53302896
ID84381,0.40849257
ID84382,0.7455759
ID84383,0.6278874
ID84384,0.49761143
ID84385,0.13117167
ID84386,0.51878166
ID84387,0.36433545
ID84388,0.2510837
ID84389,0.5813976
ID84390,0.2596421
ID84391,0.43033147
ID84392,0.64604914
ID84393,0.15756074
ID84394,0.29613397
ID84395,0.39291096
ID84396,0.4761868
ID84397,0.2565162
ID84398,0.3115769
ID84399,0.33926302
ID84400,0.052465867
ID84401,0.48738593
ID84402,0.6494115
ID84403,0.6510994
ID84404,0.29512265
ID84405,0.5437972
ID84406,0.56066996
ID84407,0.5188051
ID84408,0.09505416
ID84409,0.36696246
ID84410,0.24978198
ID84411,0.07663149
ID84412,0.5744529
ID84413,0.6134327
ID84414,0.5499915
ID84415,0.7155866
ID84416,0.24988984
ID84417,0.4535082
ID84418,0.5787449
ID84419,0.2799449
ID84420,0.5839401
ID84421,0.533026
ID84422,0.4203037
ID84423,0.4229902
ID84424,0.5723504
ID84425,0.051410675
ID84426,0.5806221
ID84427,0.28117022
ID84428,0.5694277
ID84429,0.55357546
ID84430,0.40965644
ID84431,0.43489403
ID84432,0.22964539
ID84433,0.44519007
ID84434,0.48515975
ID84435,0.57358503
ID84436,0.06494938
ID84437,0.551008
ID84438,0.2245428
ID84439,0.24822226
ID84440,0.59923166
ID84441,0.7430087
ID84442,0.6590952
ID84443,0.38400206
ID84444,0.43880665
ID84445,0.3078237
ID84446,0.56419706
ID84447,0.5978584
ID84448,0.3436305
ID84449,0.6337192
ID84450,0.35520145
ID84451,0.10292488
ID84452,0.42167804
ID84453,0.58179843
ID84454,0.3070502
ID84455,0.2513116
ID84456,0.33067313
ID84457,0.4597346
ID84458,0.45526218
ID84459,0.39617208
ID84460,0.76189584
ID84461,0.33107993
ID84462,0.50543934
ID84463,0.6197156
ID84464,0.41918835
ID84465,0.5942117
ID84466,0.6110664
ID84467,0.5914372
ID84468,0.10134821
ID84469,0.48140118
ID84470,0.6314672
ID84471,0.105366945
ID84472,0.3090172
ID84473,0.23187934
ID84474,0.27086538
ID84475,0.3937135
ID84476,0.40286833
ID84477,0.5867872
ID84478,0.5414648
ID84479,0.37381142
ID84480,0.568875
ID84481,0.30679834
ID84482,0.13522975
ID84483,0.5484257
ID84484,0.26239324
ID84485,0.61558044
ID84486,0.35516205
ID84487,0.21897049
ID84488,0.6366237
ID84489,0.0860792
ID84490,0.0049555064
ID84491,0.32171777
ID84492,0.39052027
ID84493,0.44069296
ID84494,0.21605206
ID84495,0.46993327
ID84496,0.39168558
ID84497,0.1269236
ID84498,0.5494756
ID84499,0.65398145
ID84500,0.4143924
ID84501,0.10038924
ID84502,0.78298503
ID84503,0.4100307
ID84504,0.22136414
ID84505,0.5273588
ID84506,0.28810033
ID84507,0.31801793
ID84508,0.56299263
ID84509,0.61465317
ID84510,0.6080861
ID84511,0.41059083
ID84512,0.24373104
ID84513,0.46190986
ID84514,0.24435046
ID84515,0.51810545
ID84516,0.22452708
ID84517,0.21901195
ID84518,0.362574
ID84519,0.56046164
ID84520,0.3775139
ID84521,0.097985744
ID84522,0.19275758
ID84523,0.10777068
ID84524,0.45543396
ID84525,0.52008474
ID84526,0.5608818
ID84527,0.32228994
ID84528,0.30329996
ID84529,0.2962824
ID84530,0.5555784
ID84531,0.40684286
ID84532,0.61024
ID84533,0.6156279
ID84534,0.4614333
ID84535,0.26953316
ID84536,0.44313595
ID84537,0.3069326
ID84538,0.21766955
ID84539,0.56166536
ID84540,0.5356594
ID84541,0.4408626
ID84542,0.11738923
ID84543,0.7819833
ID84544,0.32408747
ID84545,0.32958388
ID84546,0.56243527
ID84547,0.45907944
ID84548,0.101217195
ID84549,0.581724
ID84550,0.5574772
ID84551,0.42037734
ID84552,0.56739944
ID84553,0.6856565
ID84554,0.74107003
ID84555,0.7144909
ID84556,0.647976
ID84557,0.41686904
ID84558,0.3464958
ID84559,0.50039005
ID84560,0.5530185
ID84561,0.597121
ID84562,0.20057818
ID84563,0.5726134
ID84564,0.32839814
ID84565,0.32279497
ID84566,0.45129085
ID84567,0.48476964
ID84568,0.54777545
ID84569,0.16420528
ID84570,0.23588279
ID84571,0.22368333
ID84572,0.29776263
ID84573,0.58173436
ID84574,0.39774126
ID84575,0.50045705
ID84576,0.3965667
ID84577,0.31158265
ID84578,0.3100269
ID84579,0.5486289
ID84580,0.23406142
ID84581,0.4940018
ID84582,0.45444247
ID84583,0.74591106
ID84584,0.4547037
ID84585,0.17983568
ID84586,0.53437024
ID84587,0.70020926
ID84588,0.075356334
ID84589,0.6739264
ID84590,0.6295836
ID84591,0.18266086
ID84592,0.4552812
ID84593,0.16502793
ID84594,0.35311636
ID84595,0.40979064
ID84596,0.56295097
ID84597,0.59554464
ID84598,0.3925289
ID84599,0.5315894
ID84600,0.45915782
ID84601,0.66907275
ID84602,0.5623954
ID84603,0.56218594
ID84604,0.6421611
ID84605,0.32276276
ID84606,0.49872047
ID84607,0.6534882
ID84608,0.58458835
ID84609,0.34183925
ID84610,0.19096686
ID84611,0.18668535
ID84612,0.46241513
ID84613,0.14288227
ID84614,0.4978647
ID84615,0.25217104
ID84616,0.34218198
ID84617,0.6821067
ID84618,0.5018035
ID84619,0.52434945
ID84620,0.21165034
ID84621,0.6712604
ID84622,0.09386289
ID84623,0.46284837
ID84624,0.022796687
ID84625,0.3454131
ID84626,0.540529
ID84627,0.40090576
ID84628,0.24322076
ID84629,0.26201874
ID84630,0.5787868
ID84631,0.47301644
ID84632,0.25773135
ID84633,0.60736305
ID84634,0.50644714
ID84635,0.62768817
ID84636,0.4741534
ID84637,0.6009035
ID84638,0.08692417
ID84639,0.28694224
ID84640,0.4815002
ID84641,0.61882895
ID84642,0.5926594
ID84643,0.4859334
ID84644,0.5598667
ID84645,0.22596736
ID84646,0.61189294
ID84647,0.26546115
ID84648,0.7883848
ID84649,0.20860307
ID84650,0.38270992
ID84651,0.5772853
ID84652,0.29180464
ID84653,0.3294526
ID84654,0.8418393
ID84655,0.65165514
ID84656,0.35172644
ID84657,0.5724566
ID84658,0.49018395
ID84659,0.41564947
ID84660,0.06064613
ID84661,0.6279367
ID84662,0.5538695
ID84663,0.25458443
ID84664,0.27322268
ID84665,0.47486284
ID84666,0.42382443
ID84667,0.10253664
ID84668,0.39523175
ID84669,0.6290853
ID84670,0.2990742
ID84671,0.65984154
ID84672,0.42965296
ID84673,0.58467984
ID84674,0.4560426
ID84675,0.31803626
ID84676,0.60559976
ID84677,0.46039748
ID84678,0.31103554
ID84679,0.40392104
ID84680,0.25270864
ID84681,0.307906
ID84682,0.37471017
ID84683,0.62163883
ID84684,0.41077328
ID84685,0.3324038
ID84686,0.43912706
ID84687,0.53944737
ID84688,0.77730423
ID84689,0.61234075
ID84690,0.09687435
ID84691,0.49575722
ID84692,0.058456052
ID84693,0.6371667
ID84694,0.4698259
ID84695,0.34955755
ID84696,0.5503877
ID84697,0.69047254
ID84698,0.63600063
ID84699,0.22414379
ID84700,0.36829644
ID84701,0.5308867
ID84702,0.41623393
ID84703,0.41789418
ID84704,0.23987338
ID84705,0.6897055
ID84706,0.54326755
ID84707,0.34775978
ID84708,0.25423384
ID84709,0.18816619
ID84710,0.58869076
ID84711,0.3980068
ID84712,0.1256808
ID84713,0.25307643
ID84714,0.4169023
ID84715,0.6976269
ID84716,0.59076
ID84717,0.7085358
ID84718,0.10117728
ID84719,0.46442294
ID84720,0.27984503
ID84721,0.3326532
ID84722,0.33351257
ID84723,0.011575775
ID84724,0.10212672
ID84725,0.4996033
ID84726,0.15684101
ID84727,0.55557066
ID84728,0.2810163
ID84729,0.42513606
ID84730,0.5381417
ID84731,0.25472015
ID84732,0.18846492
ID84733,0.10485279
ID84734,0.7037548
ID84735,0.37087423
ID84736,0.2023271
ID84737,0.4043274
ID84738,0.18318094
ID84739,0.27137047
ID84740,0.57919455
ID84741,0.3008549
ID84742,0.48752263
ID84743,0.41128546
ID84744,0.21835387
ID84745,0.41805342
ID84746,0.2674489
ID84747,0.59687334
ID84748,0.40332747
ID84749,0.3162681
ID84750,0.6354106
ID84751,0.19911762
ID84752,0.5814637
ID84753,0.3029765
ID84754,0.5560398
ID84755,0.55692697
ID84756,0.44961894
ID84757,0.6530028
ID84758,0.6162189
ID84759,0.053392123
ID84760,0.41219777
ID84761,0.54780394
ID84762,0.64810365
ID84763,0.5613997
ID84764,0.25863013
ID84765,0.26613432
ID84766,0.19735435
ID84767,0.30596846
ID84768,0.37463325
ID84769,0.67574596
ID84770,0.55007493
ID84771,0.010593084
ID84772,0.10100384
ID84773,0.14604379
ID84774,0.46355987
ID84775,0.62866443
ID84776,0.39058855
ID84777,0.39710176
ID84778,0.1721695
ID84779,0.13288316
ID84780,0.657902
ID84781,0.60810906
ID84782,0.4777349
ID84783,0.28285056
ID84784,0.040249214
ID84785,0.5727172
ID84786,0.40090847
ID84787,0.37935555
ID84788,0.1995719
ID84789,0.64886427
ID84790,0.7299009
ID84791,0.7181271
ID84792,0.52083945
ID84793,0.44946164
ID84794,0.023820061
ID84795,0.20403011
ID84796,0.4374303
ID84797,0.35144183
ID84798,0.37297183
ID84799,0.6223128
ID84800,0.66375345
ID84801,0.64557225
ID84802,0.56185246
ID84803,0.5615666
ID84804,0.60502994
ID84805,0.25641704
ID84806,0.19317725
ID84807,0.09243773
ID84808,0.740509
ID84809,0.31369725
ID84810,0.346504
ID84811,0.4047326
ID84812,0.23489651
ID84813,0.40990245
ID84814,0.5742221
ID84815,0.5170455
ID84816,0.69851017
ID84817,0.46390662
ID84818,0.48687324
ID84819,0.30728745
ID84820,0.27261177
ID84821,0.43239257
ID84822,0.37774128
ID84823,0.572029
ID84824,0.5997874
ID84825,0.10772431
ID84826,0.28408828
ID84827,0.47874525
ID84828,0.35505944
ID84829,0.3699159
ID84830,0.49390972
ID84831,0.44087145
ID84832,0.2393946
ID84833,0.41799644
ID84834,0.26966193
ID84835,0.5420529
ID84836,0.16675064
ID84837,0.56205827
ID84838,0.53068084
ID84839,0.79112816
ID84840,0.6852052
ID84841,0.52766764
ID84842,0.19152771
ID84843,0.54517984
ID84844,0.13209453
ID84845,0.566304
ID84846,0.35907653
ID84847,0.46591103
ID84848,0.3427815
ID84849,0.3667917
ID84850,0.47314098
ID84851,0.043081235
ID84852,0.34221256
ID84853,0.45145476
ID84854,0.7028354
ID84855,0.6820051
ID84856,0.30853224
ID84857,0.5618796
ID84858,0.31931618
ID84859,0.12186498
ID84860,0.6201621
ID84861,0.22388059
ID84862,0.73992175
ID84863,0.34895852
ID84864,0.52646947
ID84865,0.52223563
ID84866,0.5134962
ID84867,0.1525162
ID84868,0.31237683
ID84869,0.48076507
ID84870,0.3416415
ID84871,0.33395746
ID84872,0.48705354
ID84873,0.61117107
ID84874,0.33479786
ID84875,0.38616297
ID84876,0.44616562
ID84877,0.21570845
ID84878,0.19817473
ID84879,0.4069295
ID84880,0.5078814
ID84881,0.12810417
ID84882,0.6156337
ID84883,0.40359154
ID84884,0.39380774
ID84885,0.20171048
ID84886,0.34089336
ID84887,0.10989987
ID84888,0.722691
ID84889,0.61090386
ID84890,0.088853486
ID84891,0.3650672
ID84892,0.47982332
ID84893,0.6301111
ID84894,0.4203652
ID84895,0.42319447
ID84896,0.42356375
ID84897,0.3332465
ID84898,0.4750908
ID84899,0.07397468
ID84900,0.68642044
ID84901,0.5709024
ID84902,0.33533844
ID84903,0.4049975
ID84904,0.7768905
ID84905,0.6637782
ID84906,0.5095432
ID84907,0.54268795
ID84908,0.668892
ID84909,0.6453938
ID84910,0.61279553
ID84911,0.42405343
ID84912,0.5624427
ID84913,0.57828605
ID84914,0.4217195
ID84915,0.5587942
ID84916,0.5403488
ID84917,0.115508296
ID84918,0.50569814
ID84919,0.56810904
ID84920,0.518256
ID84921,0.3763463
ID84922,0.5910722
ID84923,0.445257
ID84924,0.6288275
ID84925,0.52551043
ID84926,0.26838452
ID84927,0.2735964
ID84928,0.54738677
ID84929,0.614767
ID84930,0.58264935
ID84931,0.5725466
ID84932,0.27608973
ID84933,0.43133366
ID84934,0.0387551
ID84935,0.65283656
ID84936,0.36961854
ID84937,0.13685021
ID84938,0.25244266
ID84939,0.47396055
ID84940,0.3122983
ID84941,0.4039126
ID84942,0.44341043
ID84943,0.21497098
ID84944,0.38963142
ID84945,0.418468
ID84946,0.40465468
ID84947,0.55688053
ID84948,0.600373
ID84949,0.3095091
ID84950,0.48405302
ID84951,0.6460394
ID84952,0.10445034
ID84953,0.5911307
ID84954,0.24018942
ID84955,0.47727636
ID84956,0.20329091
ID84957,0.64804
ID84958,0.554456
ID84959,0.19663183
ID84960,0.61447096
ID84961,0.2793116
ID84962,0.4342253
ID84963,0.59648716
ID84964,0.52893937
ID84965,0.6429113
ID84966,0.574874
ID84967,0.4933545
ID84968,0.69369876
ID84969,0.31536114
ID84970,0.2907519
ID84971,0.58453125
ID84972,0.5769793
ID84973,0.52894896
ID84974,0.27052748
ID84975,0.29077956
ID84976,0.75865954
ID84977,0.31129202
ID84978,0.6541481
ID84979,0.6322191
ID84980,0.4383854
ID84981,0.5074411
ID84982,0.66242427
ID84983,0.26852024
ID84984,0.5189174
ID84985,0.562791
ID84986,0.24078144
ID84987,0.60933834
ID84988,0.40524662
ID84989,0.5450423
ID84990,0.54372644
ID84991,0.68775463
ID84992,0.23502848
ID84993,0.34693867
ID84994,0.24610777
ID84995,0.45153597
ID84996,0.3432788
ID84997,0.68812245
ID84998,0.4576937
ID84999,0.17706738
ID85000,0.21776791
ID85001,0.100189224
ID85002,0.45593166
ID85003,0.26168543
ID85004,0.5560254
ID85005,0.82180464
ID85006,0.07189039
ID85007,0.47880942
ID85008,0.5501164
ID85009,0.6671163
ID85010,0.4394323
ID85011,0.63482785
ID85012,0.5480506
ID85013,0.42568362
ID85014,0.5447208
ID85015,0.47439906
ID85016,0.64711505
ID85017,0.10214178
ID85018,0.50961334
ID85019,0.08352323
ID85020,0.0248167
ID85021,0.49817398
ID85022,0.58811927
ID85023,0.39710334
ID85024,0.1226452
ID85025,0.4330724
ID85026,0.33646306
ID85027,0.49973932
ID85028,0.5522726
ID85029,0.6167597
ID85030,0.33189285
ID85031,0.043929953
ID85032,0.21509351
ID85033,0.2073272
ID85034,0.7835446
ID85035,0.62694764
ID85036,0.42249945
ID85037,0.35238293
ID85038,0.46582913
ID85039,0.4668212
ID85040,0.32816643
ID85041,0.59452504
ID85042,0.13587539
ID85043,0.27851158
ID85044,0.6191914
ID85045,0.5429987
ID85046,0.42235193
ID85047,0.39845195
ID85048,0.529949
ID85049,0.57621056
ID85050,0.41518098
ID85051,0.47251776
ID85052,0.5107238
ID85053,0.5712062
ID85054,0.14672656
ID85055,0.7309272
ID85056,0.27121142
ID85057,0.66192967
ID85058,0.50240874
ID85059,0.33381218
ID85060,0.30516958
ID85061,0.18296531
ID85062,0.05705536
ID85063,0.26049703
ID85064,0.5728929
ID85065,0.25235882
ID85066,0.36101535
ID85067,0.06734485
ID85068,0.45854267
ID85069,0.5036825
ID85070,0.40940857
ID85071,0.46502653
ID85072,0.07436811
ID85073,0.50342166
ID85074,0.53065366
ID85075,0.63228303
ID85076,0.51622665
ID85077,0.3759293
ID85078,0.4135805
ID85079,0.062430743
ID85080,0.28282622
ID85081,0.4698338
ID85082,0.31785697
ID85083,0.4605955
ID85084,0.49983758
ID85085,0.6189594
ID85086,0.53709847
ID85087,0.037741788
ID85088,0.38974518
ID85089,0.084347576
ID85090,0.4685076
ID85091,0.5641174
ID85092,0.6397032
ID85093,0.61835206
ID85094,0.29999685
ID85095,0.17419581
ID85096,0.4528857
ID85097,0.36934838
ID85098,0.31657717
ID85099,0.25477928
ID85100,0.3639884
ID85101,0.6773451
ID85102,0.5120717
ID85103,0.5686549
ID85104,0.3030517
ID85105,0.5041734
ID85106,0.48110574
ID85107,0.5692993
ID85108,0.5736562
ID85109,0.02172662
ID85110,0.60391676
ID85111,0.3469897
ID85112,0.55494165
ID85113,0.5220953
ID85114,0.35986114
ID85115,0.32559982
ID85116,0.23779665
ID85117,0.27838135
ID85118,0.373625
ID85119,0.21770547
ID85120,0.016131805
ID85121,0.45738423
ID85122,0.61097753
ID85123,0.12835394
ID85124,0.4493775
ID85125,0.55992496
ID85126,0.7021323
ID85127,0.5324356
ID85128,0.7776273
ID85129,0.50752
ID85130,0.29003444
ID85131,0.4520212
ID85132,0.535792
ID85133,0.5591787
ID85134,0.5590571
ID85135,0.28252718
ID85136,0.49086553
ID85137,0.41922113
ID85138,0.21708532
ID85139,0.69933313
ID85140,0.5827742
ID85141,0.5474925
ID85142,0.4652601
ID85143,0.08509436
ID85144,0.49376372
ID85145,0.54715663
ID85146,0.58441836
ID85147,0.61509603
ID85148,0.48629498
ID85149,0.61496645
ID85150,0.268549
ID85151,0.16902684
ID85152,0.5514102
ID85153,0.5708508
ID85154,0.23083733
ID85155,0.5821255
ID85156,0.054312475
ID85157,0.07584481
ID85158,0.41848606
ID85159,0.2818892
ID85160,0.37084985
ID85161,0.24785462
ID85162,0.25247398
ID85163,0.09831273
ID85164,0.4778274
ID85165,0.37683994
ID85166,0.13094322
ID85167,0.7390232
ID85168,0.53271466
ID85169,0.3068035
ID85170,0.40457943
ID85171,0.37974444
ID85172,0.11208169
ID85173,0.38207534
ID85174,0.31974897
ID85175,0.41388246
ID85176,0.6548435
ID85177,0.5743875
ID85178,0.54345596
ID85179,0.233961
ID85180,0.024868188
ID85181,0.68332475
ID85182,0.27391338
ID85183,0.56064767
ID85184,0.7215201
ID85185,0.05295948
ID85186,0.23481752
ID85187,0.36831143
ID85188,0.4098731
ID85189,0.30854902
ID85190,0.40426114
ID85191,0.06562293
ID85192,0.33129224
ID85193,0.5655614
ID85194,0.4858053
ID85195,0.13398217
ID85196,0.24141175
ID85197,0.57694817
ID85198,0.6833739
ID85199,0.31733555
ID85200,0.5525508
ID85201,0.5893567
ID85202,0.5977798
ID85203,0.6341572
ID85204,0.47454038
ID85205,0.123918995
ID85206,0.4214699
ID85207,0.3701676
ID85208,0.5511532
ID85209,0.23073491
ID85210,0.45173886
ID85211,0.6079082
ID85212,0.40789926
ID85213,0.073142394
ID85214,0.03196864
ID85215,0.4368309
ID85216,0.18800339
ID85217,0.33412212
ID85218,0.36159205
ID85219,0.37892509
ID85220,0.7147437
ID85221,0.5226011
ID85222,0.7143595
ID85223,0.549675
ID85224,0.2145987
ID85225,0.093321964
ID85226,0.4068653
ID85227,0.5737876
ID85228,0.23605256
ID85229,0.33217314
ID85230,0.5169763
ID85231,0.19611755
ID85232,0.52547693
ID85233,0.36980045
ID85234,0.6097676
ID85235,0.17301781
ID85236,0.28720438
ID85237,0.5859753
ID85238,0.6830523
ID85239,0.51200145
ID85240,0.5342607
ID85241,0.61890155
ID85242,0.49000195
ID85243,0.23305167
ID85244,0.13738197
ID85245,0.49054408
ID85246,0.5379102
ID85247,0.22645654
ID85248,0.28170136
ID85249,0.26970482
ID85250,0.650492
ID85251,0.47200269
ID85252,0.4298067
ID85253,0.557538
ID85254,0.56646675
ID85255,0.39430964
ID85256,0.39148942
ID85257,0.48100477
ID85258,0.35487196
ID85259,0.2045434
ID85260,0.60404336
ID85261,0.59653807
ID85262,0.54702693
ID85263,0.099596605
ID85264,0.69707066
ID85265,0.22680971
ID85266,0.04024163
ID85267,0.10765432
ID85268,0.57670945
ID85269,0.32585335
ID85270,0.5911351
ID85271,0.4115418
ID85272,0.40067306
ID85273,0.5243056
ID85274,0.46620482
ID85275,0.42649466
ID85276,0.532413
ID85277,0.31038544
ID85278,0.38361946
ID85279,0.24351849
ID85280,0.6236019
ID85281,0.3486513
ID85282,0.36323133
ID85283,0.584196
ID85284,0.48616523
ID85285,0.6923418
ID85286,0.5732055
ID85287,0.45162755
ID85288,0.4600212
ID85289,0.12533978
ID85290,0.30727017
ID85291,0.5366795
ID85292,0.62083304
ID85293,0.4224822
ID85294,0.22375579
ID85295,0.45719945
ID85296,0.273196
ID85297,0.50760037
ID85298,0.20512527
ID85299,0.51673174
ID85300,0.14979032
ID85301,0.49759632
ID85302,0.6157574
ID85303,0.5366547
ID85304,0.4381522
ID85305,0.35270965
ID85306,0.53775054
ID85307,0.19559415
ID85308,0.44372723
ID85309,0.47245178
ID85310,0.62655985
ID85311,0.16190083
ID85312,0.38894528
ID85313,0.71223545
ID85314,0.4642969
ID85315,0.30472857
ID85316,0.43121144
ID85317,0.49671927
ID85318,0.01297463
ID85319,0.57208127
ID85320,0.37202135
ID85321,0.109657206
ID85322,0.57493734
ID85323,0.47108507
ID85324,0.47166657
ID85325,0.69259
ID85326,0.19644193
ID85327,0.36760998
ID85328,0.6366431
ID85329,0.20247209
ID85330,0.5317441
ID85331,0.4561224
ID85332,0.2473552
ID85333,0.42513943
ID85334,0.11350995
ID85335,0.14191422
ID85336,0.28966597
ID85337,0.52027804
ID85338,0.2088696
ID85339,0.31606588
ID85340,0.1543728
ID85341,0.6165409
ID85342,0.5112263
ID85343,0.040408663
ID85344,0.691583
ID85345,0.55541265
ID85346,0.45021492
ID85347,0.03050816
ID85348,0.6094665
ID85349,0.2881161
ID85350,0.3402612
ID85351,0.31224966
ID85352,0.66057
ID85353,0.6398268
ID85354,0.5281041
ID85355,0.61733234
ID85356,0.4849781
ID85357,0.2717865
ID85358,0.07720026
ID85359,0.26860178
ID85360,0.5940628
ID85361,0.56742704
ID85362,0.33339745
ID85363,0.11609309
ID85364,0.5257148
ID85365,0.20580563
ID85366,0.25758395
ID85367,0.17641318
ID85368,0.44716176
ID85369,0.6574172
ID85370,0.53236496
ID85371,0.11202181
ID85372,0.6262225
ID85373,0.579047
ID85374,0.48844472
ID85375,0.43612564
ID85376,0.52180475
ID85377,0.38988253
ID85378,0.10708681
ID85379,0.32114664
ID85380,0.6617835
ID85381,0.46241155
ID85382,0.047426876
ID85383,0.38872668
ID85384,0.55223495
ID85385,0.45387375
ID85386,0.322667
ID85387,0.3511397
ID85388,0.34494653
ID85389,0.26598084
ID85390,0.55425286
ID85391,0.0890488
ID85392,0.6040264
ID85393,0.46735203
ID85394,0.68940365
ID85395,0.56238997
ID85396,0.55587596
ID85397,0.508824
ID85398,0.61906433
ID85399,0.59342
ID85400,0.60045654
ID85401,0.518308
ID85402,0.3323624
ID85403,0.45958987
ID85404,0.5740432
ID85405,0.2674324
ID85406,0.074500225
ID85407,0.17553549
ID85408,0.23843989
ID85409,0.35538498
ID85410,0.4457045
ID85411,0.59075725
ID85412,0.094680905
ID85413,0.52204454
ID85414,0.66071355
ID85415,0.64062554
ID85416,0.5901454
ID85417,0.38230053
ID85418,0.5293291
ID85419,0.4066841
ID85420,0.39598784
ID85421,0.42841437
ID85422,0.1319443
ID85423,0.16589369
ID85424,0.079463206
ID85425,0.57851326
ID85426,0.5545937
ID85427,0.5892028
ID85428,0.5757294
ID85429,0.2744171
ID85430,0.46492952
ID85431,0.098586
ID85432,0.12657386
ID85433,0.61869013
ID85434,0.5212278
ID85435,0.1741019
ID85436,0.39615068
ID85437,0.4289752
ID85438,0.59896415
ID85439,0.5897345
ID85440,0.559179
ID85441,0.6201945
ID85442,0.40174824
ID85443,0.28959227
ID85444,0.45338985
ID85445,0.3926914
ID85446,0.56956387
ID85447,0.61292094
ID85448,0.3736926
ID85449,0.17048562
ID85450,0.5305488
ID85451,0.6245311
ID85452,0.48626724
ID85453,0.6486317
ID85454,0.14631097
ID85455,0.6263961
ID85456,0.23443423
ID85457,0.21468782
ID85458,0.6215482
ID85459,0.5827274
ID85460,0.44792575
ID85461,0.21920228
ID85462,0.62196285
ID85463,0.247816
ID85464,0.23798598
ID85465,0.56447875
ID85466,0.21218242
ID85467,0.5246512
ID85468,0.6313404
ID85469,0.45865884
ID85470,0.42432028
ID85471,0.13100557
ID85472,0.48362213
ID85473,0.5845895
ID85474,0.14273892
ID85475,0.22814195
ID85476,0.633398
ID85477,0.24933003
ID85478,0.61431056
ID85479,0.42108172
ID85480,0.6016064
ID85481,0.11588505
ID85482,0.28472415
ID85483,0.63988256
ID85484,0.5658304
ID85485,0.44722542
ID85486,0.0138602
ID85487,0.30135813
ID85488,0.510695
ID85489,0.38330707
ID85490,0.5800673
ID85491,0.5875898
ID85492,0.40194014
ID85493,0.20908801
ID85494,0.53701806
ID85495,0.44272295
ID85496,0.20435295
ID85497,0.40933272
ID85498,0.56773883
ID85499,0.39086428
ID85500,0.4067944
ID85501,0.5707975
ID85502,0.5346554
ID85503,0.6971213
ID85504,0.7354227
ID85505,0.47650388
ID85506,0.34933522
ID85507,0.46516037
ID85508,0.39470118
ID85509,0.46813774
ID85510,0.47955048
ID85511,0.4558692
ID85512,0.39199054
ID85513,0.39289564
ID85514,0.5151726
ID85515,0.10652601
ID85516,0.6423747
ID85517,0.23534898
ID85518,0.10183573
ID85519,0.67128074
ID85520,0.5987387
ID85521,0.54941213
ID85522,0.18333451
ID85523,0.6678318
ID85524,0.26155326
ID85525,0.7776174
ID85526,0.7074535
ID85527,0.3948517
ID85528,0.16150449
ID85529,0.5384267
ID85530,0.4297263
ID85531,0.47383842
ID85532,0.12503572
ID85533,0.2675034
ID85534,0.6129476
ID85535,0.47797248
ID85536,0.5601812
ID85537,0.14411743
ID85538,0.3002375
ID85539,0.5291535
ID85540,0.5396497
ID85541,0.39108664
ID85542,0.42032054
ID85543,0.37512448
ID85544,0.64633965
ID85545,0.14706944
ID85546,0.723501
ID85547,0.14172827
ID85548,0.46854362
ID85549,0.6107774
ID85550,0.26989916
ID85551,0.61763406
ID85552,0.5924785
ID85553,0.5629277
ID85554,0.21192782
ID85555,0.1795881
ID85556,0.6272337
ID85557,0.3187557
ID85558,0.5939806
ID85559,0.6160319
ID85560,0.6553157
ID85561,0.34385583
ID85562,0.60996187
ID85563,0.53696376
ID85564,0.36086828
ID85565,0.361144
ID85566,0.5851615
ID85567,0.4786274
ID85568,0.4071316
ID85569,0.36667907
ID85570,0.64941895
ID85571,0.15280388
ID85572,0.2524293
ID85573,0.1399005
ID85574,0.5296544
ID85575,0.63596904
ID85576,0.49205646
ID85577,0.51575226
ID85578,0.4148842
ID85579,0.29327527
ID85580,0.7246978
ID85581,0.2567938
ID85582,0.18526009
ID85583,0.30951965
ID85584,0.28267804
ID85585,0.1900531
ID85586,0.40101966
ID85587,0.41173115
ID85588,0.491322
ID85589,0.5914136
ID85590,0.07234689
ID85591,0.10051984
ID85592,0.5166551
ID85593,0.51795566
ID85594,0.42743993
ID85595,0.5625242
ID85596,0.5480456
ID85597,0.432131
ID85598,0.027576981
ID85599,0.46815994
ID85600,0.587714
ID85601,0.265882
ID85602,0.5553194
ID85603,0.21398467
ID85604,0.56665325
ID85605,0.2700182
ID85606,0.033808865
ID85607,0.23217739
ID85608,0.30595124
ID85609,0.3818405
ID85610,0.4682555
ID85611,0.553889
ID85612,0.55298096
ID85613,0.4239239
ID85614,0.58722466
ID85615,0.39470783
ID85616,0.44162935
ID85617,0.4514654
ID85618,0.36083475
ID85619,0.594911
ID85620,0.4978517
ID85621,0.52703315
ID85622,0.49181062
ID85623,0.59019125
ID85624,0.16969751
ID85625,0.714258
ID85626,0.41631928
ID85627,0.13702227
ID85628,0.50023335
ID85629,0.5011465
ID85630,0.48415032
ID85631,0.030595511
ID85632,0.3075602
ID85633,0.713228
ID85634,0.6105726
ID85635,0.12757629
ID85636,0.23436637
ID85637,0.17441307
ID85638,0.58741033
ID85639,0.4345867
ID85640,0.67119175
ID85641,0.64549196
ID85642,0.2965739
ID85643,0.38786006
ID85644,0.1482527
ID85645,0.37479436
ID85646,0.1385103
ID85647,0.70549834
ID85648,0.6207881
ID85649,0.61774457
ID85650,0.022281714
ID85651,0.10671946
ID85652,0.5363151
ID85653,0.45211706
ID85654,0.32963648
ID85655,0.6433091
ID85656,0.080109864
ID85657,0.59064263
ID85658,0.30881444
ID85659,0.13226849
ID85660,0.43745357
ID85661,0.5299421
ID85662,0.17165133
ID85663,0.20925033
ID85664,0.53057045
ID85665,0.6354957
ID85666,0.6042395
ID85667,0.58342385
ID85668,0.3642487
ID85669,0.5095791
ID85670,0.30278867
ID85671,0.7181366
ID85672,0.5013792
ID85673,0.5554646
ID85674,0.27266735
ID85675,0.49265927
ID85676,0.21678132
ID85677,0.42684788
ID85678,0.5041213
ID85679,0.65693665
ID85680,0.43352804
ID85681,0.39290205
ID85682,0.39665967
ID85683,0.42582154
ID85684,0.21580474
ID85685,0.13606605
ID85686,0.5270693
ID85687,0.3684162
ID85688,0.31654483
ID85689,0.56406254
ID85690,0.3498707
ID85691,0.6599465
ID85692,0.7563581
ID85693,0.296421
ID85694,0.31357175
ID85695,0.45271832
ID85696,0.4721398
ID85697,0.5405841
ID85698,0.14892851
ID85699,0.39618555
ID85700,0.5504548
ID85701,0.65665793
ID85702,0.31504035
ID85703,0.27934775
ID85704,0.5738714
ID85705,0.007341051
ID85706,0.45142046
ID85707,0.4631543
ID85708,0.24953796
ID85709,0.3357932
ID85710,0.073700614
ID85711,0.5308136
ID85712,0.53197354
ID85713,0.47571716
ID85714,0.51790017
ID85715,0.33848453
ID85716,0.48516423
ID85717,0.3219662
ID85718,0.46590182
ID85719,0.079262756
ID85720,0.52667713
ID85721,0.39253986
ID85722,0.48572427
ID85723,0.1679037
ID85724,0.3209086
ID85725,0.31071746
ID85726,0.2434321
ID85727,0.3523396
ID85728,0.4304737
ID85729,0.44425884
ID85730,0.6772057
ID85731,0.4279309
ID85732,0.641509
ID85733,0.54477906
ID85734,0.39582452
ID85735,0.2673912
ID85736,0.56072134
ID85737,0.51825637
ID85738,0.22437702
ID85739,0.2901797
ID85740,0.36771512
ID85741,0.24018942
ID85742,0.46036923
ID85743,0.16215736
ID85744,0.48454916
ID85745,0.48389477
ID85746,0.5670815
ID85747,0.55368793
ID85748,0.6749854
ID85749,0.24103613
ID85750,0.62869835
ID85751,0.1301266
ID85752,0.44670942
ID85753,0.4373692
ID85754,0.34770164
ID85755,0.22071376
ID85756,0.55011463
ID85757,0.3643354
ID85758,0.5948734
ID85759,0.34795037
ID85760,0.17332532
ID85761,0.35896343
ID85762,0.57174456
ID85763,0.3276561
ID85764,0.30304036
ID85765,0.49279124
ID85766,0.34149164
ID85767,0.31935376
ID85768,0.43971425
ID85769,0.4961592
ID85770,0.08250147
ID85771,0.6250695
ID85772,0.6172291
ID85773,0.4501467
ID85774,0.44717678
ID85775,0.14643326
ID85776,0.57390696
ID85777,0.59672433
ID85778,0.3994611
ID85779,0.48848784
ID85780,0.18659316
ID85781,0.4482996
ID85782,0.53589064
ID85783,0.51004744
ID85784,0.34444737
ID85785,0.36024037
ID85786,0.484806
ID85787,0.57826704
ID85788,0.43714792
ID85789,0.31433052
ID85790,0.31730238
ID85791,0.43035904
ID85792,0.042107582
ID85793,0.361618
ID85794,0.41420332
ID85795,0.16019385
ID85796,0.25694925
ID85797,0.42965478
ID85798,0.54235744
ID85799,0.5455003
ID85800,0.37787408
ID85801,0.59541476
ID85802,0.23241726
ID85803,0.5269258
ID85804,0.42359138
ID85805,0.016179522
ID85806,0.1472141
ID85807,0.518639
ID85808,0.52359134
ID85809,0.5950707
ID85810,0.66574997
ID85811,0.6055472
ID85812,0.33015907
ID85813,0.51610696
ID85814,0.42250425
ID85815,0.3211887
ID85816,0.28256395
ID85817,0.11542402
ID85818,0.3814274
ID85819,0.06394462
ID85820,0.15359214
ID85821,0.21917391
ID85822,0.5173856
ID85823,0.60396725
ID85824,0.4795914
ID85825,0.53267306
ID85826,0.5274073
ID85827,0.661837
ID85828,0.35445732
ID85829,0.5171948
ID85830,0.37287372
ID85831,0.29345274
ID85832,0.13361692
ID85833,0.50518465
ID85834,0.09135746
ID85835,0.37540743
ID85836,0.53233033
ID85837,0.02794044
ID85838,0.48212454
ID85839,0.48352018
ID85840,0.3948943
ID85841,0.30627894
ID85842,0.5490346
ID85843,0.50213134
ID85844,0.5195373
ID85845,0.50803137
ID85846,0.5120262
ID85847,0.3472636
ID85848,0.5626663
ID85849,0.29605684
ID85850,0.5651476
ID85851,0.31179595
ID85852,0.659738
ID85853,0.67261744
ID85854,0.35672864
ID85855,0.025889166
ID85856,0.7102922
ID85857,0.33008552
ID85858,0.59664077
ID85859,0.42688596
ID85860,0.37959042
ID85861,0.60038376
ID85862,0.03601535
ID85863,0.2678373
ID85864,0.51108176
ID85865,0.052263867
ID85866,0.534721
ID85867,0.5048628
ID85868,0.15710504
ID85869,0.17354678
ID85870,0.3952046
ID85871,0.593813
ID85872,0.2710985
ID85873,0.18954511
ID85874,0.44060287
ID85875,0.7121191
ID85876,0.40543953
ID85877,0.57846665
ID85878,0.56297076
ID85879,0.43726936
ID85880,0.35670123
ID85881,0.7227574
ID85882,0.63961303
ID85883,0.24526274
ID85884,0.5096885
ID85885,0.5628173
ID85886,0.44264075
ID85887,0.4659382
ID85888,0.49972197
ID85889,0.47465175
ID85890,0.4113893
ID85891,0.41377518
ID85892,0.3470516
ID85893,0.40627745
ID85894,0.19819964
ID85895,0.49127528
ID85896,0.41502523
ID85897,0.17885177
ID85898,0.32666668
ID85899,0.11974927
ID85900,0.6369544
ID85901,0.3875333
ID85902,0.4846169
ID85903,0.48521796
ID85904,0.013405602
ID85905,0.3261617
ID85906,0.419379
ID85907,0.52163506
ID85908,0.6610601
ID85909,0.35376146
ID85910,0.1940999
ID85911,0.6414172
ID85912,0.61491793
ID85913,0.40327954
ID85914,0.32057893
ID85915,0.5252469
ID85916,0.59975487
ID85917,0.53314656
ID85918,0.22299647
ID85919,0.6332527
ID85920,0.26657447
ID85921,0.25726235
ID85922,0.5616553
ID85923,0.30516958
ID85924,0.37972224
ID85925,0.4824085
ID85926,0.5256405
ID85927,0.43046817
ID85928,0.21400082
ID85929,0.53923804
ID85930,0.69635594
ID85931,0.50422347
ID85932,0.076071076
ID85933,0.07286606
ID85934,0.15196835
ID85935,0.57521534
ID85936,0.44267723
ID85937,0.46279258
ID85938,0.5837312
ID85939,0.49672133
ID85940,0.46036428
ID85941,0.37289554
ID85942,0.409477
ID85943,0.11879299
ID85944,0.1572631
ID85945,0.37563422
ID85946,0.42395955
ID85947,0.27500018
ID85948,0.54223144
ID85949,0.7270098
ID85950,0.38303757
ID85951,0.19502081
ID85952,0.35834125
ID85953,0.29143038
ID85954,0.5326921
ID85955,0.21244013
ID85956,0.3597267
ID85957,0.51662445
ID85958,0.5871222
ID85959,0.5129792
ID85960,0.55635595
ID85961,0.4987252
ID85962,0.7120033
ID85963,0.59061366
ID85964,0.23747474
ID85965,0.6547428
ID85966,0.06656232
ID85967,0.69965124
ID85968,0.2526786
ID85969,0.42658257
ID85970,0.5553219
ID85971,0.009940768
ID85972,0.60310477
ID85973,0.22569351
ID85974,0.23961747
ID85975,0.3331401
ID85976,0.14690825
ID85977,0.65377855
ID85978,0.23858917
ID85979,0.5808231
ID85980,0.3356433
ID85981,0.44224694
ID85982,0.38344878
ID85983,0.6679659
ID85984,0.54475456
ID85985,0.79049367
ID85986,0.17495137
ID85987,0.26952136
ID85988,0.39794916
ID85989,0.05055595
ID85990,0.41629177
ID85991,0.56765145
ID85992,0.0024087548
ID85993,0.33609095
ID85994,0.10541346
ID85995,0.6263302
ID85996,0.5392137
ID85997,0.5556034
ID85998,0.4014618
ID85999,0.6506995
ID86000,0.37277168
ID86001,0.31459326
ID86002,0.17270581
ID86003,0.44818175
ID86004,0.21420336
ID86005,0.5473598
ID86006,0.36415482
ID86007,0.52747166
ID86008,0.58252686
ID86009,0.3145179
ID86010,0.30656824
ID86011,0.4009003
ID86012,0.24886656
ID86013,0.28500143
ID86014,0.7067954
ID86015,0.5052765
ID86016,0.32018816
ID86017,0.30393717
ID86018,0.5707092
ID86019,0.5705293
ID86020,0.54631567
ID86021,0.3856832
ID86022,0.48291698
ID86023,0.043570276
ID86024,0.4346104
ID86025,0.6408941
ID86026,0.04371232
ID86027,0.2990964
ID86028,0.40204963
ID86029,0.17897864
ID86030,0.5229143
ID86031,0.39701796
ID86032,0.22261012
ID86033,0.37699163
ID86034,0.5392524
ID86035,0.58515304
ID86036,0.5621679
ID86037,0.14986147
ID86038,0.19473906
ID86039,0.11571661
ID86040,0.1530833
ID86041,0.69803536
ID86042,0.50263584
ID86043,0.27030396
ID86044,0.45247287
ID86045,0.6306668
ID86046,0.6231819
ID86047,0.18873222
ID86048,0.51968664
ID86049,0.06689282
ID86050,0.5881179
ID86051,0.025174038
ID86052,0.45121977
ID86053,0.64807516
ID86054,0.10171965
ID86055,0.2539976
ID86056,0.3746427
ID86057,0.54982513
ID86058,0.62895834
ID86059,0.54048556
ID86060,0.10325743
ID86061,0.053538404
ID86062,0.39294213
ID86063,0.37832418
ID86064,0.20079139
ID86065,0.29657114
ID86066,0.50156474
ID86067,0.36861995
ID86068,0.23278598
ID86069,0.5435894
ID86070,0.60857433
ID86071,0.5623158
ID86072,0.53397804
ID86073,0.14900471
ID86074,0.546276
ID86075,0.22298215
ID86076,0.35620144
ID86077,0.51600075
ID86078,0.49160817
ID86079,0.5930149
ID86080,0.32325658
ID86081,0.31268552
ID86082,0.42824686
ID86083,0.27106848
ID86084,0.121285476
ID86085,0.46513152
ID86086,0.2985642
ID86087,0.35056242
ID86088,0.26043105
ID86089,0.5596268
ID86090,0.6153941
ID86091,0.43424016
ID86092,0.017781507
ID86093,0.44106507
ID86094,0.44177336
ID86095,0.5974411
ID86096,0.3472828
ID86097,0.4126008
ID86098,0.41141775
ID86099,0.5681334
ID86100,0.14892615
ID86101,0.3891417
ID86102,0.3864857
ID86103,0.13730559
ID86104,0.65574384
ID86105,0.38902834
ID86106,0.29139647
ID86107,0.515122
ID86108,0.600151
ID86109,0.6378128
ID86110,0.49104437
ID86111,0.13792722
ID86112,0.36989272
ID86113,0.66245
ID86114,0.5284456
ID86115,0.1321867
ID86116,0.2810067
ID86117,0.4160351
ID86118,0.1799784
ID86119,0.20838241
ID86120,0.4457077
ID86121,0.07410078
ID86122,0.43512383
ID86123,0.13602668
ID86124,0.47968793
ID86125,0.5398091
ID86126,0.6020286
ID86127,0.21397702
ID86128,0.2999327
ID86129,0.40079477
ID86130,0.2856601
ID86131,0.6268951
ID86132,0.5712969
ID86133,0.38706404
ID86134,0.42517006
ID86135,0.4404957
ID86136,0.35277712
ID86137,0.54555774
ID86138,0.29818007
ID86139,0.14316013
ID86140,0.68152124
ID86141,0.3341209
ID86142,0.62276167
ID86143,0.26848525
ID86144,0.7357534
ID86145,0.26539633
ID86146,0.42485267
ID86147,0.22212863
ID86148,0.49182865
ID86149,0.7114613
ID86150,0.19978209
ID86151,0.60817677
ID86152,0.19585711
ID86153,0.44342285
ID86154,0.40937126
ID86155,0.6004651
ID86156,0.60855293
ID86157,0.4309577
ID86158,0.7113656
ID86159,0.4329835
ID86160,0.44872725
ID86161,0.5060178
ID86162,0.7122472
ID86163,0.65956604
ID86164,0.5139509
ID86165,0.40635094
ID86166,0.39242643
ID86167,0.5041974
ID86168,0.24206965
ID86169,0.2427466
ID86170,0.17481238
ID86171,0.562439
ID86172,0.38950214
ID86173,0.5302776
ID86174,0.49796826
ID86175,0.5995736
ID86176,0.623208
ID86177,0.49722975
ID86178,0.21341516
ID86179,0.6234332
ID86180,0.25459492
ID86181,0.58252597
ID86182,0.47867805
ID86183,0.6029682
ID86184,0.22594744
ID86185,0.28357401
ID86186,0.2502597
ID86187,0.14804019
ID86188,0.7064783
ID86189,0.29358009
ID86190,0.4188196
ID86191,0.679653
ID86192,0.32277814
ID86193,0.29895192
ID86194,0.430454
ID86195,0.3686853
ID86196,0.33234566
ID86197,0.49693698
ID86198,0.256976
ID86199,0.6890581
ID86200,0.71528
ID86201,0.27842966
ID86202,0.544876
ID86203,0.2469077
ID86204,0.41325247
ID86205,0.7181366
ID86206,0.30582803
ID86207,0.1470572
ID86208,0.5246782
ID86209,0.5046151
ID86210,0.2573058
ID86211,0.40274286
ID86212,0.56367415
ID86213,0.5491291
ID86214,0.619531
ID86215,0.64135724
ID86216,0.14926524
ID86217,0.20075367
ID86218,0.23421775
ID86219,0.47888592
ID86220,0.57864404
ID86221,0.48653778
ID86222,0.37256786
ID86223,0.55063087
ID86224,0.29281834
ID86225,0.53388065
ID86226,0.06492335
ID86227,0.7453214
ID86228,0.4165572
ID86229,0.51292336
ID86230,0.5228976
ID86231,0.20097294
ID86232,0.6249298
ID86233,0.52835274
ID86234,0.07365764
ID86235,0.21950845
ID86236,0.27563015
ID86237,0.09315502
ID86238,0.5491114
ID86239,0.7087103
ID86240,0.43946716
ID86241,0.64822406
ID86242,0.29580143
ID86243,0.6215413
ID86244,0.49112722
ID86245,0.26999256
ID86246,0.4112941
ID86247,0.57923925
ID86248,0.3829431
ID86249,0.7795734
ID86250,0.67329395
ID86251,0.3422839
ID86252,0.37775314
ID86253,0.6591298
ID86254,0.007087628
ID86255,0.6100166
ID86256,0.6357108
ID86257,0.12718284
ID86258,0.28574708
ID86259,0.08007826
ID86260,0.4317531
ID86261,0.26781708
ID86262,0.19924372
ID86263,0.5002573
ID86264,0.53668094
ID86265,0.594143
ID86266,0.60749406
ID86267,0.25892344
ID86268,0.17065255
ID86269,0.52199703
ID86270,0.5621805
ID86271,0.6057951
ID86272,0.6673818
ID86273,0.14681202
ID86274,0.32578644
ID86275,0.6895039
ID86276,0.34047577
ID86277,0.46296647
ID86278,0.3126278
ID86279,0.546603
ID86280,0.47760227
ID86281,0.35079974
ID86282,0.65451145
ID86283,0.21588422
ID86284,0.27390727
ID86285,0.5931054
ID86286,0.43299234
ID86287,0.17174219
ID86288,0.526536
ID86289,0.34160706
ID86290,0.5254809
ID86291,0.42876816
ID86292,0.32546145
ID86293,0.23633552
ID86294,0.088873446
ID86295,0.31524348
ID86296,0.27005738
ID86297,0.59463286
ID86298,0.38145733
ID86299,0.25294137
ID86300,0.5986353
ID86301,0.5562247
ID86302,0.38375878
ID86303,0.009054977
ID86304,0.53698146
ID86305,0.13416128
ID86306,0.49428433
ID86307,0.48766893
ID86308,0.2908771
ID86309,0.6588445
ID86310,0.6683086
ID86311,0.5208795
ID86312,0.177803
ID86313,0.59993637
ID86314,0.26277462
ID86315,0.49268207
ID86316,0.28855196
ID86317,0.16143845
ID86318,0.09608504
ID86319,0.6059932
ID86320,0.45396698
ID86321,0.3989928
ID86322,0.3567295
ID86323,0.07858833
ID86324,0.25273684
ID86325,0.4459591
ID86326,0.5983886
ID86327,0.47737917
ID86328,0.17458022
ID86329,0.32882008
ID86330,0.60876244
ID86331,0.68676513
ID86332,0.03395208
ID86333,0.6079316
ID86334,0.3663076
ID86335,0.2174079
ID86336,0.4063348
ID86337,0.43454555
ID86338,0.45077965
ID86339,0.52295667
ID86340,0.04714985
ID86341,0.672816
ID86342,0.651251
ID86343,0.6549307
ID86344,0.63549876
ID86345,0.44362894
ID86346,0.59863555
ID86347,0.23690224
ID86348,0.62641865
ID86349,0.19354829
ID86350,0.4859177
ID86351,0.75373703
ID86352,0.4730334
ID86353,0.5915834
ID86354,0.2427466
ID86355,0.70353013
ID86356,0.50822115
ID86357,0.3059299
ID86358,0.4120152
ID86359,0.66629356
ID86360,0.3120206
ID86361,0.29808182
ID86362,0.20204614
ID86363,0.6212979
ID86364,0.43141395
ID86365,0.6603089
ID86366,0.5293779
ID86367,0.57148415
ID86368,0.41450566
ID86369,0.46653557
ID86370,0.74716234
ID86371,0.24119318
ID86372,0.5303436
ID86373,0.20533141
ID86374,0.44671905
ID86375,0.36732322
ID86376,0.28511098
ID86377,0.33245263
ID86378,0.6090086
ID86379,0.7043387
ID86380,0.5666564
ID86381,0.24344699
ID86382,0.5706737
ID86383,0.37077558
ID86384,0.57315147
ID86385,0.12015571
ID86386,0.17874505
ID86387,0.59937716
ID86388,0.5811967
ID86389,0.48913196
ID86390,0.58590394
ID86391,0.3407248
ID86392,0.67654234
ID86393,0.4274516
ID86394,0.5193993
ID86395,0.3275092
ID86396,0.30561575
ID86397,0.6236687
ID86398,0.4303909
ID86399,0.3559935
ID86400,0.5856924
ID86401,0.46278146
ID86402,0.5190355
ID86403,0.59703356
ID86404,0.3372201
ID86405,0.60944015
ID86406,0.56208736
ID86407,0.4258355
ID86408,0.59056455
ID86409,0.1919782
ID86410,0.40244204
ID86411,0.6443521
ID86412,0.5470891
ID86413,0.7105329
ID86414,0.3196153
ID86415,0.5151084
ID86416,0.5122514
ID86417,0.3002716
ID86418,0.70086557
ID86419,0.30284625
ID86420,0.13446786
ID86421,0.5530994
ID86422,0.5899435
ID86423,0.63458586
ID86424,0.22010763
ID86425,0.1430314
ID86426,0.027332097
ID86427,0.32127383
ID86428,0.1670987
ID86429,0.46155262
ID86430,0.13244268
ID86431,0.20035638
ID86432,0.20561239
ID86433,0.4835834
ID86434,0.12438078
ID86435,0.7386454
ID86436,0.5998924
ID86437,0.31106278
ID86438,0.4639539
ID86439,0.44971222
ID86440,0.48376718
ID86441,0.4400634
ID86442,0.60351175
ID86443,0.6379535
ID86444,0.3396536
ID86445,0.45797825
ID86446,0.47788408
ID86447,0.3874701
ID86448,0.50098705
ID86449,0.24738495
ID86450,0.58491683
ID86451,0.47565302
ID86452,0.5860612
ID86453,0.4099109
ID86454,0.5795852
ID86455,0.25074667
ID86456,0.1209421
ID86457,0.5378813
ID86458,0.29284427
ID86459,0.14926092
ID86460,0.619186
ID86461,0.5620332
ID86462,0.2822282
ID86463,0.7323921
ID86464,0.47247732
ID86465,0.35957688
ID86466,0.5925371
ID86467,0.34007186
ID86468,0.5661534
ID86469,0.52381754
ID86470,0.44663912
ID86471,0.5262894
ID86472,0.38720816
ID86473,0.077769466
ID86474,0.51800656
ID86475,0.44612092
ID86476,0.05355015
ID86477,0.5625549
ID86478,0.22455549
ID86479,0.54501235
ID86480,0.6470306
ID86481,0.15936445
ID86482,0.5361293
ID86483,0.21370828
ID86484,0.3583527
ID86485,0.59757584
ID86486,0.54087967
ID86487,0.532765
ID86488,0.6655841
ID86489,0.63873357
ID86490,0.47034195
ID86491,0.55665714
ID86492,0.36673993
ID86493,0.54768777
ID86494,0.7364461
ID86495,0.39302266
ID86496,0.57387424
ID86497,0.6416205
ID86498,0.33075592
ID86499,0.27361345
ID86500,0.30726948
ID86501,0.2900182
ID86502,0.2920343
ID86503,0.32302868
ID86504,0.3984832
ID86505,0.3717588
ID86506,0.2720411
ID86507,0.323022
ID86508,0.19740865
ID86509,0.19735679
ID86510,0.54236364
ID86511,0.4753251
ID86512,0.34124592
ID86513,0.18597104
ID86514,0.75869673
ID86515,0.18403764
ID86516,0.37233984
ID86517,0.57216406
ID86518,0.5235731
ID86519,0.27579206
ID86520,0.62376004
ID86521,0.6230899
ID86522,0.343699
ID86523,0.38792902
ID86524,0.5750371
ID86525,0.13666122
ID86526,0.5247892
ID86527,0.56390965
ID86528,0.66333055
ID86529,0.62449855
ID86530,0.5550475
ID86531,0.47053313
ID86532,0.47895476
ID86533,0.3759402
ID86534,0.2791198
ID86535,0.1895919
ID86536,0.048816822
ID86537,0.45103604
ID86538,0.28826177
ID86539,0.62806684
ID86540,0.31847763
ID86541,0.576245
ID86542,0.38770658
ID86543,0.6073351
ID86544,0.35934174
ID86545,0.5695375
ID86546,0.2555687
ID86547,0.7555735
ID86548,0.6129161
ID86549,0.4625925
ID86550,0.47736457
ID86551,0.47216442
ID86552,0.40329143
ID86553,0.62647533
ID86554,0.26759425
ID86555,0.26704052
ID86556,0.65990645
ID86557,0.4423162
ID86558,0.4695423
ID86559,0.5816707
ID86560,0.55152726
ID86561,0.7768
ID86562,0.5925467
ID86563,0.32130477
ID86564,0.37201625
ID86565,0.25225592
ID86566,0.4971496
ID86567,0.26467678
ID86568,0.14392313
ID86569,0.4746956
ID86570,0.53154266
ID86571,0.33396807
ID86572,0.57558596
ID86573,0.61206114
ID86574,0.56324863
ID86575,0.47565252
ID86576,0.61224645
ID86577,0.7418809
ID86578,0.33983165
ID86579,0.5545218
ID86580,0.40593308
ID86581,0.20536496
ID86582,0.4381945
ID86583,0.7258497
ID86584,0.41582108
ID86585,0.43584284
ID86586,0.5453499
ID86587,0.24881463
ID86588,0.15890741
ID86589,0.57351303
ID86590,0.39752126
ID86591,0.6108078
ID86592,0.080870725
ID86593,0.64942676
ID86594,0.27834103
ID86595,0.5009255
ID86596,0.4470482
ID86597,0.16217619
ID86598,0.55384284
ID86599,0.63423246
ID86600,0.6237176
ID86601,0.31005815
ID86602,0.59617865
ID86603,0.46341467
ID86604,0.04895778
ID86605,0.25928637
ID86606,0.38747537
ID86607,0.75175834
ID86608,0.65218145
ID86609,0.3646846
ID86610,0.086584784
ID86611,0.55200154
ID86612,0.33154735
ID86613,0.30077794
ID86614,0.4783958
ID86615,0.4538041
ID86616,0.47789747
ID86617,0.36459497
ID86618,0.44622135
ID86619,0.46892643
ID86620,0.61947495
ID86621,0.18675849
ID86622,0.39965415
ID86623,0.7329684
ID86624,0.6769659
ID86625,0.62130016
ID86626,0.20227253
ID86627,0.7580483
ID86628,0.76436746
ID86629,0.29215708
ID86630,0.30617657
ID86631,0.2723374
ID86632,0.088754095
ID86633,0.17678453
ID86634,0.52967286
ID86635,0.2279203
ID86636,0.4836468
ID86637,0.23028263
ID86638,0.16484529
ID86639,0.2569935
ID86640,0.31629106
ID86641,0.08283668
ID86642,0.21529058
ID86643,0.019024141
ID86644,0.32397285
ID86645,0.14389423
ID86646,0.53758436
ID86647,0.39344436
ID86648,0.63229734
ID86649,0.2558749
ID86650,0.45022005
ID86651,0.4021365
ID86652,0.22517398
ID86653,0.49095142
ID86654,0.25364953
ID86655,0.54626614
ID86656,0.42935836
ID86657,0.6815411
ID86658,0.5978806
ID86659,0.3001325
ID86660,0.63850504
ID86661,0.5221618
ID86662,0.42058364
ID86663,0.07567688
ID86664,0.42811885
ID86665,0.48139045
ID86666,0.2624869
ID86667,0.5226328
ID86668,0.61916286
ID86669,0.38989246
ID86670,0.4993464
ID86671,0.6380679
ID86672,0.49768263
ID86673,0.28441545
ID86674,0.34613293
ID86675,0.2648145
ID86676,0.14476511
ID86677,0.32353383
ID86678,0.2571938
ID86679,0.3010804
ID86680,0.078791186
ID86681,0.59079766
ID86682,0.08691083
ID86683,0.36667198
ID86684,0.49656844
ID86685,0.3356167
ID86686,0.28473344
ID86687,0.50848037
ID86688,0.06273609
ID86689,0.19865601
ID86690,0.504316
ID86691,0.61049306
ID86692,0.6344653
ID86693,0.33490852
ID86694,0.6739566
ID86695,0.2086254
ID86696,0.4626024
ID86697,0.3103675
ID86698,0.3679338
ID86699,0.5098618
ID86700,0.7354916
ID86701,0.26952016
ID86702,0.61343795
ID86703,0.47336853
ID86704,0.34654865
ID86705,0.6157089
ID86706,0.64452946
ID86707,0.5310905
ID86708,0.04433486
ID86709,0.5175946
ID86710,0.30361742
ID86711,0.74095196
ID86712,0.47827116
ID86713,0.14223246
ID86714,0.22630897
ID86715,0.3055512
ID86716,0.4195628
ID86717,0.46275276
ID86718,0.18781196
ID86719,0.5874766
ID86720,0.68562645
ID86721,0.27765408
ID86722,0.60550034
ID86723,0.25245634
ID86724,0.5305488
ID86725,0.7183595
ID86726,0.50469273
ID86727,0.30668256
ID86728,0.1999411
ID86729,0.5279044
ID86730,0.00868262
ID86731,0.5077947
ID86732,0.6344922
ID86733,0.26256633
ID86734,0.60089266
ID86735,0.44205663
ID86736,0.74940217
ID86737,0.6408204
ID86738,0.58126026
ID86739,0.46956733
ID86740,0.14362352
ID86741,0.27126145
ID86742,0.46335834
ID86743,0.7342922
ID86744,0.41057503
ID86745,0.32088143
ID86746,0.64936346
ID86747,0.63290006
ID86748,0.32088637
ID86749,0.7767241
ID86750,0.28053075
ID86751,0.41213763
ID86752,0.54819334
ID86753,0.55408645
ID86754,0.48226377
ID86755,0.49522376
ID86756,0.49131855
ID86757,0.12164195
ID86758,0.62408966
ID86759,0.63025516
ID86760,0.7221506
ID86761,0.6135105
ID86762,0.41576493
ID86763,0.63370275
ID86764,0.102551416
ID86765,0.061829727
ID86766,0.47145233
ID86767,0.56442857
ID86768,0.44758737
ID86769,0.13923235
ID86770,0.20092775
ID86771,0.7338122
ID86772,0.64891213
ID86773,0.03870816
ID86774,0.6239887
ID86775,0.5264619
ID86776,0.6222877
ID86777,0.5254459
ID86778,0.33209532
ID86779,0.0069165733
ID86780,0.34329695
ID86781,0.48706815
ID86782,0.57468814
ID86783,0.6205215
ID86784,0.60948056
ID86785,0.43578118
ID86786,0.19038633
ID86787,0.12507589
ID86788,0.56507254
ID86789,0.5264619
ID86790,0.4139728
ID86791,0.56478405
ID86792,0.5086554
ID86793,0.44564113
ID86794,0.48241147
ID86795,0.4621293
ID86796,0.2799354
ID86797,0.4703658
ID86798,0.3233664
ID86799,0.6045124
ID86800,0.08593983
ID86801,0.1877581
ID86802,0.3805078
ID86803,0.58023274
ID86804,0.37319657
ID86805,0.28641328
ID86806,0.558178
ID86807,0.44671598
ID86808,0.46978453
ID86809,0.61263144
ID86810,0.56875485
ID86811,0.5903534
ID86812,0.103719875
ID86813,0.63685167
ID86814,0.38005558
ID86815,0.70200056
ID86816,0.50605536
ID86817,0.48365405
ID86818,0.45907068
ID86819,0.27032414
ID86820,0.32975408
ID86821,0.37249902
ID86822,0.6282012
ID86823,0.5952082
ID86824,0.11045745
ID86825,0.44867504
ID86826,0.4807216
ID86827,0.5248996
ID86828,0.12972131
ID86829,0.56819063
ID86830,0.3781246
ID86831,0.6136809
ID86832,0.28831765
ID86833,0.58210146
ID86834,0.5070869
ID86835,0.5360459
ID86836,0.20016517
ID86837,0.26544762
ID86838,0.5875051
ID86839,0.17764466
ID86840,0.7301371
ID86841,0.6617974
ID86842,0.19488314
ID86843,0.044500113
ID86844,0.5492353
ID86845,0.41429514
ID86846,0.41029966
ID86847,0.6451742
ID86848,0.7338741
ID86849,0.642513
ID86850,0.43433756
ID86851,0.65967625
ID86852,0.41470543
ID86853,0.5305382
ID86854,0.074614756
ID86855,0.38156632
ID86856,0.58112776
ID86857,0.538086
ID86858,0.5185862
ID86859,0.56601584
ID86860,0.21422315
ID86861,0.12006867
ID86862,0.53366226
ID86863,0.6105532
ID86864,0.65686643
ID86865,0.58052194
ID86866,0.59297615
ID86867,0.1614376
ID86868,0.2270925
ID86869,0.35187787
ID86870,0.3099914
ID86871,0.50633335
ID86872,0.39998072
ID86873,0.017520217
ID86874,0.30932277
ID86875,0.57282627
ID86876,0.23025313
ID86877,0.68410873
ID86878,0.57478744
ID86879,0.6592376
ID86880,0.42524332
ID86881,0.548762
ID86882,0.22322091
ID86883,0.5683162
ID86884,0.44575083
ID86885,0.5868334
ID86886,0.41855872
ID86887,0.31226614
ID86888,0.63479644
ID86889,0.68062586
ID86890,0.66924995
ID86891,0.5155728
ID86892,0.49787492
ID86893,0.29960963
ID86894,0.647175
ID86895,0.14733423
ID86896,0.658795
ID86897,0.54599404
ID86898,0.5367658
ID86899,0.22325161
ID86900,0.057004586
ID86901,0.2171003
ID86902,0.17215575
ID86903,0.47530347
ID86904,0.6353463
ID86905,0.27271062
ID86906,0.2660851
ID86907,0.6688197
ID86908,0.09745325
ID86909,0.33931214
ID86910,0.5649565
ID86911,0.5668195
ID86912,0.18842418
ID86913,0.60865045
ID86914,0.41297233
ID86915,0.6988689
ID86916,0.44107547
ID86917,0.40591434
ID86918,0.30976784
ID86919,0.16208495
ID86920,0.6143766
ID86921,0.55918753
ID86922,0.2958284
ID86923,0.06761658
ID86924,0.3498832
ID86925,0.55994844
ID86926,0.24089363
ID86927,0.31841305
ID86928,0.6673117
ID86929,0.3201526
ID86930,0.48804936
ID86931,0.5802784
ID86932,0.09189083
ID86933,0.01681006
ID86934,0.22358163
ID86935,0.44098923
ID86936,0.60271305
ID86937,0.16417816
ID86938,0.58724874
ID86939,0.58671045
ID86940,0.3253375
ID86941,0.52967286
ID86942,0.4444774
ID86943,0.4618602
ID86944,0.7342126
ID86945,0.25123638
ID86946,0.3574109
ID86947,0.17044155
ID86948,0.3136177
ID86949,0.6338534
ID86950,0.5175369
ID86951,0.08730984
ID86952,0.6290417
ID86953,0.36121953
ID86954,0.110645905
ID86955,0.23173083
ID86956,0.21590652
ID86957,0.22983691
ID86958,0.6338636
ID86959,0.29160532
ID86960,0.32842538
ID86961,0.50965357
ID86962,0.48095635
ID86963,0.5619055
ID86964,0.29335612
ID86965,0.57808334
ID86966,0.6477025
ID86967,0.28615874
ID86968,0.38034308
ID86969,0.64087397
ID86970,0.28735855
ID86971,0.15680718
ID86972,0.105091415
ID86973,0.449732
ID86974,0.082701996
ID86975,0.5557769
ID86976,0.17237309
ID86977,0.49053627
ID86978,0.5781482
ID86979,0.49024296
ID86980,0.16935676
ID86981,0.2235295
ID86982,0.6680378
ID86983,0.32073063
ID86984,0.13808076
ID86985,0.5105308
ID86986,0.6432194
ID86987,0.10699544
ID86988,0.2544989
ID86989,0.488428
ID86990,0.3198854
ID86991,0.3691361
ID86992,0.0599694
ID86993,0.08759613
ID86994,0.33112195
ID86995,0.7863868
ID86996,0.39579347
ID86997,0.3241
ID86998,0.3637932
ID86999,0.26293364
ID87000,0.16951866
ID87001,0.4544612
ID87002,0.43925697
ID87003,0.32073063
ID87004,0.3922798
ID87005,0.5693301
ID87006,0.34854943
ID87007,0.51756305
ID87008,0.52162874
ID87009,0.57735074
ID87010,0.13744628
ID87011,0.3471626
ID87012,0.58633554
ID87013,0.14249957
ID87014,0.6961909
ID87015,0.44575813
ID87016,0.5937898
ID87017,0.6746693
ID87018,0.52432394
ID87019,0.21515146
ID87020,0.12910843
ID87021,0.60001206
ID87022,0.10136854
ID87023,0.6263283
ID87024,0.16560055
ID87025,0.6652364
ID87026,0.2448615
ID87027,0.30838558
ID87028,0.49773148
ID87029,0.10682
ID87030,0.11106085
ID87031,0.6111899
ID87032,0.121470235
ID87033,0.40874204
ID87034,0.5684733
ID87035,0.33569956
ID87036,0.054434024
ID87037,0.54245055
ID87038,0.3164293
ID87039,0.030284364
ID87040,0.30333135
ID87041,0.65248233
ID87042,0.3308037
ID87043,0.32267198
ID87044,0.5172761
ID87045,0.4005025
ID87046,0.1705103
ID87047,0.44716766
ID87048,0.40172634
ID87049,0.107919924
ID87050,0.107084386
ID87051,0.63809776
ID87052,0.33113515
ID87053,0.52025867
ID87054,0.5651822
ID87055,0.36319584
ID87056,0.51420367
ID87057,0.17000856
ID87058,0.48391217
ID87059,0.15470229
ID87060,0.6194236
ID87061,0.3456261
ID87062,0.5900453
ID87063,0.60811937
ID87064,0.36418626
ID87065,0.62408966
ID87066,0.49889037
ID87067,0.52767664
ID87068,0.46362108
ID87069,0.639655
ID87070,0.19278255
ID87071,0.28433225
ID87072,0.52989864
ID87073,0.28895947
ID87074,0.5624149
ID87075,0.28044266
ID87076,0.50297374
ID87077,0.31255957
ID87078,0.5462349
ID87079,0.3878874
ID87080,0.38175336
ID87081,0.30095404
ID87082,0.32777038
ID87083,0.36574733
ID87084,0.6028744
ID87085,0.5542446
ID87086,0.44026437
ID87087,0.122424446
ID87088,0.46183345
ID87089,0.40877223
ID87090,0.38417134
ID87091,0.46522233
ID87092,0.4507144
ID87093,0.12044693
ID87094,0.26205742
ID87095,0.015682135
ID87096,0.40763396
ID87097,0.3456604
ID87098,0.58177847
ID87099,0.5835555
ID87100,0.4226629
ID87101,0.11880438
ID87102,0.14337671
ID87103,0.50811964
ID87104,0.46469566
ID87105,0.5731726
ID87106,0.7019689
ID87107,0.48951614
ID87108,0.20033872
ID87109,0.47508132
ID87110,0.6415583
ID87111,0.49481556
ID87112,0.18643843
ID87113,0.18862434
ID87114,0.5477775
ID87115,0.40539223
ID87116,0.17698115
ID87117,0.3196826
ID87118,0.5320275
ID87119,0.40192926
ID87120,0.49380922
ID87121,0.47489983
ID87122,0.56008714
ID87123,0.48492348
ID87124,0.5196488
ID87125,0.4698041
ID87126,0.5702894
ID87127,0.7175316
ID87128,0.11638199
ID87129,0.35169438
ID87130,0.6956967
ID87131,0.049566884
ID87132,0.11063838
ID87133,0.11895987
ID87134,0.5172515
ID87135,0.06501155
ID87136,0.45507234
ID87137,0.49339876
ID87138,0.39077172
ID87139,0.3974181
ID87140,0.15444587
ID87141,0.15248887
ID87142,0.28450045
ID87143,0.3940592
ID87144,0.6285786
ID87145,0.04213516
ID87146,0.35460994
ID87147,0.3468629
ID87148,0.18326387
ID87149,0.45790336
ID87150,0.59702957
ID87151,0.23711857
ID87152,0.6168136
ID87153,0.5162493
ID87154,0.5948778
ID87155,0.6079092
ID87156,0.31124517
ID87157,0.5027294
ID87158,0.4841983
ID87159,0.76015705
ID87160,0.7545007
ID87161,0.2287174
ID87162,0.17566599
ID87163,0.3099434
ID87164,0.4383181
ID87165,0.6502541
ID87166,0.45281598
ID87167,0.4310819
ID87168,0.4575574
ID87169,0.3368581
ID87170,0.47166902
ID87171,0.6650011
ID87172,0.66677696
ID87173,0.44748172
ID87174,0.37267536
ID87175,0.20329101
ID87176,0.54703015
ID87177,0.4742292
ID87178,0.41422182
ID87179,0.5008817
ID87180,0.40566063
ID87181,0.25049195
ID87182,0.15126702
ID87183,0.4248363
ID87184,0.22095254
ID87185,0.32557684
ID87186,0.43618533
ID87187,0.0031688141
ID87188,0.50862396
ID87189,0.37602824
ID87190,0.45068884
ID87191,0.42860407
ID87192,0.19588341
ID87193,0.28966054
ID87194,0.35011902
ID87195,0.6153947
ID87196,0.425986
ID87197,0.15591136
ID87198,0.25606564
ID87199,0.40521348
ID87200,0.44552588
ID87201,0.6371615
ID87202,0.38750178
ID87203,0.34348357
ID87204,0.23652305
ID87205,0.4123629
ID87206,0.15048939
ID87207,0.55541265
ID87208,0.6265616
ID87209,0.5071116
ID87210,0.49213666
ID87211,0.4569321
ID87212,0.52688766
ID87213,0.59288937
ID87214,0.11096181
ID87215,0.20115718
ID87216,0.282567
ID87217,0.4417577
ID87218,0.4272876
ID87219,0.23234598
ID87220,0.087956235
ID87221,0.3550905
ID87222,0.651214
ID87223,0.18643592
ID87224,0.07604591
ID87225,0.62448835
ID87226,0.2914999
ID87227,0.13880143
ID87228,0.44436732
ID87229,0.5795852
ID87230,0.41193354
ID87231,0.4871846
ID87232,0.0062866276
ID87233,0.38273486
ID87234,0.58787644
ID87235,0.4082647
ID87236,0.63955843
ID87237,0.64043015
ID87238,0.45346338
ID87239,0.032419477
ID87240,0.6285463
ID87241,0.46847266
ID87242,0.19700187
ID87243,0.66828233
ID87244,0.45429343
ID87245,0.03331059
ID87246,0.5284796
ID87247,0.3210761
ID87248,0.4373778
ID87249,0.577888
ID87250,0.22588013
ID87251,0.15139906
ID87252,0.59099066
ID87253,0.6697475
ID87254,0.10931951
ID87255,0.5927941
ID87256,0.63004047
ID87257,0.16304933
ID87258,0.49282455
ID87259,0.23084667
ID87260,0.33560815
ID87261,0.47782925
ID87262,0.051657047
ID87263,0.35873097
ID87264,0.5512165
ID87265,0.65351766
ID87266,0.37119377
ID87267,0.031121356
ID87268,0.5300259
ID87269,0.30722505
ID87270,0.42467934
ID87271,0.41454777
ID87272,0.08817061
ID87273,0.5930896
ID87274,0.30188188
ID87275,0.5321805
ID87276,0.20220108
ID87277,0.6402289
ID87278,0.17669934
ID87279,0.66783595
ID87280,0.5973782
ID87281,0.56099415
ID87282,0.38643795
ID87283,0.4311976
ID87284,0.50214964
ID87285,0.4080525
ID87286,0.15078156
ID87287,0.5508018
ID87288,0.039576042
ID87289,0.6973199
ID87290,0.40626106
ID87291,0.5407729
ID87292,0.6492326
ID87293,0.7570183
ID87294,0.60565674
ID87295,0.1409011
ID87296,0.50388694
ID87297,0.24045229
ID87298,0.3406692
ID87299,0.5335509
ID87300,0.6052846
ID87301,0.6830245
ID87302,0.5640055
ID87303,0.32883322
ID87304,0.085600585
ID87305,0.12935449
ID87306,0.061680578
ID87307,0.34930125
ID87308,0.40478578
ID87309,0.48648542
ID87310,0.5290147
ID87311,0.2891408
ID87312,0.40115544
ID87313,0.4475831
ID87314,0.5658598
ID87315,0.2616226
ID87316,0.3633034
ID87317,0.48696533
ID87318,0.42982486
ID87319,0.5270659
ID87320,0.6634192
ID87321,0.6182976
ID87322,0.2798774
ID87323,0.7094864
ID87324,0.22157013
ID87325,0.22833292
ID87326,0.28130922
ID87327,0.59015316
ID87328,0.54433197
ID87329,0.35379085
ID87330,0.550573
ID87331,0.6744419
ID87332,0.52336663
ID87333,0.5527869
ID87334,0.6274726
ID87335,0.7288469
ID87336,0.49013177
ID87337,0.5485927
ID87338,0.21657299
ID87339,0.7415995
ID87340,0.5797717
ID87341,0.35925898
ID87342,0.32808357
ID87343,0.3434357
ID87344,0.3430804
ID87345,0.46206588
ID87346,0.30726403
ID87347,0.4812379
ID87348,0.5668871
ID87349,0.2419468
ID87350,0.21531141
ID87351,0.2642267
ID87352,0.49031752
ID87353,0.46150813
ID87354,0.47400883
ID87355,0.54801166
ID87356,0.35620487
ID87357,0.2611802
ID87358,0.5948334
ID87359,0.56296504
ID87360,0.78272635
ID87361,0.21434751
ID87362,0.10067747
ID87363,0.4644537
ID87364,0.69218516
ID87365,0.65261436
ID87366,0.3647014
ID87367,0.06750336
ID87368,0.04257824
ID87369,0.34995323
ID87370,0.6564069
ID87371,0.5450818
ID87372,0.51774806
ID87373,0.36578125
ID87374,0.49162862
ID87375,0.6423627
ID87376,0.679857
ID87377,0.4682062
ID87378,0.4143882
ID87379,0.45390433
ID87380,0.61798394
ID87381,0.3354923
ID87382,0.49930158
ID87383,0.19833963
ID87384,0.7270021
ID87385,0.5925394
ID87386,0.67831963
ID87387,0.06951924
ID87388,0.6547893
ID87389,0.27769408
ID87390,0.33672994
ID87391,0.47480184
ID87392,0.10151074
ID87393,0.66246784
ID87394,0.3917919
ID87395,0.4471445
ID87396,0.731853
ID87397,0.5972099
ID87398,0.4293826
ID87399,0.15939234
ID87400,0.5537344
ID87401,0.012272761
ID87402,0.6404593
ID87403,0.09172204
ID87404,0.13792972
ID87405,0.4770706
ID87406,0.37599623
ID87407,0.15866958
ID87408,0.73991257
ID87409,0.62479115
ID87410,0.22737409
ID87411,0.22933856
ID87412,0.22964539
ID87413,0.41423
ID87414,0.52785903
ID87415,0.42237413
ID87416,0.040147312
ID87417,0.06018222
ID87418,0.24948943
ID87419,0.59588236
ID87420,0.46688512
ID87421,0.0043419884
ID87422,0.27370062
ID87423,0.53584766
ID87424,0.45202065
ID87425,0.080456525
ID87426,0.35947433
ID87427,0.30849367
ID87428,0.2820665
ID87429,0.31291994
ID87430,0.44983107
ID87431,0.47541618
ID87432,0.5315712
ID87433,0.25652277
ID87434,0.39516312
ID87435,0.056347463
ID87436,0.15430234
ID87437,0.1921282
ID87438,0.60331035
ID87439,0.68394035
ID87440,0.4521854
ID87441,0.40645894
ID87442,0.2754419
ID87443,0.6538242
ID87444,0.4505778
ID87445,0.6912507
ID87446,0.7131498
ID87447,0.46730912
ID87448,0.41502705
ID87449,0.566075
ID87450,0.6016784
ID87451,0.52486336
ID87452,0.62966484
ID87453,0.5966292
ID87454,0.64415807
ID87455,0.30716184
ID87456,0.410858
ID87457,0.6161079
ID87458,0.33004373
ID87459,0.5062108
ID87460,0.5697747
ID87461,0.66909564
ID87462,0.54987556
ID87463,0.40522704
ID87464,0.472727
ID87465,0.32610157
ID87466,0.42613122
ID87467,0.37668002
ID87468,0.54045767
ID87469,0.17341746
ID87470,0.648727
ID87471,0.433304
ID87472,0.5313578
ID87473,0.58724874
ID87474,0.38619265
ID87475,0.21399285
ID87476,0.55744666
ID87477,0.22359467
ID87478,0.6417286
ID87479,0.58264416
ID87480,0.68393815
ID87481,0.34275338
ID87482,0.6130059
ID87483,0.49872485
ID87484,0.22248514
ID87485,0.30888173
ID87486,0.36683872
ID87487,0.66152155
ID87488,0.42462888
ID87489,0.18701854
ID87490,0.44550568
ID87491,0.734665
ID87492,0.1764517
ID87493,0.54800457
ID87494,0.049688146
ID87495,0.43565956
ID87496,0.29017663
ID87497,0.43894997
ID87498,0.41306686
ID87499,0.16844928
ID87500,0.31337577
ID87501,0.2459805
ID87502,0.5364036
ID87503,0.6084666
ID87504,0.4087786
ID87505,0.4603228
ID87506,0.57576245
ID87507,0.45529538
ID87508,0.680479
ID87509,0.75745165
ID87510,0.43069097
ID87511,0.4207004
ID87512,0.3318863
ID87513,0.31856883
ID87514,0.3877652
ID87515,0.38570952
ID87516,0.41102916
ID87517,0.65330815
ID87518,0.5586443
ID87519,0.5385255
ID87520,0.37014136
ID87521,0.5173111
ID87522,0.14054668
ID87523,0.5831724
ID87524,0.04881979
ID87525,0.30879614
ID87526,0.16740485
ID87527,0.67863834
ID87528,0.54668164
ID87529,0.063853525
ID87530,0.6707869
ID87531,0.58779085
ID87532,0.33761317
ID87533,0.022379205
ID87534,0.3693257
ID87535,0.4747144
ID87536,0.25763717
ID87537,0.42531487
ID87538,0.72391915
ID87539,0.5904001
ID87540,0.3495374
ID87541,0.2619605
ID87542,0.42201933
ID87543,0.6205991
ID87544,0.6504625
ID87545,0.23954538
ID87546,0.71085215
ID87547,0.22136591
ID87548,0.6327197
ID87549,0.24950926
ID87550,0.6632168
ID87551,0.4819844
ID87552,0.14425106
ID87553,0.5811196
ID87554,0.6082952
ID87555,0.17367998
ID87556,0.14061202
ID87557,0.78387105
ID87558,0.4622881
ID87559,0.26919994
ID87560,0.52207524
ID87561,0.060173612
ID87562,0.15666503
ID87563,0.4963623
ID87564,0.07518444
ID87565,0.6510029
ID87566,0.54106826
ID87567,0.6249702
ID87568,0.53365207
ID87569,0.5291282
ID87570,0.29988927
ID87571,0.56348634
ID87572,0.38936922
ID87573,0.3964177
ID87574,0.33936152
ID87575,0.34625125
ID87576,0.47128162
ID87577,0.636132
ID87578,0.22415727
ID87579,0.29075447
ID87580,0.18182756
ID87581,0.6750395
ID87582,0.011744362
ID87583,0.30510128
ID87584,0.5631936
ID87585,0.5450241
ID87586,0.62993383
ID87587,0.24774116
ID87588,0.73880565
ID87589,0.054167204
ID87590,0.17258336
ID87591,0.27468327
ID87592,0.3960909
ID87593,0.24854475
ID87594,0.7567329
ID87595,0.5433157
ID87596,0.74870116
ID87597,0.21963952
ID87598,0.18043625
ID87599,0.48082304
ID87600,0.36615002
ID87601,0.3922169
ID87602,0.7284441
ID87603,0.8637935
ID87604,0.5782249
ID87605,0.5419029
ID87606,0.21137884
ID87607,0.1432194
ID87608,0.20580563
ID87609,0.4312925
ID87610,0.010654904
ID87611,0.5137559
ID87612,0.18604493
ID87613,0.6308468
ID87614,0.4333555
ID87615,0.49295846
ID87616,0.51705587
ID87617,0.42116916
ID87618,0.5072792
ID87619,0.5768742
ID87620,0.113651864
ID87621,0.48369777
ID87622,0.49101692
ID87623,0.35635385
ID87624,0.6059676
ID87625,0.49432603
ID87626,0.75645965
ID87627,0.39680633
ID87628,0.3589725
ID87629,0.3464958
ID87630,0.36976588
ID87631,0.5572851
ID87632,0.5811181
ID87633,0.12284131
ID87634,0.672118
ID87635,0.23292859
ID87636,0.30971348
ID87637,0.4411813
ID87638,0.36309063
ID87639,0.18369316
ID87640,0.15951167
ID87641,0.66540444
ID87642,0.56233686
ID87643,0.45229927
ID87644,0.38123277
ID87645,0.15266538
ID87646,0.49509063
ID87647,0.2059136
ID87648,0.28393766
ID87649,0.45969722
ID87650,0.73319423
ID87651,0.3210146
ID87652,0.39014527
ID87653,0.55540764
ID87654,0.63789016
ID87655,0.36708394
ID87656,0.37746456
ID87657,0.58811027
ID87658,0.37615144
ID87659,0.28329062
ID87660,0.60126346
ID87661,0.5659207
ID87662,0.45542252
ID87663,0.5247768
ID87664,0.42877275
ID87665,0.68592924
ID87666,0.32852772
ID87667,0.3475248
ID87668,0.593306
ID87669,0.4683843
ID87670,0.15793897
ID87671,0.56539685
ID87672,0.544655
ID87673,0.65210974
ID87674,0.65095156
ID87675,0.17783415
ID87676,0.519571
ID87677,0.3720152
ID87678,0.5154562
ID87679,0.16171288
ID87680,0.2775094
ID87681,0.5230829
ID87682,0.5024743
ID87683,0.5706829
ID87684,0.009548335
ID87685,0.6282748
ID87686,0.26225913
ID87687,0.30663636
ID87688,0.4527756
ID87689,0.31476322
ID87690,0.45031703
ID87691,0.33916548
ID87692,0.637732
ID87693,0.38847536
ID87694,0.37901044
ID87695,0.37213323
ID87696,0.6103769
ID87697,0.13984743
ID87698,0.5120777
ID87699,0.6397727
ID87700,0.16989644
ID87701,0.5178286
ID87702,0.648617
ID87703,0.4435595
ID87704,0.62027586
ID87705,0.5026856
ID87706,0.77281386
ID87707,0.33988017
ID87708,0.15983418
ID87709,0.4812038
ID87710,0.46100128
ID87711,0.57081777
ID87712,0.20215248
ID87713,0.041389838
ID87714,0.41853482
ID87715,0.5249082
ID87716,0.7096934
ID87717,0.010686506
ID87718,0.65126157
ID87719,0.46949866
ID87720,0.41636735
ID87721,0.42881775
ID87722,0.67256784
ID87723,0.47605917
ID87724,0.2017434
ID87725,0.65569264
ID87726,0.49850863
ID87727,0.70886356
ID87728,0.5541678
ID87729,0.55762047
ID87730,0.43466768
ID87731,0.2708309
ID87732,0.20193914
ID87733,0.36274302
ID87734,0.33577946
ID87735,0.114546895
ID87736,0.511436
ID87737,0.41555873
ID87738,0.5316444
ID87739,0.30890584
ID87740,0.53414625
ID87741,0.6411865
ID87742,0.60221887
ID87743,0.44014505
ID87744,0.4280869
ID87745,0.50838554
ID87746,0.65173346
ID87747,0.59210837
ID87748,0.57091546
ID87749,0.45327726
ID87750,0.35167265
ID87751,0.40886807
ID87752,0.31504434
ID87753,0.56428367
ID87754,0.1392337
ID87755,0.36112204
ID87756,0.36996216
ID87757,0.4151238
ID87758,0.4944843
ID87759,0.7498789
ID87760,0.23557433
ID87761,0.57859063
ID87762,0.4231761
ID87763,0.4527672
ID87764,0.682856
ID87765,0.6666444
ID87766,0.08093799
ID87767,0.33675218
ID87768,0.5031621
ID87769,0.20903607
ID87770,0.31313673
ID87771,0.6012632
ID87772,0.26048234
ID87773,0.5327982
ID87774,0.5661137
ID87775,0.4397442
ID87776,0.6896274
ID87777,0.5126233
ID87778,0.23869318
ID87779,0.20813574
ID87780,0.49722505
ID87781,0.45252106
ID87782,0.32896385
ID87783,0.51600844
ID87784,0.06495998
ID87785,0.34804678
ID87786,0.30514333
ID87787,0.22357468
ID87788,0.04424069
ID87789,0.40480864
ID87790,0.4834188
ID87791,0.17605498
ID87792,0.5984078
ID87793,0.5854088
ID87794,0.15362543
ID87795,0.5279573
ID87796,0.5981424
ID87797,0.20051141
ID87798,0.46203676
ID87799,0.62086725
ID87800,0.26636034
ID87801,0.6802119
ID87802,0.4454767
ID87803,0.23733808
ID87804,0.46666616
ID87805,0.10901769
ID87806,0.22470236
ID87807,0.6033791
ID87808,0.16372326
ID87809,0.63144636
ID87810,0.2752563
ID87811,0.6254612
ID87812,0.11162704
ID87813,0.57166344
ID87814,0.2805248
ID87815,0.39777082
ID87816,0.61886007
ID87817,0.35146093
ID87818,0.16904269
ID87819,0.3829899
ID87820,0.1781406
ID87821,0.51842785
ID87822,0.20343836
ID87823,0.36033386
ID87824,0.1794156
ID87825,0.6203314
ID87826,0.23316145
ID87827,0.120256685
ID87828,0.53910744
ID87829,0.11041213
ID87830,0.26009423
ID87831,0.19240582
ID87832,0.46168038
ID87833,0.14992379
ID87834,0.58329535
ID87835,0.53257465
ID87836,0.55281
ID87837,0.5526594
ID87838,0.55563664
ID87839,0.57118946
ID87840,0.5927438
ID87841,0.18566489
ID87842,0.59610987
ID87843,0.27374023
ID87844,0.6187563
ID87845,0.29093352
ID87846,0.24921651
ID87847,0.35095018
ID87848,0.23234305
ID87849,0.5034873
ID87850,0.4128736
ID87851,0.27973992
ID87852,0.26951087
ID87853,0.26684988
ID87854,0.37753606
ID87855,0.54514796
ID87856,0.28142318
ID87857,0.60253084
ID87858,0.46333924
ID87859,0.5959444
ID87860,0.07652862
ID87861,0.15189333
ID87862,0.3429663
ID87863,0.742802
ID87864,0.56644493
ID87865,0.24572718
ID87866,0.3916673
ID87867,0.55279005
ID87868,0.6756613
ID87869,0.0054017357
ID87870,0.19979042
ID87871,0.49548802
ID87872,0.3146111
ID87873,0.45337966
ID87874,0.2111007
ID87875,0.35100624
ID87876,0.56038576
ID87877,0.49669027
ID87878,0.55273485
ID87879,0.38370395
ID87880,0.53497905
ID87881,0.35695904
ID87882,0.15381601
ID87883,0.32139978
ID87884,0.32600042
ID87885,0.42718318
ID87886,0.46574864
ID87887,0.3585954
ID87888,0.5753539
ID87889,0.053777426
ID87890,0.5004515
ID87891,0.5664061
ID87892,0.061221633
ID87893,0.5587796
ID87894,0.6117927
ID87895,0.3377473
ID87896,0.6394509
ID87897,0.37540093
ID87898,0.35219467
ID87899,0.55775225
ID87900,0.7643618
ID87901,0.62590134
ID87902,0.5978091
ID87903,0.39378512
ID87904,0.5224087
ID87905,0.6545396
ID87906,0.70783126
ID87907,0.5946347
ID87908,0.60750395
ID87909,0.61259204
ID87910,0.20663
ID87911,0.41417155
ID87912,0.6041903
ID87913,0.5910805
ID87914,0.29599658
ID87915,0.4342751
ID87916,0.49694514
ID87917,0.101812355
ID87918,0.28169528
ID87919,0.14661993
ID87920,0.07853643
ID87921,0.36576408
ID87922,0.6943174
ID87923,0.35859033
ID87924,0.36292744
ID87925,0.17765541
ID87926,0.6329863
ID87927,0.54762185
ID87928,0.5473547
ID87929,0.5003769
ID87930,0.58861387
ID87931,0.49273533
ID87932,0.69813854
ID87933,0.48663995
ID87934,0.31041136
ID87935,0.17722626
ID87936,0.4704683
ID87937,0.5817001
ID87938,0.31566796
ID87939,0.26028463
ID87940,0.27438125
ID87941,0.28392267
ID87942,0.2217836
ID87943,0.70184904
ID87944,0.60636896
ID87945,0.4081935
ID87946,0.6315182
ID87947,0.53295696
ID87948,0.25555205
ID87949,0.53046066
ID87950,0.4281537
ID87951,0.6506441
ID87952,0.49793652
ID87953,0.010295703
ID87954,0.37732202
ID87955,0.109289475
ID87956,0.5792208
ID87957,0.25460672
ID87958,0.11988287
ID87959,0.5478045
ID87960,0.022577781
ID87961,0.64628327
ID87962,0.69852436
ID87963,0.18568696
ID87964,0.5207992
ID87965,0.42182496
ID87966,0.43520012
ID87967,0.7154313
ID87968,0.3970631
ID87969,0.6365274
ID87970,0.2540026
ID87971,0.62397355
ID87972,0.15292108
ID87973,0.22576526
ID87974,0.5848785
ID87975,0.4822029
ID87976,0.38611954
ID87977,0.59434325
ID87978,0.33849764
ID87979,0.41041586
ID87980,0.5432123
ID87981,0.45016167
ID87982,0.3716814
ID87983,0.55923724
ID87984,0.6237231
ID87985,0.526557
ID87986,0.3204248
ID87987,0.44504496
ID87988,0.40296933
ID87989,0.47514495
ID87990,0.30385813
ID87991,0.3692428
ID87992,0.27821824
ID87993,0.60511214
ID87994,0.30996794
ID87995,0.23135193
ID87996,0.39734426
ID87997,0.3283904
ID87998,0.48027456
ID87999,0.41855872
ID88000,0.40557334
ID88001,0.58071715
ID88002,0.40494108
ID88003,0.25587898
ID88004,0.41825545
ID88005,0.5167094
ID88006,0.5206503
ID88007,0.69480175
ID88008,0.29137433
ID88009,0.58420455
ID88010,0.52673066
ID88011,0.22762017
ID88012,0.24207133
ID88013,0.5014714
ID88014,0.3140793
ID88015,0.5372042
ID88016,0.60724384
ID88017,0.59545684
ID88018,0.16599163
ID88019,0.22427416
ID88020,0.43995348
ID88021,0.7268927
ID88022,0.35859802
ID88023,0.30190375
ID88024,0.45691234
ID88025,0.48635048
ID88026,0.32136142
ID88027,0.35364
ID88028,0.19181351
ID88029,0.71545297
ID88030,0.42486733
ID88031,0.39851674
ID88032,0.6338489
ID88033,0.546225
ID88034,0.047671366
ID88035,0.3641169
ID88036,0.76115376
ID88037,0.073420025
ID88038,0.47143316
ID88039,0.16270155
ID88040,0.53307074
ID88041,0.17404374
ID88042,0.60907984
ID88043,0.34392858
ID88044,0.21547489
ID88045,0.22241746
ID88046,0.30859336
ID88047,0.43176636
ID88048,0.64561373
ID88049,0.566894
ID88050,0.051844716
ID88051,0.25661394
ID88052,0.34648564
ID88053,0.5961834
ID88054,0.4292627
ID88055,0.37348172
ID88056,0.48667508
ID88057,0.6108091
ID88058,0.2722165
ID88059,0.5903301
ID88060,0.6114349
ID88061,0.30022568
ID88062,0.4992513
ID88063,0.5550315
ID88064,0.54781014
ID88065,0.2715421
ID88066,0.028339794
ID88067,0.44948173
ID88068,0.6784766
ID88069,0.65247357
ID88070,0.15620388
ID88071,0.26781702
ID88072,0.0068129245
ID88073,0.23259324
ID88074,0.4786947
ID88075,0.17141655
ID88076,0.7546178
ID88077,0.57562643
ID88078,0.15994896
ID88079,0.4937274
ID88080,0.23077798
ID88081,0.60119045
ID88082,0.5387148
ID88083,0.51498085
ID88084,0.63068306
ID88085,0.48227626
ID88086,0.15890951
ID88087,0.5461403
ID88088,0.20591356
ID88089,0.44388857
ID88090,0.58771956
ID88091,0.609452
ID88092,0.6448716
ID88093,0.37928456
ID88094,0.43933362
ID88095,0.29376787
ID88096,0.11570126
ID88097,0.49754903
ID88098,0.14061758
ID88099,0.6378193
ID88100,0.5695159
ID88101,0.25152215
ID88102,0.61994874
ID88103,0.20777018
ID88104,0.6031127
ID88105,0.60129535
ID88106,0.6337085
ID88107,0.25567913
ID88108,0.5217392
ID88109,0.31400564
ID88110,0.63940865
ID88111,0.28889298
ID88112,0.19501963
ID88113,0.551635
ID88114,0.21019758
ID88115,0.59387183
ID88116,0.5812374
ID88117,0.1628953
ID88118,0.4801759
ID88119,0.298584
ID88120,0.5860338
ID88121,0.3574391
ID88122,0.28712252
ID88123,0.33961326
ID88124,0.5246426
ID88125,0.2347408
ID88126,0.56884456
ID88127,0.27050877
ID88128,0.57887554
ID88129,0.13845196
ID88130,0.46986654
ID88131,0.36870706
ID88132,0.47199023
ID88133,0.52357095
ID88134,0.27242595
ID88135,0.41078317
ID88136,0.5407014
ID88137,0.6323571
ID88138,0.41784638
ID88139,0.30109492
ID88140,0.19029592
ID88141,0.38089436
ID88142,0.47221306
ID88143,0.5280002
ID88144,0.2810689
ID88145,0.6559232
ID88146,0.08254844
ID88147,0.16578518
ID88148,0.34679875
ID88149,0.5115252
ID88150,0.34298742
ID88151,0.2751913
ID88152,0.3139206
ID88153,0.5354401
ID88154,0.58952767
ID88155,0.015354099
ID88156,0.59384483
ID88157,0.1521328
ID88158,0.12192197
ID88159,0.60713935
ID88160,0.53002554
ID88161,0.1845702
ID88162,0.5847993
ID88163,0.21020839
ID88164,0.061067976
ID88165,0.46842024
ID88166,0.14048605
ID88167,0.4401832
ID88168,0.31810516
ID88169,0.5000357
ID88170,0.5019504
ID88171,0.17733644
ID88172,0.097218364
ID88173,0.33756572
ID88174,0.52916855
ID88175,0.007226189
ID88176,0.46859953
ID88177,0.48008162
ID88178,0.5035476
ID88179,0.54045886
ID88180,0.5009111
ID88181,0.6551205
ID88182,0.26714975
ID88183,0.31834057
ID88184,0.544989
ID88185,0.37015572
ID88186,0.6386471
ID88187,0.33594573
ID88188,0.2140985
ID88189,0.52133167
ID88190,0.45601165
ID88191,0.053036314
ID88192,0.47700348
ID88193,0.49747196
ID88194,0.63866484
ID88195,0.50072527
ID88196,0.4692417
ID88197,0.25184155
ID88198,0.5300311
ID88199,0.16817391
ID88200,0.37864065
ID88201,0.5957989
ID88202,0.2724156
ID88203,0.5090681
ID88204,0.60480195
ID88205,0.07053768
ID88206,0.5587093
ID88207,0.52885395
ID88208,0.5572508
ID88209,0.55277973
ID88210,0.29452577
ID88211,0.4205334
ID88212,0.37204
ID88213,0.27100417
ID88214,0.5081613
ID88215,0.6011943
ID88216,0.3775464
ID88217,0.3099084
ID88218,0.2510964
ID88219,0.509985
ID88220,0.070342556
ID88221,0.16565329
ID88222,0.45895636
ID88223,0.5208795
ID88224,0.19423139
ID88225,0.58809006
ID88226,0.7017429
ID88227,0.22039188
ID88228,0.60072225
ID88229,0.45887432
ID88230,0.31158713
ID88231,0.20984526
ID88232,0.5450833
ID88233,0.6112957
ID88234,0.19561861
ID88235,0.53418016
ID88236,0.5418289
ID88237,0.6153456
ID88238,0.51457566
ID88239,0.4686831
ID88240,0.025654742
ID88241,0.35604832
ID88242,0.09288237
ID88243,0.5974478
ID88244,0.6199969
ID88245,0.2720236
ID88246,0.08890691
ID88247,0.33508018
ID88248,0.3398547
ID88249,0.58006865
ID88250,0.3007726
ID88251,0.46221486
ID88252,0.18003532
ID88253,0.6236046
ID88254,0.5742475
ID88255,0.54343414
ID88256,0.50017524
ID88257,0.066342086
ID88258,0.28749052
ID88259,0.6732621
ID88260,0.6367731
ID88261,0.48922935
ID88262,0.4077326
ID88263,0.37138295
ID88264,0.44075048
ID88265,0.40566063
ID88266,0.35796526
ID88267,0.26414478
ID88268,0.3805212
ID88269,0.6091778
ID88270,0.08582801
ID88271,0.05405645
ID88272,0.31747904
ID88273,0.24532536
ID88274,0.2963948
ID88275,0.26746362
ID88276,0.5905652
ID88277,0.4614346
ID88278,0.44945878
ID88279,0.32573316
ID88280,0.18372348
ID88281,0.52758694
ID88282,0.5679619
ID88283,0.6132676
ID88284,0.19656616
ID88285,0.15917103
ID88286,0.38483354
ID88287,0.66640943
ID88288,0.6477268
ID88289,0.025274605
ID88290,0.3405792
ID88291,0.5205904
ID88292,0.58090574
ID88293,0.51337457
ID88294,0.5044394
ID88295,0.11062615
ID88296,0.6002734
ID88297,0.5605701
ID88298,0.58247703
ID88299,0.7003651
ID88300,0.6270165
ID88301,0.45080867
ID88302,0.40968314
ID88303,0.12715285
ID88304,0.5476559
ID88305,0.58349836
ID88306,0.24381639
ID88307,0.4780459
ID88308,0.590412
ID88309,0.41167495
ID88310,0.045375533
ID88311,0.30312994
ID88312,0.32706252
ID88313,0.22471891
ID88314,0.4205096
ID88315,0.38546607
ID88316,0.5676828
ID88317,0.08245859
ID88318,0.5558739
ID88319,0.27094713
ID88320,0.4270301
ID88321,0.6023367
ID88322,0.46139827
ID88323,0.5185234
ID88324,0.22458453
ID88325,0.06443406
ID88326,0.701526
ID88327,0.8280245
ID88328,0.5767052
ID88329,0.5404059
ID88330,0.64049715
ID88331,0.24645464
ID88332,0.12247533
ID88333,0.5309274
ID88334,0.37142682
ID88335,0.16208495
ID88336,0.3204098
ID88337,0.54747456
ID88338,0.18140212
ID88339,0.5063563
ID88340,0.58289117
ID88341,0.22270207
ID88342,0.66304
ID88343,0.7553723
ID88344,0.66882193
ID88345,0.2586433
ID88346,0.21746126
ID88347,0.52595615
ID88348,0.50685596
ID88349,0.6364284
ID88350,0.47240028
ID88351,0.5223621
ID88352,0.23940103
ID88353,0.6782427
ID88354,0.53481805
ID88355,0.63354766
ID88356,0.5345014
ID88357,0.6064243
ID88358,0.5576251
ID88359,0.5745874
ID88360,0.20109317
ID88361,0.37354177
ID88362,0.58210146
ID88363,0.62252724
ID88364,0.5681356
ID88365,0.39409593
ID88366,0.2896792
ID88367,0.61986756
ID88368,0.074998766
ID88369,0.6710431
ID88370,0.54572546
ID88371,0.47094268
ID88372,0.5398723
ID88373,0.54744315
ID88374,0.07519298
ID88375,0.27510995
ID88376,0.19427587
ID88377,0.2842259
ID88378,0.29771933
ID88379,0.18170261
ID88380,0.34288725
ID88381,0.489233
ID88382,0.48124608
ID88383,0.27483556
ID88384,0.4342506
ID88385,0.48802277
ID88386,0.35455117
ID88387,0.4756427
ID88388,0.46637008
ID88389,0.40678892
ID88390,0.5319366
ID88391,0.35613266
ID88392,0.5737794
ID88393,0.38129973
ID88394,0.40361524
ID88395,0.47501913
ID88396,0.5617636
ID88397,0.3942211
ID88398,0.3115437
ID88399,0.38451004
ID88400,0.5835538
ID88401,0.38942605
ID88402,0.22071311
ID88403,0.13767707
ID88404,0.34484974
ID88405,0.3113697
ID88406,0.18911573
ID88407,0.266153
ID88408,0.43375966
ID88409,0.50978374
ID88410,0.40490785
ID88411,0.065495946
ID88412,0.34637374
ID88413,0.12205064
ID88414,0.50774556
ID88415,0.6539174
ID88416,0.043150283
ID88417,0.27749187
ID88418,0.048883013
ID88419,0.42426696
ID88420,0.24254747
ID88421,0.4959973
ID88422,0.5168459
ID88423,0.27122605
ID88424,0.578785
ID88425,0.36251628
ID88426,0.4396394
ID88427,0.6538681
ID88428,0.19142374
ID88429,0.74444544
ID88430,0.26649523
ID88431,0.04270208
ID88432,0.3136613
ID88433,0.38855162
ID88434,0.5475737
ID88435,0.16019572
ID88436,0.056347463
ID88437,0.7406083
ID88438,0.17922911
ID88439,0.6357471
ID88440,0.15819906
ID88441,0.18977411
ID88442,0.5771108
ID88443,0.030785289
ID88444,0.31769136
ID88445,0.48037875
ID88446,0.58575886
ID88447,0.4615941
ID88448,0.28736734
ID88449,0.37571713
ID88450,0.37791404
ID88451,0.20326069
ID88452,0.5100862
ID88453,0.16568892
ID88454,0.11083994
ID88455,0.33549774
ID88456,0.5874124
ID88457,0.031098526
ID88458,0.7418637
ID88459,0.4133518
ID88460,0.41907233
ID88461,0.7474681
ID88462,0.18105794
ID88463,0.35347274
ID88464,0.652537
ID88465,0.3201292
ID88466,0.6619478
ID88467,0.35300693
ID88468,0.48753458
ID88469,0.51195186
ID88470,0.51448226
ID88471,0.5669632
ID88472,0.2618811
ID88473,0.65349424
ID88474,0.4909367
ID88475,0.4168713
ID88476,0.5544897
ID88477,0.63536197
ID88478,0.45434254
ID88479,0.64040375
ID88480,0.51947576
ID88481,0.16684358
ID88482,0.64782405
ID88483,0.42132136
ID88484,0.30743238
ID88485,0.63671654
ID88486,0.6558429
ID88487,0.7271204
ID88488,0.40408394
ID88489,0.32258734
ID88490,0.5650361
ID88491,0.45253018
ID88492,0.56784314
ID88493,0.44246775
ID88494,0.2932514
ID88495,0.1164723
ID88496,0.25530884
ID88497,0.57559216
ID88498,0.5699983
ID88499,0.46161276
ID88500,0.23390469
ID88501,0.62217003
ID88502,0.44942695
ID88503,0.41740698
ID88504,0.36873794
ID88505,0.22679417
ID88506,0.16554926
ID88507,0.5409187
ID88508,0.5156227
ID88509,0.47961783
ID88510,0.2810851
ID88511,0.24736482
ID88512,0.31573772
ID88513,0.4676676
ID88514,0.23205052
ID88515,0.5028668
ID88516,0.4459231
ID88517,0.5452992
ID88518,0.6060678
ID88519,0.4969406
ID88520,0.5374081
ID88521,0.14709127
ID88522,0.60644966
ID88523,0.70700943
ID88524,0.34214336
ID88525,0.42804706
ID88526,0.43025696
ID88527,0.16279511
ID88528,0.11441276
ID88529,0.49170583
ID88530,0.55152774
ID88531,0.52883303
ID88532,0.20414825
ID88533,0.56394345
ID88534,0.35846692
ID88535,0.6261211
ID88536,0.3570387
ID88537,0.60231924
ID88538,0.610035
ID88539,0.207812
ID88540,0.781977
ID88541,0.5580506
ID88542,0.58078825
ID88543,0.3846575
ID88544,0.5531859
ID88545,0.42484978
ID88546,0.5579222
ID88547,0.68592453
ID88548,0.35859802
ID88549,0.6026988
ID88550,0.46481255
ID88551,0.6135991
ID88552,0.48558122
ID88553,0.305696
ID88554,0.34357727
ID88555,0.26171646
ID88556,0.55511624
ID88557,0.52223676
ID88558,0.6200453
ID88559,0.21445964
ID88560,0.46151972
ID88561,0.22002736
ID88562,0.6587941
ID88563,0.53511465
ID88564,0.48374173
ID88565,0.2255218
ID88566,0.63402784
ID88567,0.16231062
ID88568,0.57265776
ID88569,0.56386894
ID88570,0.598339
ID88571,0.6257476
ID88572,0.54788977
ID88573,0.30827248
ID88574,0.044521652
ID88575,0.6535393
ID88576,0.37033814
ID88577,0.3204089
ID88578,0.55352974
ID88579,0.27200168
ID88580,0.02794405
ID88581,0.5802642
ID88582,0.28317332
ID88583,0.49122506
ID88584,0.030195491
ID88585,0.5440851
ID88586,0.6111952
ID88587,0.32191396
ID88588,0.48824927
ID88589,0.37178093
ID88590,0.17536208
ID88591,0.6591294
ID88592,0.18034548
ID88593,0.15627722
ID88594,0.38509205
ID88595,0.24855492
ID88596,0.5759306
ID88597,0.46384588
ID88598,0.64962816
ID88599,0.5599325
ID88600,0.7329553
ID88601,0.37682045
ID88602,0.4582872
ID88603,0.16907583
ID88604,0.30788183
ID88605,0.045060415
ID88606,0.22166415
ID88607,0.4487504
ID88608,0.54185617
ID88609,0.15806244
ID88610,0.30918065
ID88611,0.11900172
ID88612,0.15637578
ID88613,0.09398622
ID88614,0.4507825
ID88615,0.040601693
ID88616,0.16647202
ID88617,0.51194686
ID88618,0.6282844
ID88619,0.3639884
ID88620,0.25710213
ID88621,0.14335495
ID88622,0.60749406
ID88623,0.3219337
ID88624,0.6363369
ID88625,0.2448187
ID88626,0.2572255
ID88627,0.2682313
ID88628,0.48492303
ID88629,0.3491602
ID88630,0.21839468
ID88631,0.53182703
ID88632,0.030926624
ID88633,0.25543743
ID88634,0.14944398
ID88635,0.5958641
ID88636,0.6731674
ID88637,0.3643126
ID88638,0.5862591
ID88639,0.23997164
ID88640,0.54352564
ID88641,0.4164488
ID88642,0.5987627
ID88643,0.49769858
ID88644,0.5650765
ID88645,0.4174672
ID88646,0.18459809
ID88647,0.54313606
ID88648,0.74616706
ID88649,0.61269903
ID88650,0.5550975
ID88651,0.3346799
ID88652,0.09342661
ID88653,0.12450707
ID88654,0.8045831
ID88655,0.6052036
ID88656,0.5293494
ID88657,0.44737965
ID88658,0.4225488
ID88659,0.22194204
ID88660,0.083100736
ID88661,0.4565055
ID88662,0.41817743
ID88663,0.7106616
ID88664,0.53631103
ID88665,0.3859863
ID88666,0.011962412
ID88667,0.64143336
ID88668,0.65950966
ID88669,0.5490203
ID88670,0.34662974
ID88671,0.25892496
ID88672,0.5770589
ID88673,0.518005
ID88674,0.07213416
ID88675,0.21760906
ID88676,0.1645214
ID88677,0.23177887
ID88678,0.7164673
ID88679,0.5108556
ID88680,0.1209758
ID88681,0.5453461
ID88682,0.55123633
ID88683,0.095241904
ID88684,0.11558046
ID88685,0.5161986
ID88686,0.13803746
ID88687,0.5161284
ID88688,0.38412187
ID88689,0.6478995
ID88690,0.42982572
ID88691,0.612468
ID88692,0.67652875
ID88693,0.04304888
ID88694,0.39922467
ID88695,0.52349865
ID88696,0.39010212
ID88697,0.625149
ID88698,0.4002698
ID88699,0.06850686
ID88700,0.627469
ID88701,0.58233446
ID88702,0.5254966
ID88703,0.59630275
ID88704,0.5252727
ID88705,0.27027792
ID88706,0.45573434
ID88707,0.33228108
ID88708,0.5321413
ID88709,0.5307692
ID88710,0.327179
ID88711,0.5405473
ID88712,0.42903143
ID88713,0.49212632
ID88714,0.5695975
ID88715,0.711218
ID88716,0.11107083
ID88717,0.2726712
ID88718,0.3304248
ID88719,0.24153136
ID88720,0.4605843
ID88721,0.29572985
ID88722,0.1495296
ID88723,0.4745201
ID88724,0.26868924
ID88725,0.60464185
ID88726,0.2712159
ID88727,0.26937032
ID88728,0.53919864
ID88729,0.59177005
ID88730,0.5027742
ID88731,0.26802015
ID88732,0.33742228
ID88733,0.5819989
ID88734,0.5747845
ID88735,0.49355844
ID88736,0.23565836
ID88737,0.24144393
ID88738,0.6497441
ID88739,0.61678547
ID88740,0.55393064
ID88741,0.45190609
ID88742,0.30425683
ID88743,0.6188701
ID88744,0.59082603
ID88745,0.13780664
ID88746,0.57087404
ID88747,0.5833944
ID88748,0.3217155
ID88749,0.33512345
ID88750,0.12790422
ID88751,0.41463593
ID88752,0.24757846
ID88753,0.16886383
ID88754,0.20623304
ID88755,0.55896443
ID88756,0.577653
ID88757,0.19958404
ID88758,0.54999024
ID88759,0.5347362
ID88760,0.49429727
ID88761,0.4816954
ID88762,0.7158027
ID88763,0.52379304
ID88764,0.08487954
ID88765,0.4174421
ID88766,0.32095078
ID88767,0.5884838
ID88768,0.13938245
ID88769,0.28109092
ID88770,0.66866344
ID88771,0.56033933
ID88772,0.3982331
ID88773,0.18866187
ID88774,0.5473073
ID88775,0.35374618
ID88776,0.3056502
ID88777,0.43634477
ID88778,0.60640574
ID88779,0.28038916
ID88780,0.61390215
ID88781,0.33209005
ID88782,0.01232822
ID88783,0.12662156
ID88784,0.3529811
ID88785,0.5996167
ID88786,0.59815377
ID88787,0.58429164
ID88788,0.056661267
ID88789,0.56309617
ID88790,0.36787322
ID88791,0.29374817
ID88792,0.7126893
ID88793,0.36128888
ID88794,0.75673556
ID88795,0.49219406
ID88796,0.22892721
ID88797,0.39497036
ID88798,0.51536256
ID88799,0.090059735
ID88800,0.40056664
ID88801,0.5895421
ID88802,0.100713655
ID88803,0.52788097
ID88804,0.29498726
ID88805,0.29205525
ID88806,0.1378366
ID88807,0.49499413
ID88808,0.092148036
ID88809,0.5519276
ID88810,0.35289133
ID88811,0.559793
ID88812,0.32469887
ID88813,0.5043087
ID88814,0.47169274
ID88815,0.14137973
ID88816,0.22437115
ID88817,0.15968338
ID88818,0.39446726
ID88819,0.44493353
ID88820,0.60348517
ID88821,0.37602824
ID88822,0.23170167
ID88823,0.36785668
ID88824,0.59261143
ID88825,0.56533384
ID88826,0.19529575
ID88827,0.36295328
ID88828,0.4264839
ID88829,0.12408084
ID88830,0.5051943
ID88831,0.36269844
ID88832,0.61832166
ID88833,0.6557954
ID88834,0.30603737
ID88835,0.32736897
ID88836,0.23215194
ID88837,0.12552054
ID88838,0.59274024
ID88839,0.28249672
ID88840,0.53740066
ID88841,0.63022494
ID88842,0.32933426
ID88843,0.7100685
ID88844,0.22943917
ID88845,0.42149633
ID88846,0.30070844
ID88847,0.43931723
ID88848,0.4670553
ID88849,0.60363203
ID88850,0.2670514
ID88851,0.4280749
ID88852,0.3183753
ID88853,0.514496
ID88854,0.5880618
ID88855,0.3032018
ID88856,0.6741762
ID88857,0.36955002
ID88858,0.575221
ID88859,0.14133836
ID88860,0.5061586
ID88861,0.6505059
ID88862,0.3825715
ID88863,0.4662806
ID88864,0.08734345
ID88865,0.22138974
ID88866,0.30979937
ID88867,0.58759856
ID88868,0.58112943
ID88869,0.093907945
ID88870,0.15067533
ID88871,0.71090305
ID88872,0.59084207
ID88873,0.18227135
ID88874,0.19751771
ID88875,0.5487064
ID88876,0.2480879
ID88877,0.4050035
ID88878,0.6916366
ID88879,0.6126403
ID88880,0.49181297
ID88881,0.6389985
ID88882,0.3601056
ID88883,0.4033887
ID88884,0.5005616
ID88885,0.45300338
ID88886,0.19005832
ID88887,0.089181244
ID88888,0.62482864
ID88889,0.45932567
ID88890,0.23667774
ID88891,0.5905624
ID88892,0.3648613
ID88893,0.75175834
ID88894,0.26941046
ID88895,0.16925798
ID88896,0.5973048
ID88897,0.2480645
ID88898,0.47509426
ID88899,0.5150936
ID88900,0.7381552
ID88901,0.36894897
ID88902,0.5550474
ID88903,0.61196345
ID88904,0.5366873
ID88905,0.009288066
ID88906,0.50216055
ID88907,0.06977749
ID88908,0.6251151
ID88909,0.41403714
ID88910,0.59017473
ID88911,0.21837188
ID88912,0.50989825
ID88913,0.56306344
ID88914,0.4636851
ID88915,0.30615082
ID88916,0.4320612
ID88917,0.50610894
ID88918,0.27367276
ID88919,0.39640296
ID88920,0.4270726
ID88921,0.6010567
ID88922,0.2963443
ID88923,0.057070907
ID88924,0.45745358
ID88925,0.6007027
ID88926,0.5951428
ID88927,0.41157135
ID88928,0.55837715
ID88929,0.6880451
ID88930,0.51924443
ID88931,0.16726872
ID88932,0.23682487
ID88933,0.23176618
ID88934,0.491943
ID88935,0.63064796
ID88936,0.3560898
ID88937,0.5271862
ID88938,0.59617734
ID88939,0.21058741
ID88940,0.32439694
ID88941,0.3948128
ID88942,0.42357826
ID88943,0.1880782
ID88944,0.57099545
ID88945,0.26139972
ID88946,0.39127028
ID88947,0.3149726
ID88948,0.5867663
ID88949,0.5997697
ID88950,0.29377067
ID88951,0.124982804
ID88952,0.559996
ID88953,0.346485
ID88954,0.51583797
ID88955,0.52719826
ID88956,0.37620065
ID88957,0.2440132
ID88958,0.37918594
ID88959,0.51181227
ID88960,0.3936051
ID88961,0.27046376
ID88962,0.40959877
ID88963,0.5189705
ID88964,0.050405666
ID88965,0.3720977
ID88966,0.4453631
ID88967,0.37517264
ID88968,0.41022548
ID88969,0.09505263
ID88970,0.49130094
ID88971,0.16070606
ID88972,0.6256578
ID88973,0.031756263
ID88974,0.5181328
ID88975,0.12083682
ID88976,0.47961456
ID88977,0.41360417
ID88978,0.23642677
ID88979,0.485851
ID88980,0.17087714
ID88981,0.4441772
ID88982,0.29923213
ID88983,0.6855869
ID88984,0.64822406
ID88985,0.1354856
ID88986,0.27920347
ID88987,0.23729981
ID88988,0.53790534
ID88989,0.6305904
ID88990,0.6987712
ID88991,0.11418597
ID88992,0.6330624
ID88993,0.6598003
ID88994,0.51272166
ID88995,0.5084294
ID88996,0.77745205
ID88997,0.31753218
ID88998,0.6700826
ID88999,0.5683299
ID89000,0.42702633
ID89001,0.60707855
ID89002,0.25629964
ID89003,0.49243715
ID89004,0.56907624
ID89005,0.53734213
ID89006,0.68584365
ID89007,0.111279376
ID89008,0.14263399
ID89009,0.43026835
ID89010,0.32578644
ID89011,0.6081602
ID89012,0.34236032
ID89013,0.5366286
ID89014,0.51811314
ID89015,0.61647016
ID89016,0.6233349
ID89017,0.3655972
ID89018,0.4748383
ID89019,0.70437115
ID89020,0.60540926
ID89021,0.52327806
ID89022,0.18302602
ID89023,0.5363747
ID89024,0.55279547
ID89025,0.60766894
ID89026,0.08169385
ID89027,0.5221559
ID89028,0.5578036
ID89029,0.10499308
ID89030,0.5439014
ID89031,0.38152725
ID89032,0.1867441
ID89033,0.6982935
ID89034,0.19081537
ID89035,0.73480225
ID89036,0.6119003
ID89037,0.43481952
ID89038,0.6920846
ID89039,0.67468166
ID89040,0.32936788
ID89041,0.5363629
ID89042,0.37169468
ID89043,0.22171044
ID89044,0.46064207
ID89045,0.54618025
ID89046,0.095296174
ID89047,0.62354815
ID89048,0.74147916
ID89049,0.31729847
ID89050,0.43504658
ID89051,0.21639769
ID89052,0.5109131
ID89053,0.6257169
ID89054,0.6546146
ID89055,0.59330106
ID89056,0.5792016
ID89057,0.18789805
ID89058,0.3943379
ID89059,0.45971006
ID89060,0.47854632
ID89061,0.68034446
ID89062,0.60488343
ID89063,0.4101073
ID89064,0.26009992
ID89065,0.008521147
ID89066,0.2361688
ID89067,0.6283285
ID89068,0.45758647
ID89069,0.57960784
ID89070,0.46117422
ID89071,0.46960455
ID89072,0.16530316
ID89073,0.5559386
ID89074,0.19537373
ID89075,0.5282492
ID89076,0.20523143
ID89077,0.012776479
ID89078,0.5623594
ID89079,0.23129962
ID89080,0.27751878
ID89081,0.68220884
ID89082,0.2597277
ID89083,0.35905734
ID89084,0.45888597
ID89085,0.5653939
ID89086,0.38218245
ID89087,0.504718
ID89088,0.18637519
ID89089,0.37466887
ID89090,0.11398321
ID89091,0.7199249
ID89092,0.64202476
ID89093,0.6937216
ID89094,0.44079226
ID89095,0.6296964
ID89096,0.14893351
ID89097,0.29639113
ID89098,0.149061
ID89099,0.32558003
ID89100,0.6643274
ID89101,0.73298097
ID89102,0.5770777
ID89103,0.5555
ID89104,0.37129667
ID89105,0.32990268
ID89106,0.61051357
ID89107,0.48763457
ID89108,0.5491475
ID89109,0.21206692
ID89110,0.2940806
ID89111,0.31830856
ID89112,0.61988443
ID89113,0.3460829
ID89114,0.5353456
ID89115,0.21151838
ID89116,0.054835383
ID89117,0.27396998
ID89118,0.1986195
ID89119,0.37673768
ID89120,0.060646147
ID89121,0.57392067
ID89122,0.28889278
ID89123,0.49174067
ID89124,0.599581
ID89125,0.48751515
ID89126,0.5780606
ID89127,0.4877176
ID89128,0.50667125
ID89129,0.06266608
ID89130,0.005268586
ID89131,0.06735927
ID89132,0.085741095
ID89133,0.4549173
ID89134,0.4040828
ID89135,0.4065232
ID89136,0.42247233
ID89137,0.61212814
ID89138,0.47514725
ID89139,0.47695574
ID89140,0.31434873
ID89141,0.24804364
ID89142,0.28511232
ID89143,0.39140284
ID89144,0.4389588
ID89145,0.3104423
ID89146,0.40984416
ID89147,0.4818468
ID89148,0.49984962
ID89149,0.2429464
ID89150,0.2635177
ID89151,0.56327933
ID89152,0.5528763
ID89153,0.17652619
ID89154,0.53639436
ID89155,0.43229297
ID89156,0.138204
ID89157,0.17694105
ID89158,0.6219918
ID89159,0.6996792
ID89160,0.41679707
ID89161,0.6127847
ID89162,0.40771255
ID89163,0.54881257
ID89164,0.46431118
ID89165,0.14412174
ID89166,0.21024506
ID89167,0.26139972
ID89168,0.2940163
ID89169,0.32606912
ID89170,0.17495972
ID89171,0.45859405
ID89172,0.5676109
ID89173,0.6646302
ID89174,0.49844867
ID89175,0.7308134
ID89176,0.1370225
ID89177,0.5392955
ID89178,0.4023654
ID89179,0.20209561
ID89180,0.60760397
ID89181,0.00786212
ID89182,0.75283206
ID89183,0.29677114
ID89184,0.65817636
ID89185,0.42236552
ID89186,0.07977705
ID89187,0.5961169
ID89188,0.46615124
ID89189,0.2724615
ID89190,0.3468055
ID89191,0.6053792
ID89192,0.2267386
ID89193,0.30956492
ID89194,0.21502349
ID89195,0.378785
ID89196,0.31681535
ID89197,0.33351764
ID89198,0.42477965
ID89199,0.36180294
ID89200,0.600152
ID89201,0.23394464
ID89202,0.6875961
ID89203,0.16758817
ID89204,0.56999266
ID89205,0.5571175
ID89206,0.5687608
ID89207,0.58446807
ID89208,0.31175128
ID89209,0.37507293
ID89210,0.078596115
ID89211,0.5289431
ID89212,0.26185247
ID89213,0.5161534
ID89214,0.70779234
ID89215,0.4341626
ID89216,0.41809854
ID89217,0.15328336
ID89218,0.23908824
ID89219,0.52103
ID89220,0.2584569
ID89221,0.5417576
ID89222,0.64629
ID89223,0.38303363
ID89224,0.5163746
ID89225,0.62904114
ID89226,0.5196301
ID89227,0.38227314
ID89228,0.24868946
ID89229,0.52017224
ID89230,0.6095206
ID89231,0.59697664
ID89232,0.2161105
ID89233,0.54836076
ID89234,0.5404183
ID89235,0.14735645
ID89236,0.13559282
ID89237,0.5803566
ID89238,0.4167893
ID89239,0.3974219
ID89240,0.5189714
ID89241,0.32312346
ID89242,0.6546724
ID89243,0.51441586
ID89244,0.38336107
ID89245,0.54975885
ID89246,0.48000798
ID89247,0.17879234
ID89248,0.75424457
ID89249,0.4011322
ID89250,0.6441447
ID89251,0.5702544
ID89252,0.68743336
ID89253,0.42155674
ID89254,0.3362723
ID89255,0.45113984
ID89256,0.51649356
ID89257,0.46750027
ID89258,0.5343536
ID89259,0.3165349
ID89260,0.16619664
ID89261,0.30496418
ID89262,0.46572226
ID89263,0.41082716
ID89264,0.29505646
ID89265,0.7426174
ID89266,0.5744843
ID89267,0.6369428
ID89268,0.5794223
ID89269,0.5894292
ID89270,0.51216567
ID89271,0.5479137
ID89272,0.43675226
ID89273,0.47500053
ID89274,0.5220008
ID89275,0.6276187
ID89276,0.08034581
ID89277,0.3098124
ID89278,0.53002554
ID89279,0.46677002
ID89280,0.34104875
ID89281,0.47087818
ID89282,0.23603542
ID89283,0.296713
ID89284,0.5391684
ID89285,0.14074555
ID89286,0.56665075
ID89287,0.5313684
ID89288,0.53473264
ID89289,0.49060065
ID89290,0.21010841
ID89291,0.094533294
ID89292,0.59250647
ID89293,0.31100112
ID89294,0.12972122
ID89295,0.462185
ID89296,0.49325347
ID89297,0.34150553
ID89298,0.16288748
ID89299,0.16701277
ID89300,0.5735357
ID89301,0.14897498
ID89302,0.58025503
ID89303,0.1440838
ID89304,0.014958942
ID89305,0.37245473
ID89306,0.6478457
ID89307,0.70113057
ID89308,0.7083688
ID89309,0.61156374
ID89310,0.57628095
ID89311,0.46864763
ID89312,0.73751247
ID89313,0.28768542
ID89314,0.29131007
ID89315,0.57412493
ID89316,0.5224095
ID89317,0.33783945
ID89318,0.33245248
ID89319,0.5749795
ID89320,0.7155783
ID89321,0.59306055
ID89322,0.519706
ID89323,0.57742155
ID89324,0.3242251
ID89325,0.3651176
ID89326,0.36896935
ID89327,0.6055235
ID89328,0.14683412
ID89329,0.20086582
ID89330,0.4335676
ID89331,0.5294941
ID89332,0.4487556
ID89333,0.54335594
ID89334,0.44610563
ID89335,0.43020692
ID89336,0.6484996
ID89337,0.32988006
ID89338,0.5240973
ID89339,0.5118304
ID89340,0.48860118
ID89341,0.73848933
ID89342,0.4254891
ID89343,0.5609609
ID89344,0.5591261
ID89345,0.11011595
ID89346,0.66398466
ID89347,0.2464048
ID89348,0.39401305
ID89349,0.52898294
ID89350,0.65320617
ID89351,0.28115138
ID89352,0.50882375
ID89353,0.4873138
ID89354,0.3604035
ID89355,0.11730384
ID89356,0.5189532
ID89357,0.17047977
ID89358,0.61298376
ID89359,0.25501573
ID89360,0.54218626
ID89361,0.5310927
ID89362,0.19457597
ID89363,0.46783587
ID89364,0.7651675
ID89365,0.73403555
ID89366,0.5490993
ID89367,0.5032426
ID89368,0.5800917
ID89369,0.66087765
ID89370,0.48051775
ID89371,0.3509738
ID89372,0.3997996
ID89373,0.14831673
ID89374,0.35815313
ID89375,0.5305488
ID89376,0.34042352
ID89377,0.10266695
ID89378,0.25620326
ID89379,0.29918966
ID89380,0.38890705
ID89381,0.4980988
ID89382,0.37088117
ID89383,0.58038473
ID89384,0.20387274
ID89385,0.67764723
ID89386,0.17909926
ID89387,0.4913778
ID89388,0.63018525
ID89389,0.65428066
ID89390,0.66685694
ID89391,0.32964614
ID89392,0.6362842
ID89393,0.6047546
ID89394,0.18834996
ID89395,0.104882196
ID89396,0.066991165
ID89397,0.5367571
ID89398,0.5562233
ID89399,0.13885392
ID89400,0.5651468
ID89401,0.6782646
ID89402,0.4901245
ID89403,0.51295775
ID89404,0.5109656
ID89405,0.652308
ID89406,0.5277929
ID89407,0.4857965
ID89408,0.62721056
ID89409,0.52442485
ID89410,0.44961426
ID89411,0.51616895
ID89412,0.44339812
ID89413,0.44525084
ID89414,0.4575517
ID89415,0.2782201
ID89416,0.8002205
ID89417,0.4960522
ID89418,0.07555714
ID89419,0.3586367
ID89420,0.7122515
ID89421,0.28557733
ID89422,0.2963047
ID89423,0.65625083
ID89424,0.37779132
ID89425,0.28051418
ID89426,0.5648537
ID89427,0.62412
ID89428,0.5891525
ID89429,0.30645356
ID89430,0.57235664
ID89431,0.7330781
ID89432,0.19339947
ID89433,0.31004485
ID89434,0.47382623
ID89435,0.31759715
ID89436,0.52602494
ID89437,0.63321114
ID89438,0.68790644
ID89439,0.39358553
ID89440,0.41417155
ID89441,0.6811095
ID89442,0.4912626
ID89443,0.67660856
ID89444,0.16869116
ID89445,0.5901946
ID89446,0.3591453
ID89447,0.2952683
ID89448,0.6842903
ID89449,0.2801835
ID89450,0.44897205
ID89451,0.48825696
ID89452,0.27259898
ID89453,0.022862693
ID89454,0.36394083
ID89455,0.040143635
ID89456,0.27693224
ID89457,0.35743526
ID89458,0.05371656
ID89459,0.6128506
ID89460,0.652933
ID89461,0.1373738
ID89462,0.633744
ID89463,0.5283507
ID89464,0.70275974
ID89465,0.26517478
ID89466,0.42086613
ID89467,0.09204203
ID89468,0.6389033
ID89469,0.4787722
ID89470,0.5056379
ID89471,0.23136862
ID89472,0.59170324
ID89473,0.29948056
ID89474,0.23858042
ID89475,0.38060904
ID89476,0.28320783
ID89477,0.2743397
ID89478,0.42055783
ID89479,0.6436821
ID89480,0.6232385
ID89481,0.627502
ID89482,0.16825671
ID89483,0.29819256
ID89484,0.4368168
ID89485,0.4105231
ID89486,0.51647276
ID89487,0.7099632
ID89488,0.26236773
ID89489,0.45401666
ID89490,0.6423881
ID89491,0.3583589
ID89492,0.06992376
ID89493,0.26799628
ID89494,0.572734
ID89495,0.5488339
ID89496,0.20568962
ID89497,0.10798466
ID89498,0.4608406
ID89499,0.37749174
ID89500,0.75156635
ID89501,0.60846055
ID89502,0.4252942
ID89503,0.310451
ID89504,0.5606006
ID89505,0.3334231
ID89506,0.7287623
ID89507,0.21178094
ID89508,0.7060629
ID89509,0.45250905
ID89510,0.2797067
ID89511,0.2988987
ID89512,0.5860615
ID89513,0.5103755
ID89514,0.5988736
ID89515,0.5004684
ID89516,0.45431498
ID89517,0.31185275
ID89518,0.6039039
ID89519,0.5436163
ID89520,0.34794414
ID89521,0.005319729
ID89522,0.32602885
ID89523,0.029785838
ID89524,0.64839023
ID89525,0.2538416
ID89526,0.10521229
ID89527,0.4321099
ID89528,0.4360579
ID89529,0.59300184
ID89530,0.31183332
ID89531,0.6127807
ID89532,0.65600944
ID89533,0.6186646
ID89534,0.22484241
ID89535,0.6608323
ID89536,0.117510416
ID89537,0.50560397
ID89538,0.2695314
ID89539,0.56512254
ID89540,0.51459736
ID89541,0.7547221
ID89542,0.36127147
ID89543,0.3480343
ID89544,0.6848548
ID89545,0.043323968
ID89546,0.2569469
ID89547,0.08685096
ID89548,0.36717552
ID89549,0.29054233
ID89550,0.5468956
ID89551,0.5624131
ID89552,0.011975449
ID89553,0.098127425
ID89554,0.416217
ID89555,0.65817636
ID89556,0.29647282
ID89557,0.65373814
ID89558,0.2860593
ID89559,0.56063443
ID89560,0.45399886
ID89561,0.3960734
ID89562,0.76836544
ID89563,0.6705565
ID89564,0.4976683
ID89565,0.5083448
ID89566,0.35176507
ID89567,0.40797943
ID89568,0.36767727
ID89569,0.42490923
ID89570,0.70917046
ID89571,0.5637946
ID89572,0.32471743
ID89573,0.29811934
ID89574,0.1643307
ID89575,0.24671221
ID89576,0.35023713
ID89577,0.4878182
ID89578,0.13524663
ID89579,0.73141974
ID89580,0.36773947
ID89581,0.11151319
ID89582,0.28151953
ID89583,0.4473023
ID89584,0.5549121
ID89585,0.36018288
ID89586,0.53923696
ID89587,0.36905915
ID89588,0.24097374
ID89589,0.044228047
ID89590,0.12863734
ID89591,0.54654926
ID89592,0.36818516
ID89593,0.25440276
ID89594,0.5685597
ID89595,0.24277426
ID89596,0.073309556
ID89597,0.5503539
ID89598,0.22243832
ID89599,0.6514456
ID89600,0.5970443
ID89601,0.39979333
ID89602,0.33905452
ID89603,0.06784333
ID89604,0.15212981
ID89605,0.25709575
ID89606,0.2199477
ID89607,0.41111466
ID89608,0.45171258
ID89609,0.23283444
ID89610,0.63721997
ID89611,0.57822543
ID89612,0.31504014
ID89613,0.55576193
ID89614,0.05969252
ID89615,0.630729
ID89616,0.58229655
ID89617,0.66321945
ID89618,0.4081508
ID89619,0.3746427
ID89620,0.22662628
ID89621,0.4797092
ID89622,0.36717108
ID89623,0.065386824
ID89624,0.5560786
ID89625,0.5663027
ID89626,0.4460344
ID89627,0.15642977
ID89628,0.6421689
ID89629,0.18576477
ID89630,0.46415025
ID89631,0.21049629
ID89632,0.4403979
ID89633,0.18602584
ID89634,0.1568381
ID89635,0.44356954
ID89636,0.6598582
ID89637,0.25182068
ID89638,0.6588962
ID89639,0.39210698
ID89640,0.39653412
ID89641,0.62820864
ID89642,0.56383
ID89643,0.22830911
ID89644,0.5926117
ID89645,0.61812353
ID89646,0.31457466
ID89647,0.26152197
ID89648,0.26218542
ID89649,0.73843044
ID89650,0.35638776
ID89651,0.1513274
ID89652,0.23871453
ID89653,0.26067057
ID89654,0.20988046
ID89655,0.28396806
ID89656,0.5128368
ID89657,0.30294168
ID89658,0.5830031
ID89659,0.48216808
ID89660,0.34610197
ID89661,0.076303534
ID89662,0.62030876
ID89663,0.4740737
ID89664,0.34510586
ID89665,0.61007804
ID89666,0.7350961
ID89667,0.48243064
ID89668,0.40218776
ID89669,0.6774739
ID89670,0.7723286
ID89671,0.43521667
ID89672,0.3342628
ID89673,0.07460098
ID89674,0.5251022
ID89675,0.52640456
ID89676,0.41917327
ID89677,0.31167784
ID89678,0.3710663
ID89679,0.51749086
ID89680,0.54843503
ID89681,0.7340659
ID89682,0.34358802
ID89683,0.5029388
ID89684,0.55958164
ID89685,0.36284068
ID89686,0.28800607
ID89687,0.6352031
ID89688,0.21260786
ID89689,0.4011322
ID89690,0.5722995
ID89691,0.3047845
ID89692,0.07303216
ID89693,0.1158647
ID89694,0.46161306
ID89695,0.37571335
ID89696,0.5020437
ID89697,0.58217365
ID89698,0.098590516
ID89699,0.3115437
ID89700,0.5131421
ID89701,0.56951845
ID89702,0.6527684
ID89703,0.37832126
ID89704,0.28813455
ID89705,0.59115946
ID89706,0.625656
ID89707,0.41514283
ID89708,0.5049333
ID89709,0.6719399
ID89710,0.3266005
ID89711,0.633047
ID89712,0.47630015
ID89713,0.009279755
ID89714,0.4271758
ID89715,0.51657844
ID89716,0.45201334
ID89717,0.53882074
ID89718,0.3617383
ID89719,0.6714397
ID89720,0.37032756
ID89721,0.5635833
ID89722,0.71131545
ID89723,0.64329726
ID89724,0.53205144
ID89725,0.57112396
ID89726,0.4318289
ID89727,0.4320923
ID89728,0.39162326
ID89729,0.45554262
ID89730,0.58151406
ID89731,0.31226575
ID89732,0.55371374
ID89733,0.52529734
ID89734,0.61294746
ID89735,0.65625083
ID89736,0.7741271
ID89737,0.087892056
ID89738,0.36226693
ID89739,0.25312427
ID89740,0.36498594
ID89741,0.14435014
ID89742,0.4775605
ID89743,0.49328864
ID89744,0.068705074
ID89745,0.32301465
ID89746,0.64318
ID89747,0.55615765
ID89748,0.46717623
ID89749,0.36559024
ID89750,0.6689959
ID89751,0.30309492
ID89752,0.3884425
ID89753,0.037672505
ID89754,0.38174117
ID89755,0.46488336
ID89756,0.44065133
ID89757,0.3070883
ID89758,0.17848587
ID89759,0.3809018
ID89760,0.28514525
ID89761,0.7042139
ID89762,0.7080874
ID89763,0.71506023
ID89764,0.3261853
ID89765,0.675052
ID89766,0.2903996
ID89767,0.25979534
ID89768,0.49919504
ID89769,0.62463963
ID89770,0.46313936
ID89771,0.13568947
ID89772,0.46328804
ID89773,0.68503743
ID89774,0.6276723
ID89775,0.58748376
ID89776,0.41241708
ID89777,0.8529276
ID89778,0.63426024
ID89779,0.27518398
ID89780,0.172127
ID89781,0.5773661
ID89782,0.52934605
ID89783,0.45043308
ID89784,0.15436195
ID89785,0.2246027
ID89786,0.30682603
ID89787,0.32320482
ID89788,0.11862069
ID89789,0.41942617
ID89790,0.5234119
ID89791,0.25764146
ID89792,0.3459145
ID89793,0.47840405
ID89794,0.6563254
ID89795,0.09422141
ID89796,0.21196708
ID89797,0.5769544
ID89798,0.3807413
ID89799,0.6087494
ID89800,0.6305252
ID89801,0.23316498
ID89802,0.1492293
ID89803,0.5776423
ID89804,0.38744187
ID89805,0.5423265
ID89806,0.23295568
ID89807,0.3004086
ID89808,0.33895984
ID89809,0.74307066
ID89810,0.09705283
ID89811,0.43978977
ID89812,0.4265902
ID89813,0.5488343
ID89814,0.4886474
ID89815,0.6441171
ID89816,0.49372587
ID89817,0.7435639
ID89818,0.64248246
ID89819,0.3087332
ID89820,0.34225315
ID89821,0.48016503
ID89822,0.53586954
ID89823,0.07148281
ID89824,0.51408887
ID89825,0.5837045
ID89826,0.4416101
ID89827,0.14982656
ID89828,0.74596983
ID89829,0.5313861
ID89830,0.49799228
ID89831,0.31051353
ID89832,0.63051313
ID89833,0.6122125
ID89834,0.37514815
ID89835,0.71357787
ID89836,0.5198308
ID89837,0.5670204
ID89838,0.52534974
ID89839,0.19752084
ID89840,0.25756896
ID89841,0.6337574
ID89842,0.54106796
ID89843,0.76170695
ID89844,0.5842351
ID89845,0.46994582
ID89846,0.6011328
ID89847,0.43765587
ID89848,0.6032313
ID89849,0.6100628
ID89850,0.18600842
ID89851,0.35959667
ID89852,0.68210477
ID89853,0.18573903
ID89854,0.6008906
ID89855,0.4315816
ID89856,0.08287552
ID89857,0.22756687
ID89858,0.39309815
ID89859,0.3948349
ID89860,0.54707175
ID89861,0.41224885
ID89862,0.33329338
ID89863,0.039872378
ID89864,0.5841903
ID89865,0.06325458
ID89866,0.40470028
ID89867,0.66822803
ID89868,0.4708859
ID89869,0.096902266
ID89870,0.6408056
ID89871,0.62760746
ID89872,0.54251295
ID89873,0.5859259
ID89874,0.6037825
ID89875,0.45259258
ID89876,0.2603222
ID89877,0.14200626
ID89878,0.17535932
ID89879,0.21292818
ID89880,0.6288554
ID89881,0.6288054
ID89882,0.3253762
ID89883,0.011341043
ID89884,0.3473924
ID89885,0.69012445
ID89886,0.4760812
ID89887,0.33047572
ID89888,0.61809385
ID89889,0.65415996
ID89890,0.60232013
ID89891,0.6309469
ID89892,0.53258586
ID89893,0.32288325
ID89894,0.13350062
ID89895,0.5887654
ID89896,0.19788457
ID89897,0.2743735
ID89898,0.12324748
ID89899,0.26944372
ID89900,0.24154218
ID89901,0.32076654
ID89902,0.4237844
ID89903,0.38330847
ID89904,0.3157822
ID89905,0.43143752
ID89906,0.40992546
ID89907,0.16817339
ID89908,0.53294754
ID89909,0.08110578
ID89910,0.3878592
ID89911,0.35652128
ID89912,0.58444655
ID89913,0.5214684
ID89914,0.07626755
ID89915,0.45070016
ID89916,0.62404597
ID89917,0.67337155
ID89918,0.62028664
ID89919,0.040944222
ID89920,0.44864097
ID89921,0.63719666
ID89922,0.46949154
ID89923,0.37376225
ID89924,0.16190031
ID89925,0.0049456153
ID89926,0.31044996
ID89927,0.37189722
ID89928,0.38356522
ID89929,0.25386027
ID89930,0.7284259
ID89931,0.5963041
ID89932,0.33461538
ID89933,0.56152844
ID89934,0.4168851
ID89935,0.295712
ID89936,0.66987807
ID89937,0.4146049
ID89938,0.59182
ID89939,0.16559748
ID89940,0.38064912
ID89941,0.3150022
ID89942,0.19999366
ID89943,0.49792865
ID89944,0.61922634
ID89945,0.6135051
ID89946,0.33804744
ID89947,0.15162103
ID89948,0.26224798
ID89949,0.4951484
ID89950,0.44478524
ID89951,0.64095366
ID89952,0.10166112
ID89953,0.5578672
ID89954,0.15341511
ID89955,0.43645722
ID89956,0.5533
ID89957,0.6038155
ID89958,0.38557816
ID89959,0.36113268
ID89960,0.48195407
ID89961,0.52546006
ID89962,0.59269315
ID89963,0.15655242
ID89964,0.66533774
ID89965,0.4502072
ID89966,0.30571312
ID89967,0.3607091
ID89968,0.52282655
ID89969,0.6326876
ID89970,0.5869158
ID89971,0.1683903
ID89972,0.59126884
ID89973,0.6715412
ID89974,0.39513266
ID89975,0.3575773
ID89976,0.72873193
ID89977,0.24950567
ID89978,0.5361334
ID89979,0.6135195
ID89980,0.387909
ID89981,0.047848865
ID89982,0.39072052
ID89983,0.59585965
ID89984,0.41663623
ID89985,0.68684196
ID89986,0.5142539
ID89987,0.52774805
ID89988,0.5228835
ID89989,0.3362254
ID89990,0.47046578
ID89991,0.2465837
ID89992,0.5329376
ID89993,0.33753794
ID89994,0.29703373
ID89995,0.3443409
ID89996,0.16682181
ID89997,0.03949676
ID89998,0.084633835
ID89999,0.39513388
ID90000,0.45914486
ID90001,0.2649918
ID90002,0.32976803
ID90003,0.33557585
ID90004,0.5540012
ID90005,0.50307703
ID90006,0.53517425
ID90007,0.3451243
ID90008,0.5256424
ID90009,0.5953967
ID90010,0.4799547
ID90011,0.66226107
ID90012,0.43069717
ID90013,0.5907191
ID90014,0.65613955
ID90015,0.41428933
ID90016,0.48115835
ID90017,0.4129179
ID90018,0.49476886
ID90019,0.4298363
ID90020,0.159742
ID90021,0.3183996
ID90022,0.24775732
ID90023,0.219476
ID90024,0.47708583
ID90025,0.41583073
ID90026,0.2094476
ID90027,0.43677637
ID90028,0.6348498
ID90029,0.28450152
ID90030,0.32130945
ID90031,0.58684766
ID90032,0.085400395
ID90033,0.54744935
ID90034,0.49664745
ID90035,0.6197306
ID90036,0.5188686
ID90037,0.23023339
ID90038,0.40864396
ID90039,0.13438186
ID90040,0.39632288
ID90041,0.4641558
ID90042,0.6175739
ID90043,0.5824852
ID90044,0.48236382
ID90045,0.27681735
ID90046,0.27633393
ID90047,0.08757009
ID90048,0.2688615
ID90049,0.5856013
ID90050,0.4622881
ID90051,0.63236356
ID90052,0.5079679
ID90053,0.55673784
ID90054,0.5906359
ID90055,0.10012989
ID90056,0.6811898
ID90057,0.6755953
ID90058,0.5497496
ID90059,0.5476635
ID90060,0.5211351
ID90061,0.17815025
ID90062,0.41082716
ID90063,0.5682173
ID90064,0.4692417
ID90065,0.2605379
ID90066,0.53063035
ID90067,0.4696789
ID90068,0.035659034
ID90069,0.5751221
ID90070,0.23120219
ID90071,0.66029406
ID90072,0.41046703
ID90073,0.09258623
ID90074,0.003325287
ID90075,0.6096264
ID90076,0.4115196
ID90077,0.54204494
ID90078,0.40430647
ID90079,0.46577945
ID90080,0.610307
ID90081,0.35091427
ID90082,0.1108905
ID90083,0.5729542
ID90084,0.6781723
ID90085,0.61347497
ID90086,0.11581241
ID90087,0.4123629
ID90088,0.39539856
ID90089,0.29539594
ID90090,0.072746955
ID90091,0.3406195
ID90092,0.593732
ID90093,0.6271662
ID90094,0.61633635
ID90095,0.39652574
ID90096,0.47275317
ID90097,0.19529065
ID90098,0.54912627
ID90099,0.156216
ID90100,0.2553458
ID90101,0.6626312
ID90102,0.29820052
ID90103,0.5587771
ID90104,0.023113428
ID90105,0.17925598
ID90106,0.49424145
ID90107,0.4510869
ID90108,0.63255966
ID90109,0.4432491
ID90110,0.042196777
ID90111,0.18540156
ID90112,0.3491489
ID90113,0.52033895
ID90114,0.55674666
ID90115,0.20952508
ID90116,0.5955247
ID90117,0.26217774
ID90118,0.71578616
ID90119,0.6105695
ID90120,0.6140183
ID90121,0.7685645
ID90122,0.4347747
ID90123,0.4358125
ID90124,0.48146296
ID90125,0.36478016
ID90126,0.45431617
ID90127,0.47994176
ID90128,0.009708288
ID90129,0.82242745
ID90130,0.20176841
ID90131,0.4881009
ID90132,0.15848383
ID90133,0.330647
ID90134,0.38293183
ID90135,0.68904227
ID90136,0.063403465
ID90137,0.16287144
ID90138,0.53450495
ID90139,0.5381892
ID90140,0.5555723
ID90141,0.07529955
ID90142,0.2584076
ID90143,0.3077319
ID90144,0.5801802
ID90145,0.5890953
ID90146,0.54716945
ID90147,0.23101038
ID90148,0.38917834
ID90149,0.26490775
ID90150,0.738485
ID90151,0.27204987
ID90152,0.44502386
ID90153,0.5521608
ID90154,0.27343616
ID90155,0.59647906
ID90156,0.09873036
ID90157,0.46032605
ID90158,0.6104525
ID90159,0.5547874
ID90160,0.68091714
ID90161,0.48969555
ID90162,0.47340286
ID90163,0.5991505
ID90164,0.60600376
ID90165,0.34799424
ID90166,0.21259016
ID90167,0.30114895
ID90168,0.34117812
ID90169,0.74353766
ID90170,0.7065795
ID90171,0.6416018
ID90172,0.42713302
ID90173,0.4962439
ID90174,0.5900669
ID90175,0.4000764
ID90176,0.6638318
ID90177,0.15452275
ID90178,0.66158354
ID90179,0.4163544
ID90180,0.366568
ID90181,0.44722083
ID90182,0.58466333
ID90183,0.437333
ID90184,0.40425196
ID90185,0.20761158
ID90186,0.4809101
ID90187,0.5721129
ID90188,0.4470675
ID90189,0.5575752
ID90190,0.14244418
ID90191,0.5782035
ID90192,0.58376306
ID90193,0.112031564
ID90194,0.3199689
ID90195,0.55497384
ID90196,0.4483467
ID90197,0.43796864
ID90198,0.24185726
ID90199,0.2459188
ID90200,0.20318983
ID90201,0.04526323
ID90202,0.5932409
ID90203,0.25673032
ID90204,0.13627355
ID90205,0.09404668
ID90206,0.13499686
ID90207,0.10562723
ID90208,0.14525199
ID90209,0.73265636
ID90210,0.6948601
ID90211,0.527051
ID90212,0.3633324
ID90213,0.08166935
ID90214,0.17552245
ID90215,0.62958527
ID90216,0.10256411
ID90217,0.39843312
ID90218,0.47852814
ID90219,0.6092926
ID90220,0.34150964
ID90221,0.07520186
ID90222,0.60846126
ID90223,0.63849455
ID90224,0.72241515
ID90225,0.53556854
ID90226,0.4916446
ID90227,0.38665468
ID90228,0.44017154
ID90229,0.6065913
ID90230,0.5360394
ID90231,0.6008843
ID90232,0.2334641
ID90233,0.3408523
ID90234,0.536019
ID90235,0.56523776
ID90236,0.37061387
ID90237,0.3166649
ID90238,0.5451755
ID90239,0.16983536
ID90240,0.36465117
ID90241,0.5387421
ID90242,0.63224685
ID90243,0.31257713
ID90244,0.2415577
ID90245,0.39268723
ID90246,0.19290815
ID90247,0.5622487
ID90248,0.53974867
ID90249,0.3022146
ID90250,0.3035264
ID90251,0.6692104
ID90252,0.5737163
ID90253,0.8194522
ID90254,0.120634146
ID90255,0.2574355
ID90256,0.5673409
ID90257,0.44639352
ID90258,0.2551075
ID90259,0.4613731
ID90260,0.6047778
ID90261,0.56718695
ID90262,0.36459666
ID90263,0.60796124
ID90264,0.081316195
ID90265,0.20458427
ID90266,0.6903681
ID90267,0.3769038
ID90268,0.527569
ID90269,0.38869607
ID90270,0.34533682
ID90271,0.5326949
ID90272,0.33210716
ID90273,0.33170173
ID90274,0.7214289
ID90275,0.07810911
ID90276,0.12609474
ID90277,0.5158419
ID90278,0.18942657
ID90279,0.41329935
ID90280,0.17251563
ID90281,0.32538682
ID90282,0.451639
ID90283,0.5452279
ID90284,0.7307058
ID90285,0.49971116
ID90286,0.0905024
ID90287,0.17037104
ID90288,0.3691555
ID90289,0.27583262
ID90290,0.4790641
ID90291,0.16173713
ID90292,0.3837631
ID90293,0.4264871
ID90294,0.42408842
ID90295,0.285927
ID90296,0.3676344
ID90297,0.60951877
ID90298,0.70124346
ID90299,0.6508893
ID90300,0.641177
ID90301,0.30085185
ID90302,0.21712574
ID90303,0.44858292
ID90304,0.27127966
ID90305,0.6941102
ID90306,0.23057947
ID90307,0.65402627
ID90308,0.05057614
ID90309,0.5978695
ID90310,0.24975258
ID90311,0.3326532
ID90312,0.62677085
ID90313,0.6600376
ID90314,0.55053264
ID90315,0.21181282
ID90316,0.1717142
ID90317,0.23553623
ID90318,0.4547037
ID90319,0.1770367
ID90320,0.14956354
ID90321,0.33219242
ID90322,0.7474518
ID90323,0.45171696
ID90324,0.51067054
ID90325,0.67040116
ID90326,0.60571533
ID90327,0.49303478
ID90328,0.63840806
ID90329,0.13170524
ID90330,0.4444381
ID90331,0.5272431
ID90332,0.62368953
ID90333,0.63143784
ID90334,0.5489086
ID90335,0.17626195
ID90336,0.3105092
ID90337,0.547371
ID90338,0.37511277
ID90339,0.0052693384
ID90340,0.4681267
ID90341,0.3252677
ID90342,0.6852052
ID90343,0.090022504
ID90344,0.0917192
ID90345,0.30371505
ID90346,0.6071443
ID90347,0.21316051
ID90348,0.73933196
ID90349,0.54979384
ID90350,0.52389807
ID90351,0.30109328
ID90352,0.19422889
ID90353,0.70704865
ID90354,0.2787251
ID90355,0.23868285
ID90356,0.4359316
ID90357,0.27137828
ID90358,0.6112103
ID90359,0.59280485
ID90360,0.51273763
ID90361,0.42607513
ID90362,0.32686782
ID90363,0.46539494
ID90364,0.37099105
ID90365,0.57224286
ID90366,0.58769256
ID90367,0.38674343
ID90368,0.64987147
ID90369,0.40970546
ID90370,0.28340194
ID90371,0.49423236
ID90372,0.36968943
ID90373,0.3472636
ID90374,0.5121035
ID90375,0.37085986
ID90376,0.5875996
ID90377,0.5140162
ID90378,0.4444645
ID90379,0.20940687
ID90380,0.70501006
ID90381,0.35124576
ID90382,0.26434666
ID90383,0.07178987
ID90384,0.672369
ID90385,0.4420488
ID90386,0.26421317
ID90387,0.5240441
ID90388,0.14206824
ID90389,0.6650861
ID90390,0.5461141
ID90391,0.6749954
ID90392,0.5685225
ID90393,0.4742085
ID90394,0.17135972
ID90395,0.368018
ID90396,0.45934936
ID90397,0.4464893
ID90398,0.35738745
ID90399,0.063137904
ID90400,0.28609744
ID90401,0.24725035
ID90402,0.45276114
ID90403,0.053674165
ID90404,0.18689449
ID90405,0.710528
ID90406,0.67250884
ID90407,0.41060296
ID90408,0.64104813
ID90409,0.27038312
ID90410,0.6374597
ID90411,0.40247938
ID90412,0.1540749
ID90413,0.49038133
ID90414,0.38592392
ID90415,0.52852124
ID90416,0.3304219
ID90417,0.70182145
ID90418,0.18204445
ID90419,0.32164052
ID90420,0.25550655
ID90421,0.4050484
ID90422,0.53943676
ID90423,0.37791145
ID90424,0.5457725
ID90425,0.35017446
ID90426,0.55110234
ID90427,0.6797741
ID90428,0.40572837
ID90429,0.15511096
ID90430,0.60091734
ID90431,0.47751147
ID90432,0.45646694
ID90433,0.5065681
ID90434,0.48957893
ID90435,0.6484985
ID90436,0.5448391
ID90437,0.5920832
ID90438,0.535476
ID90439,0.5555094
ID90440,0.6836955
ID90441,0.5588043
ID90442,0.63579595
ID90443,0.5816408
ID90444,0.37271902
ID90445,0.23425542
ID90446,0.12771453
ID90447,0.6207104
ID90448,0.58398116
ID90449,0.5934674
ID90450,0.17355567
ID90451,0.5291282
ID90452,0.037824556
ID90453,0.35424864
ID90454,0.33633742
ID90455,0.6377617
ID90456,0.43338397
ID90457,0.59487695
ID90458,0.35725605
ID90459,0.26014003
ID90460,0.5443491
ID90461,0.22341208
ID90462,0.60640776
ID90463,0.5623953
ID90464,0.12858489
ID90465,0.2577685
ID90466,0.54996896
ID90467,0.5689352
ID90468,0.06888193
ID90469,0.50981003
ID90470,0.49845168
ID90471,0.32375324
ID90472,0.43615893
ID90473,0.5989476
ID90474,0.59433436
ID90475,0.17552198
ID90476,0.40055406
ID90477,0.3952667
ID90478,0.6441961
ID90479,0.111978084
ID90480,0.2498456
ID90481,0.6139549
ID90482,0.4652566
ID90483,0.24084742
ID90484,0.4983795
ID90485,0.3146067
ID90486,0.118735954
ID90487,0.4071556
ID90488,0.35368708
ID90489,0.62338364
ID90490,0.4036472
ID90491,0.6857399
ID90492,0.10504745
ID90493,0.33140653
ID90494,0.3911641
ID90495,0.3327626
ID90496,0.45152557
ID90497,0.06834335
ID90498,0.66749674
ID90499,0.5918234
ID90500,0.41000047
ID90501,0.19888066
ID90502,0.4478145
ID90503,0.5956995
ID90504,0.38399652
ID90505,0.39081413
ID90506,0.5137747
ID90507,0.1766523
ID90508,0.37934288
ID90509,0.08509654
ID90510,0.33276615
ID90511,0.4804133
ID90512,0.7196044
ID90513,0.57174456
ID90514,0.30412704
ID90515,0.45975727
ID90516,0.6187909
ID90517,0.5527516
ID90518,0.6185397
ID90519,0.47718203
ID90520,0.12728287
ID90521,0.6780416
ID90522,0.26560915
ID90523,0.059536263
ID90524,0.38353148
ID90525,0.463703
ID90526,0.34814966
ID90527,0.32515666
ID90528,0.4893332
ID90529,0.59832096
ID90530,0.4757286
ID90531,0.5506196
ID90532,0.07891008
ID90533,0.2842393
ID90534,0.082263894
ID90535,0.62546927
ID90536,0.36887294
ID90537,0.5675876
ID90538,0.4453869
ID90539,0.52297443
ID90540,0.3093574
ID90541,0.31218934
ID90542,0.38541132
ID90543,0.5943931
ID90544,0.56177026
ID90545,0.48610145
ID90546,0.4299432
ID90547,0.4818291
ID90548,0.48794115
ID90549,0.29272074
ID90550,0.4318434
ID90551,0.65768844
ID90552,0.15338413
ID90553,0.09908546
ID90554,0.64815897
ID90555,0.3573068
ID90556,0.29671872
ID90557,0.6692454
ID90558,0.42518017
ID90559,0.3159294
ID90560,0.5084288
ID90561,0.058414727
ID90562,0.11794809
ID90563,0.4368343
ID90564,0.3505266
ID90565,0.6349553
ID90566,0.6058858
ID90567,0.051999193
ID90568,0.59605104
ID90569,0.26791912
ID90570,0.0047163228
ID90571,0.29191026
ID90572,0.0564736
ID90573,0.506038
ID90574,0.6134991
ID90575,0.1573394
ID90576,0.64504075
ID90577,0.65706724
ID90578,0.5258995
ID90579,0.2986597
ID90580,0.3756974
ID90581,0.44795826
ID90582,0.54135096
ID90583,0.50498134
ID90584,0.37432507
ID90585,0.09427499
ID90586,0.11796298
ID90587,0.48691496
ID90588,0.19805636
ID90589,0.45066607
ID90590,0.55545026
ID90591,0.38622564
ID90592,0.45379597
ID90593,0.15557908
ID90594,0.5735958
ID90595,0.47255364
ID90596,0.42069682
ID90597,0.0074145333
ID90598,0.50002563
ID90599,0.0880536
ID90600,0.15659344
ID90601,0.69524914
ID90602,0.18325435
ID90603,0.43078524
ID90604,0.5742992
ID90605,0.31139174
ID90606,0.30770832
ID90607,0.11524257
ID90608,0.42326725
ID90609,0.45584023
ID90610,0.55423874
ID90611,0.55170137
ID90612,0.6904201
ID90613,0.4018093
ID90614,0.68202627
ID90615,0.5684912
ID90616,0.5685364
ID90617,0.61760587
ID90618,0.6523129
ID90619,0.3674053
ID90620,0.2787997
ID90621,0.45949042
ID90622,0.22416219
ID90623,0.64225733
ID90624,0.5527988
ID90625,0.4828397
ID90626,0.60387886
ID90627,0.58956146
ID90628,0.5473274
ID90629,0.3966936
ID90630,0.72770464
ID90631,0.44670942
ID90632,0.17988259
ID90633,0.5055489
ID90634,0.39817396
ID90635,0.6953108
ID90636,0.27145013
ID90637,0.36396644
ID90638,0.68856907
ID90639,0.5294934
ID90640,0.58488035
ID90641,0.5259048
ID90642,0.653113
ID90643,0.6925028
ID90644,0.59331554
ID90645,0.24723412
ID90646,0.6720949
ID90647,0.5101153
ID90648,0.18581049
ID90649,0.20432256
ID90650,0.49564955
ID90651,0.61456364
ID90652,0.20713726
ID90653,0.6537522
ID90654,0.43968418
ID90655,0.12862574
ID90656,0.32352582
ID90657,0.30219966
ID90658,0.32353038
ID90659,0.5087327
ID90660,0.4110173
ID90661,0.49271286
ID90662,0.15532695
ID90663,0.18988179
ID90664,0.40660915
ID90665,0.4043681
ID90666,0.6210231
ID90667,0.4078058
ID90668,0.3750192
ID90669,0.68859065
ID90670,0.26386654
ID90671,0.5231376
ID90672,0.42806917
ID90673,0.6211036
ID90674,0.48733333
ID90675,0.30671865
ID90676,0.5873501
ID90677,0.4702994
ID90678,0.44818735
ID90679,0.6486802
ID90680,0.1162594
ID90681,0.33999443
ID90682,0.6424403
ID90683,0.16288722
ID90684,0.69814736
ID90685,0.09622733
ID90686,0.21078196
ID90687,0.60971296
ID90688,0.52829885
ID90689,0.5305217
ID90690,0.48237526
ID90691,0.21637331
ID90692,0.41239688
ID90693,0.6059647
ID90694,0.47871992
ID90695,0.27603447
ID90696,0.63092554
ID90697,0.41294873
ID90698,0.5981695
ID90699,0.6730825
ID90700,0.5320927
ID90701,0.6507211
ID90702,0.26024443
ID90703,0.5783726
ID90704,0.6114471
ID90705,0.07965578
ID90706,0.46766666
ID90707,0.19338927
ID90708,0.084863
ID90709,0.09084964
ID90710,0.51364106
ID90711,0.11299027
ID90712,0.41771293
ID90713,0.50246483
ID90714,0.51017904
ID90715,0.28150716
ID90716,0.419031
ID90717,0.45630863
ID90718,0.5484959
ID90719,0.551985
ID90720,0.49424332
ID90721,0.58301854
ID90722,0.17884055
ID90723,0.26585478
ID90724,0.4873288
ID90725,0.41483876
ID90726,0.049834568
ID90727,0.6410284
ID90728,0.5000735
ID90729,0.32073385
ID90730,0.4396394
ID90731,0.486573
ID90732,0.56417304
ID90733,0.5053823
ID90734,0.45216858
ID90735,0.36597323
ID90736,0.6085945
ID90737,0.32920012
ID90738,0.49561343
ID90739,0.38080144
ID90740,0.63076705
ID90741,0.67638624
ID90742,0.5384974
ID90743,0.232459
ID90744,0.38341093
ID90745,0.42702973
ID90746,0.3229137
ID90747,0.31016496
ID90748,0.5826724
ID90749,0.052064613
ID90750,0.262015
ID90751,0.21917062
ID90752,0.34561595
ID90753,0.5892054
ID90754,0.62294465
ID90755,0.6227537
ID90756,0.07602405
ID90757,0.43133366
ID90758,0.36247462
ID90759,0.38532916
ID90760,0.48774529
ID90761,0.5879516
ID90762,0.64057875
ID90763,0.39507076
ID90764,0.48765892
ID90765,0.0089365225
ID90766,0.7154927
ID90767,0.5403046
ID90768,0.24623819
ID90769,0.5800266
ID90770,0.45771137
ID90771,0.49505922
ID90772,0.5968345
ID90773,0.57481146
ID90774,0.5141361
ID90775,0.21494786
ID90776,0.48013377
ID90777,0.1800243
ID90778,0.28162193
ID90779,0.43431395
ID90780,0.2705768
ID90781,0.4324135
ID90782,0.3543513
ID90783,0.73427224
ID90784,0.10652601
ID90785,0.22993751
ID90786,0.076352604
ID90787,0.12874888
ID90788,0.13994181
ID90789,0.32389447
ID90790,0.64893764
ID90791,0.27140486
ID90792,0.4715643
ID90793,0.08248795
ID90794,0.6305215
ID90795,0.31607217
ID90796,0.4588698
ID90797,0.14373143
ID90798,0.62360054
ID90799,0.37037745
ID90800,0.41113153
ID90801,0.47429734
ID90802,0.41922465
ID90803,0.48506895
ID90804,0.23656814
ID90805,0.5734531
ID90806,0.7400372
ID90807,0.34135634
ID90808,0.47270858
ID90809,0.56719947
ID90810,0.28767496
ID90811,0.67586815
ID90812,0.6617276
ID90813,0.6586999
ID90814,0.547749
ID90815,0.28808838
ID90816,0.31667528
ID90817,0.5574738
ID90818,0.25438428
ID90819,0.4728441
ID90820,0.468126
ID90821,0.31414303
ID90822,0.47967094
ID90823,0.534641
ID90824,0.23902819
ID90825,0.3871001
ID90826,0.6506099
ID90827,0.39060223
ID90828,0.14907262
ID90829,0.7295686
ID90830,0.21287607
ID90831,0.60515475
ID90832,0.60832644
ID90833,0.50433505
ID90834,0.3282934
ID90835,0.27073848
ID90836,0.4972881
ID90837,0.26182148
ID90838,0.009938821
ID90839,0.24683943
ID90840,0.6173488
ID90841,0.5109442
ID90842,0.48026896
ID90843,0.10800587
ID90844,0.65439326
ID90845,0.42840764
ID90846,0.17401211
ID90847,0.23324692
ID90848,0.5899097
ID90849,0.54848796
ID90850,0.582116
ID90851,0.45972764
ID90852,0.36974588
ID90853,0.35339323
ID90854,0.30050194
ID90855,0.58452797
ID90856,0.36362505
ID90857,0.4778604
ID90858,0.031545773
ID90859,0.50200593
ID90860,0.7196561
ID90861,0.43707895
ID90862,0.09743939
ID90863,0.4458034
ID90864,0.44395533
ID90865,0.43777016
ID90866,0.49359328
ID90867,0.6181244
ID90868,0.45037204
ID90869,0.05378798
ID90870,0.7146036
ID90871,0.069733635
ID90872,0.3705876
ID90873,0.60484993
ID90874,0.14538202
ID90875,0.72494584
ID90876,0.42421255
ID90877,0.3496564
ID90878,0.5847172
ID90879,0.59189665
ID90880,0.4481999
ID90881,0.17038874
ID90882,0.07975615
ID90883,0.50902295
ID90884,0.02501411
ID90885,0.26061332
ID90886,0.18279284
ID90887,0.5886895
ID90888,0.15301424
ID90889,0.5748151
ID90890,0.3401735
ID90891,0.5883152
ID90892,0.23357531
ID90893,0.51127315
ID90894,0.5527345
ID90895,0.08448741
ID90896,0.6694852
ID90897,0.16176993
ID90898,0.60978764
ID90899,0.4914585
ID90900,0.2138023
ID90901,0.42261472
ID90902,0.2760428
ID90903,0.567763
ID90904,0.47197363
ID90905,0.27951068
ID90906,0.19602305
ID90907,0.4522145
ID90908,0.51656413
ID90909,0.5604986
ID90910,0.24961023
ID90911,0.31429678
ID90912,0.39958578
ID90913,0.21574111
ID90914,0.5642942
ID90915,0.5933279
ID90916,0.30943105
ID90917,0.21621941
ID90918,0.56551963
ID90919,0.33711392
ID90920,0.15918984
ID90921,0.0068017277
ID90922,0.58811927
ID90923,0.641976
ID90924,0.6348213
ID90925,0.5192932
ID90926,0.43636644
ID90927,0.06656145
ID90928,0.4147289
ID90929,0.1694126
ID90930,0.16915108
ID90931,0.2924691
ID90932,0.58206135
ID90933,0.5318553
ID90934,0.7337384
ID90935,0.24178386
ID90936,0.32987574
ID90937,0.66540915
ID90938,0.50872153
ID90939,0.32547262
ID90940,0.179834
ID90941,0.38605434
ID90942,0.3662508
ID90943,0.38100788
ID90944,0.6221348
ID90945,0.20608242
ID90946,0.5658671
ID90947,0.47353932
ID90948,0.2906986
ID90949,0.48864046
ID90950,0.36506647
ID90951,0.090199254
ID90952,0.060574923
ID90953,0.3412829
ID90954,0.5723379
ID90955,0.74309444
ID90956,0.17421374
ID90957,0.2776869
ID90958,0.17937408
ID90959,0.24616206
ID90960,0.28246105
ID90961,0.5601067
ID90962,0.6652223
ID90963,0.5488135
ID90964,0.6267049
ID90965,0.10289764
ID90966,0.51465625
ID90967,0.15857606
ID90968,0.4053862
ID90969,0.47479087
ID90970,0.40408143
ID90971,0.5391511
ID90972,0.16031307
ID90973,0.10681679
ID90974,0.4340515
ID90975,0.24659212
ID90976,0.34473965
ID90977,0.40554705
ID90978,0.45307717
ID90979,0.30011624
ID90980,0.36215577
ID90981,0.62716365
ID90982,0.59326667
ID90983,0.37307686
ID90984,0.33737218
ID90985,0.62708735
ID90986,0.14718702
ID90987,0.22903562
ID90988,0.4072213
ID90989,0.22372502
ID90990,0.3156073
ID90991,0.49442336
ID90992,0.51937276
ID90993,0.2305408
ID90994,0.39379787
ID90995,0.19669768
ID90996,0.5235651
ID90997,0.5636249
ID90998,0.47926956
ID90999,0.5221345
ID91000,0.6167664
ID91001,0.54817903
ID91002,0.5990659
ID91003,0.1557883
ID91004,0.6238859
ID91005,0.6116445
ID91006,0.60805374
ID91007,0.35189155
ID91008,0.4277665
ID91009,0.38755974
ID91010,0.20997727
ID91011,0.6386599
ID91012,0.37181938
ID91013,0.3145669
ID91014,0.35946608
ID91015,0.47219762
ID91016,0.4388677
ID91017,0.20255105
ID91018,0.6220586
ID91019,0.17748035
ID91020,0.23349829
ID91021,0.6745641
ID91022,0.1685453
ID91023,0.34230095
ID91024,0.566284
ID91025,0.44384912
ID91026,0.48849693
ID91027,0.02961825
ID91028,0.11495065
ID91029,0.4934914
ID91030,0.5142967
ID91031,0.5869214
ID91032,0.3104515
ID91033,0.31820747
ID91034,0.52060574
ID91035,0.5423847
ID91036,0.093214296
ID91037,0.3896395
ID91038,0.29767737
ID91039,0.5328002
ID91040,0.005970768
ID91041,0.42382187
ID91042,0.5418336
ID91043,0.58759165
ID91044,0.60837245
ID91045,0.32561144
ID91046,0.47482038
ID91047,0.57149845
ID91048,0.6154618
ID91049,0.11615967
ID91050,0.57380706
ID91051,0.6087903
ID91052,0.3322318
ID91053,0.07875454
ID91054,0.60098356
ID91055,0.12952612
ID91056,0.5026317
ID91057,0.34283406
ID91058,0.51760775
ID91059,0.15351829
ID91060,0.4986738
ID91061,0.52989715
ID91062,0.6631631
ID91063,0.18203376
ID91064,0.4178107
ID91065,0.31023392
ID91066,0.49252772
ID91067,0.6048788
ID91068,0.48615628
ID91069,0.42440256
ID91070,0.31727064
ID91071,0.54633003
ID91072,0.42559013
ID91073,0.4914092
ID91074,0.5229929
ID91075,0.5702445
ID91076,0.5481969
ID91077,0.36686784
ID91078,0.56231874
ID91079,0.5061681
ID91080,0.54734695
ID91081,0.6886155
ID91082,0.36337015
ID91083,0.4092902
ID91084,0.56542104
ID91085,0.45413902
ID91086,0.43942356
ID91087,0.283116
ID91088,0.25252488
ID91089,0.14619695
ID91090,0.4687272
ID91091,0.27620733
ID91092,0.36439633
ID91093,0.48951876
ID91094,0.45220387
ID91095,0.6145929
ID91096,0.2344608
ID91097,0.53487176
ID91098,0.30454832
ID91099,0.3748933
ID91100,0.14186895
ID91101,0.41267702
ID91102,0.25452057
ID91103,0.28192312
ID91104,0.65642035
ID91105,0.55847347
ID91106,0.59556586
ID91107,0.5452758
ID91108,0.11487896
ID91109,0.5942666
ID91110,0.30292895
ID91111,0.5697267
ID91112,0.33999085
ID91113,0.29027948
ID91114,0.21225744
ID91115,0.41424668
ID91116,0.38881633
ID91117,0.14934683
ID91118,0.24195793
ID91119,0.49325928
ID91120,0.60225916
ID91121,0.50359696
ID91122,0.52050656
ID91123,0.097519726
ID91124,0.032316465
ID91125,0.5938135
ID91126,0.6677004
ID91127,0.44723713
ID91128,0.6756117
ID91129,0.64711505
ID91130,0.3174604
ID91131,0.53301716
ID91132,0.17264369
ID91133,0.2779059
ID91134,0.5727386
ID91135,0.26661825
ID91136,0.428659
ID91137,0.65396833
ID91138,0.54662746
ID91139,0.21554828
ID91140,0.082859226
ID91141,0.27441382
ID91142,0.4519204
ID91143,0.10399774
ID91144,0.4890575
ID91145,0.19495983
ID91146,0.62553173
ID91147,0.6616958
ID91148,0.28286466
ID91149,0.42162114
ID91150,0.43872097
ID91151,0.5735462
ID91152,0.6295396
ID91153,0.077921584
ID91154,0.40470028
ID91155,0.105014734
ID91156,0.32360995
ID91157,0.35743526
ID91158,0.10122098
ID91159,0.17191525
ID91160,0.54279727
ID91161,0.5855969
ID91162,0.27992484
ID91163,0.45627388
ID91164,0.6140706
ID91165,0.5076121
ID91166,0.20128645
ID91167,0.1360492
ID91168,0.094231755
ID91169,0.24667297
ID91170,0.15627766
ID91171,0.32158068
ID91172,0.5374115
ID91173,0.6547769
ID91174,0.21341516
ID91175,0.16096458
ID91176,0.07930494
ID91177,0.64797395
ID91178,0.55534154
ID91179,0.44174087
ID91180,0.55984867
ID91181,0.6356469
ID91182,0.30005512
ID91183,0.10956878
ID91184,0.5902294
ID91185,0.5896413
ID91186,0.5676378
ID91187,0.22231995
ID91188,0.4578993
ID91189,0.59055114
ID91190,0.06087473
ID91191,0.077118084
ID91192,0.60766387
ID91193,0.27130112
ID91194,0.5127537
ID91195,0.5005035
ID91196,0.34195417
ID91197,0.4488989
ID91198,0.6408101
ID91199,0.32962134
ID91200,0.36889526
ID91201,0.07819549
ID91202,0.40958607
ID91203,0.20898755
ID91204,0.28957242
ID91205,0.2999373
ID91206,0.015358445
ID91207,0.5855625
ID91208,0.21225096
ID91209,0.33688766
ID91210,0.64428335
ID91211,0.25348046
ID91212,0.5795491
ID91213,0.43559355
ID91214,0.48407704
ID91215,0.1134627
ID91216,0.6785706
ID91217,0.21743587
ID91218,0.4388079
ID91219,0.16554716
ID91220,0.6086098
ID91221,0.23431191
ID91222,0.6296637
ID91223,0.48079747
ID91224,0.7234109
ID91225,0.5564467
ID91226,0.43483302
ID91227,0.1558525
ID91228,0.60192764
ID91229,0.14975211
ID91230,0.5369769
ID91231,0.44223604
ID91232,0.62743664
ID91233,0.37692192
ID91234,0.19255891
ID91235,0.21839404
ID91236,0.438346
ID91237,0.58081895
ID91238,0.2600357
ID91239,0.7799463
ID91240,0.11938878
ID91241,0.55555964
ID91242,0.7065474
ID91243,0.5161888
ID91244,0.45158702
ID91245,0.75646144
ID91246,0.24824801
ID91247,0.6321557
ID91248,0.36962909
ID91249,0.009944622
ID91250,0.21905482
ID91251,0.285904
ID91252,0.4521596
ID91253,0.20266564
ID91254,0.49352917
ID91255,0.404349
ID91256,0.13157588
ID91257,0.4320101
ID91258,0.28469852
ID91259,0.39420477
ID91260,0.53409916
ID91261,0.42740113
ID91262,0.10839955
ID91263,0.31024706
ID91264,0.5306254
ID91265,0.2750312
ID91266,0.30262214
ID91267,0.34198266
ID91268,0.45861122
ID91269,0.4439465
ID91270,0.13957536
ID91271,0.14526066
ID91272,0.22101052
ID91273,0.06933374
ID91274,0.5674981
ID91275,0.60764873
ID91276,0.0900285
ID91277,0.54089874
ID91278,0.09071092
ID91279,0.12442677
ID91280,0.38166863
ID91281,0.6244685
ID91282,0.46536046
ID91283,0.6014365
ID91284,0.44446817
ID91285,0.22157428
ID91286,0.14639501
ID91287,0.19291267
ID91288,0.5082014
ID91289,0.16933355
ID91290,0.4003362
ID91291,0.45689824
ID91292,0.5092446
ID91293,0.40033665
ID91294,0.7356215
ID91295,0.60486627
ID91296,0.35468128
ID91297,0.54843503
ID91298,0.4625874
ID91299,0.6219158
ID91300,0.5555088
ID91301,0.241465
ID91302,0.6593965
ID91303,0.19499616
ID91304,0.52791345
ID91305,0.5325247
ID91306,0.1892624
ID91307,0.23187399
ID91308,0.62653697
ID91309,0.62004954
ID91310,0.11123119
ID91311,0.5200738
ID91312,0.10979012
ID91313,0.16032104
ID91314,0.066908956
ID91315,0.044725098
ID91316,0.2684096
ID91317,0.5376124
ID91318,0.6068799
ID91319,0.46281725
ID91320,0.53272396
ID91321,0.081442334
ID91322,0.4129309
ID91323,0.3766954
ID91324,0.58292013
ID91325,0.19402184
ID91326,0.2629341
ID91327,0.31235337
ID91328,0.6267381
ID91329,0.32594264
ID91330,0.40956417
ID91331,0.64079535
ID91332,0.38931963
ID91333,0.117561825
ID91334,0.49186563
ID91335,0.29064605
ID91336,0.42236575
ID91337,0.19542064
ID91338,0.3591609
ID91339,0.46888816
ID91340,0.09821012
ID91341,0.50988877
ID91342,0.18189755
ID91343,0.46444866
ID91344,0.44187853
ID91345,0.47852427
ID91346,0.09332202
ID91347,0.1461876
ID91348,0.14838165
ID91349,0.3959828
ID91350,0.7309093
ID91351,0.39782912
ID91352,0.7046217
ID91353,0.5843162
ID91354,0.70276326
ID91355,0.43500972
ID91356,0.23993292
ID91357,0.5627663
ID91358,0.27427986
ID91359,0.0908923
ID91360,0.294624
ID91361,0.45097426
ID91362,0.39623716
ID91363,0.032429457
ID91364,0.57116073
ID91365,0.8286325
ID91366,0.6147186
ID91367,0.2720847
ID91368,0.63090134
ID91369,0.09781685
ID91370,0.24714711
ID91371,0.45071274
ID91372,0.20119148
ID91373,0.6385343
ID91374,0.35272312
ID91375,0.13353583
ID91376,0.42011532
ID91377,0.28711995
ID91378,0.053450752
ID91379,0.363086
ID91380,0.655422
ID91381,0.622814
ID91382,0.52717733
ID91383,0.3986774
ID91384,0.64043945
ID91385,0.3494999
ID91386,0.6045212
ID91387,0.5406135
ID91388,0.494826
ID91389,0.62122816
ID91390,0.6397767
ID91391,0.21948354
ID91392,0.080539435
ID91393,0.25961974
ID91394,0.31305957
ID91395,0.6012868
ID91396,0.7322305
ID91397,0.5842713
ID91398,0.556694
ID91399,0.39271957
ID91400,0.32080826
ID91401,0.6591817
ID91402,0.45338956
ID91403,0.5502647
ID91404,0.03762255
ID91405,0.23766309
ID91406,0.36765945
ID91407,0.29539406
ID91408,0.44486946
ID91409,0.6964919
ID91410,0.5731148
ID91411,0.568385
ID91412,0.74157566
ID91413,0.52536047
ID91414,0.056661855
ID91415,0.37543362
ID91416,0.5814988
ID91417,0.15680623
ID91418,0.44901723
ID91419,0.67355984
ID91420,0.41008857
ID91421,0.37038493
ID91422,0.5829009
ID91423,0.43126732
ID91424,0.42017803
ID91425,0.1461311
ID91426,0.4331502
ID91427,0.09580805
ID91428,0.5806078
ID91429,0.69569683
ID91430,0.11854131
ID91431,0.5316513
ID91432,0.25086764
ID91433,0.2580354
ID91434,0.47191966
ID91435,0.44043672
ID91436,0.4771766
ID91437,0.25173086
ID91438,0.5321177
ID91439,0.15980202
ID91440,0.60505635
ID91441,0.5759151
ID91442,0.079479195
ID91443,0.6655729
ID91444,0.38387793
ID91445,0.2101259
ID91446,0.5492172
ID91447,0.58300084
ID91448,0.66053027
ID91449,0.58556277
ID91450,0.45073
ID91451,0.47927502
ID91452,0.097881295
ID91453,0.11252236
ID91454,0.49126804
ID91455,0.35472867
ID91456,0.5077965
ID91457,0.34866157
ID91458,0.5399467
ID91459,0.41353324
ID91460,0.24119195
ID91461,0.5863075
ID91462,0.26450065
ID91463,0.23881733
ID91464,0.58327574
ID91465,0.2895976
ID91466,0.36007506
ID91467,0.46386248
ID91468,0.5280923
ID91469,0.3444347
ID91470,0.080027625
ID91471,0.45997053
ID91472,0.26545224
ID91473,0.051080808
ID91474,0.07152711
ID91475,0.787499
ID91476,0.30385503
ID91477,0.584704
ID91478,0.4173642
ID91479,0.54314685
ID91480,0.5692912
ID91481,0.4702761
ID91482,0.5262284
ID91483,0.44091597
ID91484,0.5130998
ID91485,0.6323841
ID91486,0.11844735
ID91487,0.39182118
ID91488,0.4158146
ID91489,0.3774453
ID91490,0.6208774
ID91491,0.32338518
ID91492,0.35993978
ID91493,0.66556203
ID91494,0.5758565
ID91495,0.21468756
ID91496,0.40847254
ID91497,0.049538787
ID91498,0.56198156
ID91499,0.5840942
ID91500,0.5052839
ID91501,0.3691434
ID91502,0.5963103
ID91503,0.4039806
ID91504,0.21680236
ID91505,0.13025889
ID91506,0.34899795
ID91507,0.16818294
ID91508,0.57042545
ID91509,0.4315063
ID91510,0.27727938
ID91511,0.1165173
ID91512,0.6139636
ID91513,0.5052095
ID91514,0.6036831
ID91515,0.29949662
ID91516,0.5743763
ID91517,0.59844285
ID91518,0.5562614
ID91519,0.2665975
ID91520,0.62805945
ID91521,0.6361092
ID91522,0.37610576
ID91523,0.5455519
ID91524,0.6314132
ID91525,0.5307678
ID91526,0.4280002
ID91527,0.17272279
ID91528,0.5605366
ID91529,0.57351595
ID91530,0.6002379
ID91531,0.17104086
ID91532,0.58236086
ID91533,0.37638316
ID91534,0.5667125
ID91535,0.41417155
ID91536,0.48787713
ID91537,0.62283856
ID91538,0.5748648
ID91539,0.49732408
ID91540,0.28209764
ID91541,0.6151846
ID91542,0.17837784
ID91543,0.44313037
ID91544,0.25165722
ID91545,0.29707143
ID91546,0.38057494
ID91547,0.48018065
ID91548,0.084046155
ID91549,0.2260271
ID91550,0.009116773
ID91551,0.46516785
ID91552,0.4566529
ID91553,0.4517055
ID91554,0.45834345
ID91555,0.4169352
ID91556,0.09187813
ID91557,0.6324182
ID91558,0.41479924
ID91559,0.12277496
ID91560,0.49967423
ID91561,0.62734157
ID91562,0.506335
ID91563,0.48010066
ID91564,0.36198887
ID91565,0.1667459
ID91566,0.07449829
ID91567,0.5459363
ID91568,0.55678165
ID91569,0.17281829
ID91570,0.2704082
ID91571,0.37122795
ID91572,0.6035671
ID91573,0.55457336
ID91574,0.5304486
ID91575,0.4366373
ID91576,0.07365496
ID91577,0.064041875
ID91578,0.41135323
ID91579,0.27006015
ID91580,0.5565534
ID91581,0.60375583
ID91582,0.16329937
ID91583,0.4837972
ID91584,0.5875775
ID91585,0.6511298
ID91586,0.22259952
ID91587,0.3034088
ID91588,0.567037
ID91589,0.4181694
ID91590,0.59566504
ID91591,0.30248937
ID91592,0.25149667
ID91593,0.026091384
ID91594,0.43056622
ID91595,0.6060406
ID91596,0.19836767
ID91597,0.5851643
ID91598,0.6483415
ID91599,0.4423077
ID91600,0.0629538
ID91601,0.38247237
ID91602,0.5100138
ID91603,0.4851419
ID91604,0.5710947
ID91605,0.38462168
ID91606,0.7281709
ID91607,0.46616498
ID91608,0.5482522
ID91609,0.64407235
ID91610,0.48595467
ID91611,0.38399604
ID91612,0.3580982
ID91613,0.41877946
ID91614,0.5939267
ID91615,0.49292004
ID91616,0.10694092
ID91617,0.43481553
ID91618,0.29238868
ID91619,0.15672198
ID91620,0.67235595
ID91621,0.4575244
ID91622,0.6469264
ID91623,0.21001737
ID91624,0.6395435
ID91625,0.27737424
ID91626,0.36460042
ID91627,0.30865547
ID91628,0.40658623
ID91629,0.12450731
ID91630,0.63109064
ID91631,0.23791774
ID91632,0.54353654
ID91633,0.03367274
ID91634,0.6193004
ID91635,0.2314463
ID91636,0.31419164
ID91637,0.5881228
ID91638,0.31477964
ID91639,0.5867873
ID91640,0.5998711
ID91641,0.3774738
ID91642,0.49793184
ID91643,0.121954724
ID91644,0.1933863
ID91645,0.49308148
ID91646,0.5821031
ID91647,0.7326002
ID91648,0.64098215
ID91649,0.63634294
ID91650,0.5341074
ID91651,0.63257504
ID91652,0.6418893
ID91653,0.34513658
ID91654,0.2701052
ID91655,0.32674453
ID91656,0.47559714
ID91657,0.4262939
ID91658,0.45887432
ID91659,0.59851694
ID91660,0.3687765
ID91661,0.12491783
ID91662,0.50460106
ID91663,0.27103284
ID91664,0.5795132
ID91665,0.45036814
ID91666,0.11497767
ID91667,0.3518473
ID91668,0.5508666
ID91669,0.295212
ID91670,0.32984728
ID91671,0.4295587
ID91672,0.62866133
ID91673,0.4533049
ID91674,0.2594694
ID91675,0.2672145
ID91676,0.5993732
ID91677,0.5055634
ID91678,0.44491565
ID91679,0.20502439
ID91680,0.49961418
ID91681,0.08918875
ID91682,0.59358025
ID91683,0.5226243
ID91684,0.7865167
ID91685,0.39943522
ID91686,0.19673552
ID91687,0.026472569
ID91688,0.45033035
ID91689,0.6368791
ID91690,0.57274085
ID91691,0.47158507
ID91692,0.5727386
ID91693,0.43876556
ID91694,0.00567374
ID91695,0.32160792
ID91696,0.71798116
ID91697,0.17059134
ID91698,0.10703698
ID91699,0.6173553
ID91700,0.6527616
ID91701,0.6634585
ID91702,0.32030585
ID91703,0.5308113
ID91704,0.65887636
ID91705,0.73865193
ID91706,0.39507386
ID91707,0.5334647
ID91708,0.3111939
ID91709,0.251265
ID91710,0.1450718
ID91711,0.53715444
ID91712,0.5554314
ID91713,0.5071337
ID91714,0.6831279
ID91715,0.04673576
ID91716,0.1861215
ID91717,0.19958472
ID91718,0.65558505
ID91719,0.5586143
ID91720,0.39612404
ID91721,0.010007664
ID91722,0.57604825
ID91723,0.59647745
ID91724,0.4512877
ID91725,0.2590429
ID91726,0.5528975
ID91727,0.39553046
ID91728,0.22029902
ID91729,0.40229836
ID91730,0.38957497
ID91731,0.27633548
ID91732,0.656156
ID91733,0.1271835
ID91734,0.62596047
ID91735,0.5079089
ID91736,0.22229001
ID91737,0.5034936
ID91738,0.27128384
ID91739,0.42751497
ID91740,0.5308918
ID91741,0.32354733
ID91742,0.27857327
ID91743,0.70132166
ID91744,0.40846604
ID91745,0.5486183
ID91746,0.63357157
ID91747,0.34631047
ID91748,0.1910233
ID91749,0.26231077
ID91750,0.3588934
ID91751,0.59803414
ID91752,0.30185786
ID91753,0.121919505
ID91754,0.4000972
ID91755,0.3176076
ID91756,0.76648134
ID91757,0.07506069
ID91758,0.56492877
ID91759,0.45632222
ID91760,0.37467727
ID91761,0.66949624
ID91762,0.62005943
ID91763,0.30414572
ID91764,0.31020948
ID91765,0.6365271
ID91766,0.21799183
ID91767,0.27785096
ID91768,0.49915528
ID91769,0.41323212
ID91770,0.4094698
ID91771,0.062053077
ID91772,0.36559904
ID91773,0.42261854
ID91774,0.3171908
ID91775,0.13715471
ID91776,0.5739136
ID91777,0.47120997
ID91778,0.43516865
ID91779,0.009586824
ID91780,0.63041186
ID91781,0.2347976
ID91782,0.69199467
ID91783,0.6517948
ID91784,0.034042895
ID91785,0.49536127
ID91786,0.6113943
ID91787,0.17636424
ID91788,0.15972222
ID91789,0.62930036
ID91790,0.62978446
ID91791,0.41193038
ID91792,0.51828724
ID91793,0.27715403
ID91794,0.020503944
ID91795,0.4244167
ID91796,0.5744586
ID91797,0.53099513
ID91798,0.54833126
ID91799,0.25913253
ID91800,0.5858237
ID91801,0.321282
ID91802,0.33129928
ID91803,0.5450543
ID91804,0.7643939
ID91805,0.08251626
ID91806,0.29084477
ID91807,0.45099252
ID91808,0.3305422
ID91809,0.4244045
ID91810,0.32235336
ID91811,0.40727374
ID91812,0.26754543
ID91813,0.74740463
ID91814,0.5954238
ID91815,0.26406372
ID91816,0.56506354
ID91817,0.6577761
ID91818,0.15953441
ID91819,0.08822144
ID91820,0.5504381
ID91821,0.17119887
ID91822,0.6147665
ID91823,0.39509022
ID91824,0.50408393
ID91825,0.49636346
ID91826,0.4858515
ID91827,0.59931153
ID91828,0.3234168
ID91829,0.32187644
ID91830,0.50631374
ID91831,0.32286742
ID91832,0.13414152
ID91833,0.6189756
ID91834,0.08616479
ID91835,0.20024511
ID91836,0.39646372
ID91837,0.20246767
ID91838,0.11410355
ID91839,0.31800535
ID91840,0.5746289
ID91841,0.54798836
ID91842,0.5279256
ID91843,0.3219326
ID91844,0.35333937
ID91845,0.5215137
ID91846,0.24626878
ID91847,0.7236521
ID91848,0.5508018
ID91849,0.36677566
ID91850,0.6389045
ID91851,0.63360965
ID91852,0.46592557
ID91853,0.25008416
ID91854,0.17000598
ID91855,0.26414943
ID91856,0.10509097
ID91857,0.38675588
ID91858,0.3513193
ID91859,0.25159132
ID91860,0.09255847
ID91861,0.21156867
ID91862,0.5146704
ID91863,0.6411975
ID91864,0.16691561
ID91865,0.3178772
ID91866,0.6124696
ID91867,0.3039199
ID91868,0.6242784
ID91869,0.44792888
ID91870,0.58537644
ID91871,0.5837168
ID91872,0.7523858
ID91873,0.66599786
ID91874,0.415751
ID91875,0.6362958
ID91876,0.68309975
ID91877,0.629443
ID91878,0.38239008
ID91879,0.41790542
ID91880,0.54505795
ID91881,0.46623176
ID91882,0.799014
ID91883,0.6833344
ID91884,0.5485361
ID91885,0.45040342
ID91886,0.35187563
ID91887,0.46641567
ID91888,0.4495708
ID91889,0.48472857
ID91890,0.5745463
ID91891,0.58148456
ID91892,0.29915604
ID91893,0.5647301
ID91894,0.45460328
ID91895,0.5146614
ID91896,0.49271598
ID91897,0.21940842
ID91898,0.11112925
ID91899,0.7085166
ID91900,0.5329383
ID91901,0.42588165
ID91902,0.5540863
ID91903,0.4205176
ID91904,0.5814931
ID91905,0.55278367
ID91906,0.5406128
ID91907,0.40027988
ID91908,0.33925292
ID91909,0.423305
ID91910,0.61491734
ID91911,0.4072331
ID91912,0.6701707
ID91913,0.64275914
ID91914,0.51349205
ID91915,0.5522933
ID91916,0.21359245
ID91917,0.15579082
ID91918,0.28010136
ID91919,0.113778815
ID91920,0.7143595
ID91921,0.29249695
ID91922,0.36456928
ID91923,0.31448305
ID91924,0.58458036
ID91925,0.55008024
ID91926,0.67860335
ID91927,0.5617517
ID91928,0.2527113
ID91929,0.382495
ID91930,0.3997569
ID91931,0.31967038
ID91932,0.7143595
ID91933,0.54047203
ID91934,0.56650525
ID91935,0.31843472
ID91936,0.5565493
ID91937,0.37954304
ID91938,0.63350284
ID91939,0.56187296
ID91940,0.52728915
ID91941,0.29615095
ID91942,0.32929018
ID91943,0.33389232
ID91944,0.56770396
ID91945,0.5467971
ID91946,0.18418282
ID91947,0.58100754
ID91948,0.10367666
ID91949,0.50199974
ID91950,0.040472325
ID91951,0.29460302
ID91952,0.044951383
ID91953,0.41786715
ID91954,0.57701206
ID91955,0.54370403
ID91956,0.47107077
ID91957,0.5239193
ID91958,0.52407265
ID91959,0.19508643
ID91960,0.38205624
ID91961,0.3942155
ID91962,0.611151
ID91963,0.3944978
ID91964,0.039434996
ID91965,0.13392904
ID91966,0.60169303
ID91967,0.20748314
ID91968,0.48853335
ID91969,0.64607084
ID91970,0.37141347
ID91971,0.58101225
ID91972,0.4572262
ID91973,0.20256063
ID91974,0.16837697
ID91975,0.26434484
ID91976,0.5517024
ID91977,0.44768196
ID91978,0.20178454
ID91979,0.47601044
ID91980,0.008072833
ID91981,0.33877277
ID91982,0.5532264
ID91983,0.46395335
ID91984,0.30958825
ID91985,0.47159603
ID91986,0.32449606
ID91987,0.3393445
ID91988,0.17899413
ID91989,0.6298453
ID91990,0.47176743
ID91991,0.30962157
ID91992,0.5105597
ID91993,0.342576
ID91994,0.6567557
ID91995,0.37096265
ID91996,0.21458583
ID91997,0.35487226
ID91998,0.5580586
ID91999,0.14433958
ID92000,0.6110302
ID92001,0.46325108
ID92002,0.46481672
ID92003,0.49281278
ID92004,0.2662498
ID92005,0.640031
ID92006,0.047712233
ID92007,0.2737897
ID92008,0.56465006
ID92009,0.3189117
ID92010,0.49434787
ID92011,0.58367056
ID92012,0.32172844
ID92013,0.40834796
ID92014,0.4692687
ID92015,0.20636445
ID92016,0.60499823
ID92017,0.6229602
ID92018,0.37486738
ID92019,0.61865044
ID92020,0.63806194
ID92021,0.5665572
ID92022,0.25471807
ID92023,0.51273066
ID92024,0.4466665
ID92025,0.65431225
ID92026,0.64206374
ID92027,0.5269294
ID92028,0.64977294
ID92029,0.51804554
ID92030,0.34712255
ID92031,0.68149334
ID92032,0.34161806
ID92033,0.14709671
ID92034,0.4532272
ID92035,0.50257474
ID92036,0.16764167
ID92037,0.38079163
ID92038,0.13477862
ID92039,0.25799602
ID92040,0.45318532
ID92041,0.43394423
ID92042,0.5183325
ID92043,0.5527189
ID92044,0.38416278
ID92045,0.27487534
ID92046,0.4539053
ID92047,0.5753131
ID92048,0.2316868
ID92049,0.36927834
ID92050,0.4582918
ID92051,0.66660756
ID92052,0.62576854
ID92053,0.3734126
ID92054,0.016277622
ID92055,0.04790973
ID92056,0.30645058
ID92057,0.24848756
ID92058,0.06862084
ID92059,0.5004028
ID92060,0.77236295
ID92061,0.5305488
ID92062,0.53224224
ID92063,0.5576996
ID92064,0.45251405
ID92065,0.040763598
ID92066,0.40308493
ID92067,0.5054351
ID92068,0.49441227
ID92069,0.1535511
ID92070,0.61581016
ID92071,0.3038723
ID92072,0.33354625
ID92073,0.1651416
ID92074,0.40164238
ID92075,0.6977095
ID92076,0.569422
ID92077,0.5721546
ID92078,0.22395837
ID92079,0.10185495
ID92080,0.03358579
ID92081,0.2710653
ID92082,0.5727452
ID92083,0.58895403
ID92084,0.48436183
ID92085,0.41001278
ID92086,0.38448474
ID92087,0.5517984
ID92088,0.15803112
ID92089,0.71384084
ID92090,0.7099408
ID92091,0.3687437
ID92092,0.6552858
ID92093,0.64606524
ID92094,0.40217462
ID92095,0.4306487
ID92096,0.660877
ID92097,0.62022364
ID92098,0.04025231
ID92099,0.37167606
ID92100,0.5472879
ID92101,0.4743634
ID92102,0.256412
ID92103,0.17070247
ID92104,0.15658626
ID92105,0.6378601
ID92106,0.61293787
ID92107,0.32478765
ID92108,0.522557
ID92109,0.5471754
ID92110,0.53513694
ID92111,0.21499227
ID92112,0.56845444
ID92113,0.36987087
ID92114,0.50755405
ID92115,0.5741458
ID92116,0.15531781
ID92117,0.65885514
ID92118,0.66009307
ID92119,0.20359494
ID92120,0.6868299
ID92121,0.62117803
ID92122,0.4907398
ID92123,0.14570113
ID92124,0.28270766
ID92125,0.45254502
ID92126,0.22658862
ID92127,0.65833676
ID92128,0.43429384
ID92129,0.567552
ID92130,0.58771825
ID92131,0.5874562
ID92132,0.2344597
ID92133,0.29392
ID92134,0.18547873
ID92135,0.16760984
ID92136,0.24102852
ID92137,0.09143311
ID92138,0.6240288
ID92139,0.54641163
ID92140,0.3541335
ID92141,0.25551662
ID92142,0.3827488
ID92143,0.5574673
ID92144,0.7661217
ID92145,0.30744663
ID92146,0.77575946
ID92147,0.5484036
ID92148,0.0108050015
ID92149,0.079831086
ID92150,0.28612027
ID92151,0.463636
ID92152,0.5102132
ID92153,0.44296888
ID92154,0.44729882
ID92155,0.46252558
ID92156,0.72688967
ID92157,0.39686504
ID92158,0.5473439
ID92159,0.23083879
ID92160,0.6368933
ID92161,0.7435558
ID92162,0.56792676
ID92163,0.31674632
ID92164,0.48342225
ID92165,0.24498102
ID92166,0.42148566
ID92167,0.33660385
ID92168,0.21344833
ID92169,0.5092298
ID92170,0.58010715
ID92171,0.5164775
ID92172,0.3210369
ID92173,0.5647045
ID92174,0.4695952
ID92175,0.40594447
ID92176,0.27956775
ID92177,0.5932409
ID92178,0.43438053
ID92179,0.12327504
ID92180,0.59347266
ID92181,0.5334523
ID92182,0.6886641
ID92183,0.30133674
ID92184,0.5730304
ID92185,0.47330064
ID92186,0.5416596
ID92187,0.5397562
ID92188,0.040517457
ID92189,0.34344655
ID92190,0.53258985
ID92191,0.42424378
ID92192,0.30085194
ID92193,0.5800502
ID92194,0.60757565
ID92195,0.23047526
ID92196,0.2374795
ID92197,0.393616
ID92198,0.10844331
ID92199,0.45522264
ID92200,0.3158191
ID92201,0.2860905
ID92202,0.35352665
ID92203,0.40818077
ID92204,0.50494075
ID92205,0.5910672
ID92206,0.6029215
ID92207,0.5043069
ID92208,0.35343325
ID92209,0.5518118
ID92210,0.7433429
ID92211,0.5941886
ID92212,0.6227537
ID92213,0.30640495
ID92214,0.42980498
ID92215,0.18269907
ID92216,0.566933
ID92217,0.47257164
ID92218,0.1665399
ID92219,0.5486609
ID92220,0.34846956
ID92221,0.6727926
ID92222,0.49178553
ID92223,0.49671528
ID92224,0.1954717
ID92225,0.4301076
ID92226,0.21469356
ID92227,0.5372319
ID92228,0.4930103
ID92229,0.47354895
ID92230,0.6387108
ID92231,0.18219867
ID92232,0.51768076
ID92233,0.4326448
ID92234,0.39837608
ID92235,0.55313677
ID92236,0.002636241
ID92237,0.5533078
ID92238,0.35082984
ID92239,0.37009615
ID92240,0.7062197
ID92241,0.27040434
ID92242,0.551032
ID92243,0.3964427
ID92244,0.31292817
ID92245,0.7676392
ID92246,0.6427771
ID92247,0.11593085
ID92248,0.16861653
ID92249,0.62784153
ID92250,0.39176497
ID92251,0.049074516
ID92252,0.5602984
ID92253,0.6318185
ID92254,0.54461944
ID92255,0.5746057
ID92256,0.252553
ID92257,0.24088964
ID92258,0.059655435
ID92259,0.57403934
ID92260,0.33613533
ID92261,0.35458946
ID92262,0.43264002
ID92263,0.6236074
ID92264,0.15972377
ID92265,0.35687634
ID92266,0.5962727
ID92267,0.3887221
ID92268,0.26178515
ID92269,0.5136594
ID92270,0.26988196
ID92271,0.53802526
ID92272,0.59041655
ID92273,0.5623087
ID92274,0.5584353
ID92275,0.54731774
ID92276,0.11029125
ID92277,0.6079947
ID92278,0.5355072
ID92279,0.52623063
ID92280,0.50254005
ID92281,0.53822494
ID92282,0.6139706
ID92283,0.54551125
ID92284,0.47812667
ID92285,0.14078237
ID92286,0.58676654
ID92287,0.5694553
ID92288,0.66691005
ID92289,0.2599148
ID92290,0.26624286
ID92291,0.36485934
ID92292,0.36160025
ID92293,0.64454067
ID92294,0.3715344
ID92295,0.6612261
ID92296,0.5793116
ID92297,0.3008636
ID92298,0.6318062
ID92299,0.3506449
ID92300,0.4890721
ID92301,0.3793531
ID92302,0.47218436
ID92303,0.6460065
ID92304,0.28759184
ID92305,0.20456822
ID92306,0.59446865
ID92307,0.0931498
ID92308,0.55681074
ID92309,0.43994665
ID92310,0.4152393
ID92311,0.2032772
ID92312,0.2275831
ID92313,0.57431924
ID92314,0.6762751
ID92315,0.5188678
ID92316,0.41285414
ID92317,0.25280136
ID92318,0.564466
ID92319,0.19682007
ID92320,0.61251897
ID92321,0.4953526
ID92322,0.6509526
ID92323,0.32007012
ID92324,0.74802256
ID92325,0.62089735
ID92326,0.5260059
ID92327,0.15307368
ID92328,0.42259812
ID92329,0.6039093
ID92330,0.50055933
ID92331,0.56575495
ID92332,0.48518443
ID92333,0.19758596
ID92334,0.13806453
ID92335,0.60856056
ID92336,0.060313486
ID92337,0.625704
ID92338,0.55266625
ID92339,0.28862748
ID92340,0.62507576
ID92341,0.34152672
ID92342,0.10846952
ID92343,0.19623145
ID92344,0.46612
ID92345,0.66052353
ID92346,0.6008906
ID92347,0.64570796
ID92348,0.63075274
ID92349,0.25871137
ID92350,0.050001405
ID92351,0.25758648
ID92352,0.41114348
ID92353,0.17580555
ID92354,0.05198563
ID92355,0.49808776
ID92356,0.2721928
ID92357,0.1889976
ID92358,0.53890747
ID92359,0.46706733
ID92360,0.3862302
ID92361,0.62429327
ID92362,0.45023647
ID92363,0.15032402
ID92364,0.20434977
ID92365,0.54071933
ID92366,0.4191622
ID92367,0.2941543
ID92368,0.15779527
ID92369,0.4613935
ID92370,0.5526035
ID92371,0.59707844
ID92372,0.5572933
ID92373,0.5834128
ID92374,0.3850791
ID92375,0.5885175
ID92376,0.6120359
ID92377,0.7489362
ID92378,0.5325719
ID92379,0.6728256
ID92380,0.52877957
ID92381,0.46129063
ID92382,0.011591608
ID92383,0.53856254
ID92384,0.21036473
ID92385,0.43003437
ID92386,0.3789795
ID92387,0.06435466
ID92388,0.450875
ID92389,0.7328947
ID92390,0.5384524
ID92391,0.43126377
ID92392,0.59970707
ID92393,0.22708124
ID92394,0.13699071
ID92395,0.19805637
ID92396,0.58090156
ID92397,0.15678628
ID92398,0.33573356
ID92399,0.5277642
ID92400,0.45066097
ID92401,0.6069669
ID92402,0.056601796
ID92403,0.5913996
ID92404,0.5446979
ID92405,0.10208012
ID92406,0.2533107
ID92407,0.39769492
ID92408,0.1691441
ID92409,0.21669073
ID92410,0.38206965
ID92411,0.24811056
ID92412,0.50213134
ID92413,0.52110523
ID92414,0.40467304
ID92415,0.6423234
ID92416,0.57784176
ID92417,0.31405902
ID92418,0.6270474
ID92419,0.54989886
ID92420,0.62564665
ID92421,0.42935318
ID92422,0.5219036
ID92423,0.61900014
ID92424,0.6489791
ID92425,0.65079504
ID92426,0.49575746
ID92427,0.5628533
ID92428,0.08732902
ID92429,0.18666206
ID92430,0.5086754
ID92431,0.3759223
ID92432,0.6060498
ID92433,0.20094575
ID92434,0.47824737
ID92435,0.3775457
ID92436,0.13474163
ID92437,0.51472396
ID92438,0.6564624
ID92439,0.36335555
ID92440,0.59887016
ID92441,0.30296794
ID92442,0.6185519
ID92443,0.5329417
ID92444,0.64710635
ID92445,0.58866274
ID92446,0.26384994
ID92447,0.40570822
ID92448,0.3283309
ID92449,0.5975886
ID92450,0.45294082
ID92451,0.12102141
ID92452,0.6782663
ID92453,0.34549218
ID92454,0.4111762
ID92455,0.503786
ID92456,0.15696187
ID92457,0.3956669
ID92458,0.69053954
ID92459,0.13209955
ID92460,0.043853942
ID92461,0.32372797
ID92462,0.36872268
ID92463,0.2598333
ID92464,0.58965284
ID92465,0.61114234
ID92466,0.4161906
ID92467,0.3581561
ID92468,0.6325224
ID92469,0.1389458
ID92470,0.576477
ID92471,0.67155623
ID92472,0.39536843
ID92473,0.4629687
ID92474,0.05352386
ID92475,0.40296105
ID92476,0.5596527
ID92477,0.18781541
ID92478,0.07974766
ID92479,0.5558204
ID92480,0.38894922
ID92481,0.29015025
ID92482,0.14547502
ID92483,0.00799627
ID92484,0.4106179
ID92485,0.6460209
ID92486,0.36417115
ID92487,0.4321738
ID92488,0.30675456
ID92489,0.4089841
ID92490,0.60046697
ID92491,0.08027801
ID92492,0.25679615
ID92493,0.16009992
ID92494,0.4351781
ID92495,0.6717463
ID92496,0.21640712
ID92497,0.6493853
ID92498,0.11202978
ID92499,0.2880089
ID92500,0.11263628
ID92501,0.26132074
ID92502,0.27904004
ID92503,0.631163
ID92504,0.24791475
ID92505,0.59317994
ID92506,0.20626804
ID92507,0.52170074
ID92508,0.5368739
ID92509,0.40834767
ID92510,0.18447767
ID92511,0.67713726
ID92512,0.46384403
ID92513,0.45969254
ID92514,0.32642224
ID92515,0.6748787
ID92516,0.07864338
ID92517,0.694295
ID92518,0.092037745
ID92519,0.16420689
ID92520,0.59408426
ID92521,0.31598032
ID92522,0.25629827
ID92523,0.6435078
ID92524,0.4111874
ID92525,0.5394495
ID92526,0.5090902
ID92527,0.5152882
ID92528,0.57565844
ID92529,0.3747498
ID92530,0.5092966
ID92531,0.4974299
ID92532,0.5089176
ID92533,0.14236918
ID92534,0.29247174
ID92535,0.57173544
ID92536,0.55532897
ID92537,0.10691394
ID92538,0.44290283
ID92539,0.5159533
ID92540,0.47148868
ID92541,0.48048607
ID92542,0.29490384
ID92543,0.6514243
ID92544,0.73932636
ID92545,0.434629
ID92546,0.33421633
ID92547,0.09973691
ID92548,0.54100126
ID92549,0.6081359
ID92550,0.44912156
ID92551,0.22281815
ID92552,0.52758896
ID92553,0.19236067
ID92554,0.41430742
ID92555,0.19214377
ID92556,0.08156252
ID92557,0.15552069
ID92558,0.45995718
ID92559,0.39063293
ID92560,0.24414578
ID92561,0.08547281
ID92562,0.010916765
ID92563,0.30454636
ID92564,0.3109306
ID92565,0.47446212
ID92566,0.47322735
ID92567,0.2987693
ID92568,0.26884788
ID92569,0.18041526
ID92570,0.40197727
ID92571,0.29630244
ID92572,0.41666675
ID92573,0.56846064
ID92574,0.39045733
ID92575,0.6257469
ID92576,0.17456341
ID92577,0.32097614
ID92578,0.5435894
ID92579,0.6329145
ID92580,0.44242677
ID92581,0.50224715
ID92582,0.09745243
ID92583,0.19673342
ID92584,0.5608494
ID92585,0.38360044
ID92586,0.6851535
ID92587,0.24589403
ID92588,0.36560482
ID92589,0.48814216
ID92590,0.034421798
ID92591,0.18180494
ID92592,0.37246266
ID92593,0.5885839
ID92594,0.481283
ID92595,0.6018852
ID92596,0.6470868
ID92597,0.35277155
ID92598,0.24515283
ID92599,0.081865095
ID92600,0.5404778
ID92601,0.5767337
ID92602,0.5235572
ID92603,0.4535281
ID92604,0.55410165
ID92605,0.26276004
ID92606,0.5747984
ID92607,0.7996571
ID92608,0.42997843
ID92609,0.4487644
ID92610,0.6605989
ID92611,0.43565434
ID92612,0.3671938
ID92613,0.3555928
ID92614,0.27343616
ID92615,0.5081013
ID92616,0.6128824
ID92617,0.77173185
ID92618,0.010844688
ID92619,0.4823178
ID92620,0.38400775
ID92621,0.61806536
ID92622,0.05811391
ID92623,0.08718617
ID92624,0.61201274
ID92625,0.43232697
ID92626,0.55940896
ID92627,0.45740896
ID92628,0.4843985
ID92629,0.5497299
ID92630,0.40748084
ID92631,0.3570363
ID92632,0.537739
ID92633,0.44242817
ID92634,0.2910714
ID92635,0.16656972
ID92636,0.5054169
ID92637,0.2994874
ID92638,0.50849706
ID92639,0.39456633
ID92640,0.2985191
ID92641,0.35342896
ID92642,0.08625007
ID92643,0.5733739
ID92644,0.65686554
ID92645,0.7156338
ID92646,0.57970095
ID92647,0.19514886
ID92648,0.42171755
ID92649,0.66567665
ID92650,0.60765594
ID92651,0.3162788
ID92652,0.5469711
ID92653,0.2975748
ID92654,0.08402389
ID92655,0.1369398
ID92656,0.18836397
ID92657,0.5176451
ID92658,0.66025364
ID92659,0.2706729
ID92660,0.65250444
ID92661,0.59737384
ID92662,0.24478444
ID92663,0.11698656
ID92664,0.12649736
ID92665,0.48546585
ID92666,0.57314163
ID92667,0.51856303
ID92668,0.5735679
ID92669,0.72530425
ID92670,0.1394994
ID92671,0.21281144
ID92672,0.46630087
ID92673,0.33286777
ID92674,0.2267418
ID92675,0.34989923
ID92676,0.5760039
ID92677,0.63294363
ID92678,0.38123277
ID92679,0.2843131
ID92680,0.32471937
ID92681,0.2962
ID92682,0.34753045
ID92683,0.5389381
ID92684,0.6301802
ID92685,0.42564723
ID92686,0.5494354
ID92687,0.596851
ID92688,0.35499763
ID92689,0.14579536
ID92690,0.15269236
ID92691,0.10831393
ID92692,0.49245635
ID92693,0.45031703
ID92694,0.24489097
ID92695,0.40450788
ID92696,0.33046657
ID92697,0.56151474
ID92698,0.2287174
ID92699,0.60864764
ID92700,0.26400945
ID92701,0.5995734
ID92702,0.66429263
ID92703,0.12571123
ID92704,0.37414107
ID92705,0.15720801
ID92706,0.33613268
ID92707,0.53518313
ID92708,0.017324887
ID92709,0.61356413
ID92710,0.36133105
ID92711,0.28103834
ID92712,0.5000444
ID92713,0.5314763
ID92714,0.53403586
ID92715,0.4843163
ID92716,0.6284859
ID92717,0.1593889
ID92718,0.5180133
ID92719,0.07455943
ID92720,0.6420761
ID92721,0.668659
ID92722,0.11513969
ID92723,0.44217408
ID92724,0.26778212
ID92725,0.55210876
ID92726,0.4367473
ID92727,0.6833354
ID92728,0.7314071
ID92729,0.620191
ID92730,0.719082
ID92731,0.37375286
ID92732,0.17108168
ID92733,0.48248547
ID92734,0.5730429
ID92735,0.26670745
ID92736,0.6171534
ID92737,0.092539
ID92738,0.4590806
ID92739,0.011705337
ID92740,0.41515622
ID92741,0.5774858
ID92742,0.6417851
ID92743,0.388215
ID92744,0.31940836
ID92745,0.24912575
ID92746,0.25444594
ID92747,0.5787279
ID92748,0.6080826
ID92749,0.55649465
ID92750,0.6253794
ID92751,0.79606384
ID92752,0.35181624
ID92753,0.52392524
ID92754,0.49530983
ID92755,0.0731933
ID92756,0.35758606
ID92757,0.47970715
ID92758,0.45542166
ID92759,0.62852854
ID92760,0.26994962
ID92761,0.600208
ID92762,0.5861841
ID92763,0.66628206
ID92764,0.09025795
ID92765,0.50079143
ID92766,0.54057306
ID92767,0.11558093
ID92768,0.2545752
ID92769,0.42196357
ID92770,0.61745554
ID92771,0.4308657
ID92772,0.16841401
ID92773,0.52221805
ID92774,0.3609187
ID92775,0.52793014
ID92776,0.5723665
ID92777,0.5821694
ID92778,0.51904726
ID92779,0.60821295
ID92780,0.61127007
ID92781,0.30172846
ID92782,0.5457448
ID92783,0.2998496
ID92784,0.59270793
ID92785,0.3290844
ID92786,0.6734539
ID92787,0.4359639
ID92788,0.06457394
ID92789,0.1637539
ID92790,0.2890958
ID92791,0.4215441
ID92792,0.725548
ID92793,0.5328571
ID92794,0.22009377
ID92795,0.31213546
ID92796,0.28473616
ID92797,0.37748584
ID92798,0.5360033
ID92799,0.6448421
ID92800,0.33081427
ID92801,0.40274566
ID92802,0.3825195
ID92803,0.14267164
ID92804,0.6114041
ID92805,0.25679615
ID92806,0.5998718
ID92807,0.22268985
ID92808,0.5242061
ID92809,0.13142014
ID92810,0.5909741
ID92811,0.65595704
ID92812,0.670788
ID92813,0.45567784
ID92814,0.6410448
ID92815,0.51173156
ID92816,0.7143966
ID92817,0.40595663
ID92818,0.20244427
ID92819,0.62351006
ID92820,0.56057996
ID92821,0.53036267
ID92822,0.42433172
ID92823,0.058817483
ID92824,0.26493204
ID92825,0.055645306
ID92826,0.21131098
ID92827,0.6181968
ID92828,0.32248712
ID92829,0.25769633
ID92830,0.5040735
ID92831,0.46637505
ID92832,0.25161234
ID92833,0.3782759
ID92834,0.64281696
ID92835,0.49670604
ID92836,0.07900838
ID92837,0.501324
ID92838,0.17844714
ID92839,0.524038
ID92840,0.59819233
ID92841,0.62437516
ID92842,0.5042668
ID92843,0.4935727
ID92844,0.52995175
ID92845,0.16228443
ID92846,0.6591987
ID92847,0.5096326
ID92848,0.6521058
ID92849,0.57065797
ID92850,0.3954205
ID92851,0.5164715
ID92852,0.25112385
ID92853,0.23565042
ID92854,0.4319808
ID92855,0.015626865
ID92856,0.15114494
ID92857,0.13587539
ID92858,0.33006358
ID92859,0.0032778287
ID92860,0.2746882
ID92861,0.5869912
ID92862,0.65143144
ID92863,0.5055818
ID92864,0.48605412
ID92865,0.6439711
ID92866,0.4217289
ID92867,0.49965203
ID92868,0.14255166
ID92869,0.4366159
ID92870,0.39671648
ID92871,0.49985144
ID92872,0.5111206
ID92873,0.5795872
ID92874,0.48415852
ID92875,0.13286644
ID92876,0.39568302
ID92877,0.6230531
ID92878,0.3503012
ID92879,0.52675366
ID92880,0.3692942
ID92881,0.48083308
ID92882,0.62427425
ID92883,0.4299182
ID92884,0.6385414
ID92885,0.6341577
ID92886,0.65774834
ID92887,0.6680777
ID92888,0.572706
ID92889,0.3883814
ID92890,0.07201417
ID92891,0.50841343
ID92892,0.31418315
ID92893,0.3220222
ID92894,0.25555977
ID92895,0.16717319
ID92896,0.3933993
ID92897,0.28469917
ID92898,0.41397613
ID92899,0.47511965
ID92900,0.45697123
ID92901,0.2703605
ID92902,0.4057876
ID92903,0.13822366
ID92904,0.6864132
ID92905,0.35403714
ID92906,0.27405578
ID92907,0.32454962
ID92908,0.2761499
ID92909,0.32254413
ID92910,0.54266924
ID92911,0.6392609
ID92912,0.68553704
ID92913,0.55136937
ID92914,0.24427703
ID92915,0.23810741
ID92916,0.2673333
ID92917,0.19916286
ID92918,0.5194715
ID92919,0.20049806
ID92920,0.2091971
ID92921,0.52159923
ID92922,0.66053444
ID92923,0.50622976
ID92924,0.18850169
ID92925,0.42378902
ID92926,0.061705712
ID92927,0.31917053
ID92928,0.5543429
ID92929,0.17245927
ID92930,0.23931186
ID92931,0.43564838
ID92932,0.18832478
ID92933,0.6514127
ID92934,0.48589242
ID92935,0.061717216
ID92936,0.46272275
ID92937,0.2364147
ID92938,0.2127508
ID92939,0.6477606
ID92940,0.4250444
ID92941,0.5509264
ID92942,0.3761369
ID92943,0.36969438
ID92944,0.29357368
ID92945,0.44726983
ID92946,0.62097234
ID92947,0.2775247
ID92948,0.54922736
ID92949,0.5424686
ID92950,0.6378938
ID92951,0.630881
ID92952,0.30420393
ID92953,0.11964342
ID92954,0.65699065
ID92955,0.24254836
ID92956,0.5001027
ID92957,0.75216484
ID92958,0.10386776
ID92959,0.49577206
ID92960,0.24020676
ID92961,0.4064672
ID92962,0.34747404
ID92963,0.60580003
ID92964,0.48893973
ID92965,0.471864
ID92966,0.28836647
ID92967,0.62107587
ID92968,0.663521
ID92969,0.29064605
ID92970,0.5748436
ID92971,0.39227828
ID92972,0.6418361
ID92973,0.51401716
ID92974,0.26272658
ID92975,0.44086155
ID92976,0.26343283
ID92977,0.41739568
ID92978,0.16295035
ID92979,0.17284349
ID92980,0.36148688
ID92981,0.7586054
ID92982,0.18456058
ID92983,0.2419627
ID92984,0.459684
ID92985,0.39705455
ID92986,0.40979737
ID92987,0.3234548
ID92988,0.3184265
ID92989,0.5680673
ID92990,0.5629757
ID92991,0.28049687
ID92992,0.401593
ID92993,0.7350961
ID92994,0.62305343
ID92995,0.34340212
ID92996,0.62235653
ID92997,0.6850939
ID92998,0.66483444
ID92999,0.51033086
ID93000,0.23938102
ID93001,0.38866097
ID93002,0.2615877
ID93003,0.6474154
ID93004,0.32604825
ID93005,0.6229468
ID93006,0.049294062
ID93007,0.47523215
ID93008,0.64724207
ID93009,0.6505379
ID93010,0.23023197
ID93011,0.5384234
ID93012,0.12144311
ID93013,0.45635143
ID93014,0.45734867
ID93015,0.4127928
ID93016,0.3112512
ID93017,0.27339643
ID93018,0.6253504
ID93019,0.24533118
ID93020,0.5421003
ID93021,0.3965446
ID93022,0.54067904
ID93023,0.39734253
ID93024,0.35704422
ID93025,0.5486825
ID93026,0.52194107
ID93027,0.12562737
ID93028,0.40046772
ID93029,0.6555792
ID93030,0.26501477
ID93031,0.24519812
ID93032,0.48066765
ID93033,0.41460866
ID93034,0.74444544
ID93035,0.43761215
ID93036,0.41136768
ID93037,0.45223206
ID93038,0.5481365
ID93039,0.5983297
ID93040,0.5571034
ID93041,0.15356456
ID93042,0.33110633
ID93043,0.18859583
ID93044,0.59613425
ID93045,0.47422394
ID93046,0.22271927
ID93047,0.2189482
ID93048,0.49242362
ID93049,0.5287726
ID93050,0.36899468
ID93051,0.42874253
ID93052,0.5161534
ID93053,0.6860251
ID93054,0.4801985
ID93055,0.42146677
ID93056,0.6358732
ID93057,0.37065145
ID93058,0.5606447
ID93059,0.52594274
ID93060,0.3296174
ID93061,0.0057830694
ID93062,0.47414938
ID93063,0.63043636
ID93064,0.53052014
ID93065,0.6012414
ID93066,0.41112116
ID93067,0.5115689
ID93068,0.6052237
ID93069,0.5912517
ID93070,0.04145063
ID93071,0.5845063
ID93072,0.23288311
ID93073,0.17567272
ID93074,0.561645
ID93075,0.51461446
ID93076,0.5957777
ID93077,0.25490323
ID93078,0.5398296
ID93079,0.23706543
ID93080,0.5761352
ID93081,0.6667075
ID93082,0.3384891
ID93083,0.11396884
ID93084,0.5537626
ID93085,0.30303442
ID93086,0.13170233
ID93087,0.27647763
ID93088,0.28431326
ID93089,0.42587543
ID93090,0.63218486
ID93091,0.3372663
ID93092,0.3457995
ID93093,0.52846694
ID93094,0.53321415
ID93095,0.573916
ID93096,0.6255742
ID93097,0.29143038
ID93098,0.6563028
ID93099,0.61790884
ID93100,0.6233474
ID93101,0.40630183
ID93102,0.3697462
ID93103,0.57649606
ID93104,0.522678
ID93105,0.4952502
ID93106,0.10580456
ID93107,0.5085909
ID93108,0.46088552
ID93109,0.29617766
ID93110,0.16636083
ID93111,0.35267264
ID93112,0.30566472
ID93113,0.31396794
ID93114,0.4483505
ID93115,0.5507224
ID93116,0.3509861
ID93117,0.59446925
ID93118,0.41919816
ID93119,0.09642766
ID93120,0.23663792
ID93121,0.34286427
ID93122,0.3719975
ID93123,0.49710906
ID93124,0.2829488
ID93125,0.65466905
ID93126,0.3248005
ID93127,0.77357656
ID93128,0.56136537
ID93129,0.4939118
ID93130,0.66074026
ID93131,0.59028995
ID93132,0.5179806
ID93133,0.67065084
ID93134,0.23222592
ID93135,0.26718998
ID93136,0.58195335
ID93137,0.33576146
ID93138,0.57957864
ID93139,0.1459966
ID93140,0.38352486
ID93141,0.42366087
ID93142,0.65808666
ID93143,0.53894544
ID93144,0.19406834
ID93145,0.24319114
ID93146,0.5484375
ID93147,0.53800267
ID93148,0.55888456
ID93149,0.3022254
ID93150,0.5983421
ID93151,0.14552027
ID93152,0.30022568
ID93153,0.6084373
ID93154,0.5046937
ID93155,0.41913283
ID93156,0.7887762
ID93157,0.55428004
ID93158,0.40813848
ID93159,0.20763014
ID93160,0.39587128
ID93161,0.15724382
ID93162,0.027604077
ID93163,0.25504455
ID93164,0.540121
ID93165,0.5690564
ID93166,0.6199846
ID93167,0.7706557
ID93168,0.29273105
ID93169,0.5204137
ID93170,0.09218496
ID93171,0.1865578
ID93172,0.3269208
ID93173,0.15826276
ID93174,0.5503343
ID93175,0.31070745
ID93176,0.56266546
ID93177,0.2623597
ID93178,0.31062645
ID93179,0.36314553
ID93180,0.23140047
ID93181,0.61670357
ID93182,0.3124942
ID93183,0.60513765
ID93184,0.50396097
ID93185,0.069241025
ID93186,0.37928835
ID93187,0.7154313
ID93188,0.13366058
ID93189,0.61185235
ID93190,0.29419523
ID93191,0.05025964
ID93192,0.43864727
ID93193,0.3036077
ID93194,0.20100859
ID93195,0.5900683
ID93196,0.6651015
ID93197,0.21314678
ID93198,0.36670965
ID93199,0.67080754
ID93200,0.72975403
ID93201,0.27649868
ID93202,0.06619753
ID93203,0.36674595
ID93204,0.26783353
ID93205,0.5819748
ID93206,0.6027088
ID93207,0.13651027
ID93208,0.63065344
ID93209,0.5608227
ID93210,0.41072008
ID93211,0.32629058
ID93212,0.1614078
ID93213,0.06357867
ID93214,0.566643
ID93215,0.66017675
ID93216,0.35715958
ID93217,0.61215794
ID93218,0.05374378
ID93219,0.75905025
ID93220,0.22864349
ID93221,0.088648885
ID93222,0.40076888
ID93223,0.31961274
ID93224,0.3144663
ID93225,0.484745
ID93226,0.6781674
ID93227,0.5020858
ID93228,0.4065737
ID93229,0.55894136
ID93230,0.39710635
ID93231,0.4445829
ID93232,0.6272623
ID93233,0.3708029
ID93234,0.24974212
ID93235,0.6181621
ID93236,0.5218423
ID93237,0.64295554
ID93238,0.3314664
ID93239,0.4455211
ID93240,0.34149584
ID93241,0.441498
ID93242,0.38350567
ID93243,0.202557
ID93244,0.5900638
ID93245,0.58490473
ID93246,0.26662433
ID93247,0.3785505
ID93248,0.2926885
ID93249,0.4368558
ID93250,0.37624395
ID93251,0.6403562
ID93252,0.4781537
ID93253,0.65625083
ID93254,0.25587037
ID93255,0.4277012
ID93256,0.39529228
ID93257,0.524772
ID93258,0.5304815
ID93259,0.2108016
ID93260,0.626695
ID93261,0.3908338
ID93262,0.06354612
ID93263,0.45128974
ID93264,0.31271935
ID93265,0.23813324
ID93266,0.4783975
ID93267,0.6482027
ID93268,0.4270983
ID93269,0.57050925
ID93270,0.5827424
ID93271,0.1808124
ID93272,0.22720855
ID93273,0.42822665
ID93274,0.3587683
ID93275,0.13083838
ID93276,0.08207963
ID93277,0.11850653
ID93278,0.50891757
ID93279,0.4711219
ID93280,0.1909335
ID93281,0.08572247
ID93282,0.17709027
ID93283,0.18250147
ID93284,0.5015591
ID93285,0.6052025
ID93286,0.48466584
ID93287,0.2882207
ID93288,0.21353808
ID93289,0.48432153
ID93290,0.60327077
ID93291,0.08171215
ID93292,0.48775604
ID93293,0.3236969
ID93294,0.64131325
ID93295,0.039460763
ID93296,0.39499256
ID93297,0.49936655
ID93298,0.4267378
ID93299,0.29521188
ID93300,0.48103607
ID93301,0.3962247
ID93302,0.49544504
ID93303,0.42855805
ID93304,0.2962187
ID93305,0.54641813
ID93306,0.47563237
ID93307,0.14085065
ID93308,0.2802347
ID93309,0.34385487
ID93310,0.53976434
ID93311,0.041253578
ID93312,0.49581003
ID93313,0.50872153
ID93314,0.5355312
ID93315,0.2818892
ID93316,0.10830462
ID93317,0.22531126
ID93318,0.3002375
ID93319,0.522729
ID93320,0.55014646
ID93321,0.29610828
ID93322,0.7830804
ID93323,0.749628
ID93324,0.4411949
ID93325,0.58696514
ID93326,0.068874665
ID93327,0.5790778
ID93328,0.17979912
ID93329,0.20783928
ID93330,0.086727895
ID93331,0.6309578
ID93332,0.089747354
ID93333,0.35627484
ID93334,0.09014683
ID93335,0.12578084
ID93336,0.40939987
ID93337,0.4116835
ID93338,0.070267834
ID93339,0.46890453
ID93340,0.55791384
ID93341,0.6004063
ID93342,0.580195
ID93343,0.3816032
ID93344,0.395636
ID93345,0.17229663
ID93346,0.42054188
ID93347,0.5791901
ID93348,0.5482082
ID93349,0.08232715
ID93350,0.6600321
ID93351,0.52622616
ID93352,0.57285154
ID93353,0.58958244
ID93354,0.47335532
ID93355,0.023770554
ID93356,0.4277253
ID93357,0.59584385
ID93358,0.20158689
ID93359,0.3796051
ID93360,0.46519476
ID93361,0.25937498
ID93362,0.19710338
ID93363,0.73641294
ID93364,0.44311887
ID93365,0.056435633
ID93366,0.53681463
ID93367,0.31388766
ID93368,0.5718047
ID93369,0.6012944
ID93370,0.5706214
ID93371,0.045017727
ID93372,0.22541143
ID93373,0.5848677
ID93374,0.8540014
ID93375,0.4384931
ID93376,0.75304055
ID93377,0.3489253
ID93378,0.5181185
ID93379,0.4092349
ID93380,0.4372744
ID93381,0.50006825
ID93382,0.57666534
ID93383,0.3239414
ID93384,0.3886511
ID93385,0.23295568
ID93386,0.39232373
ID93387,0.42008078
ID93388,0.2946148
ID93389,0.50958776
ID93390,0.0871702
ID93391,0.17802675
ID93392,0.5690724
ID93393,0.666309
ID93394,0.13446887
ID93395,0.48560753
ID93396,0.5753845
ID93397,0.34428588
ID93398,0.48488083
ID93399,0.39104113
ID93400,0.16375221
ID93401,0.42216706
ID93402,0.46179095
ID93403,0.6054816
ID93404,0.45070016
ID93405,0.64191085
ID93406,0.54572463
ID93407,0.45081457
ID93408,0.010725465
ID93409,0.3837631
ID93410,0.1832637
ID93411,0.56749016
ID93412,0.35756707
ID93413,0.42090592
ID93414,0.38311023
ID93415,0.5549363
ID93416,0.4588289
ID93417,0.6532589
ID93418,0.10434407
ID93419,0.53065574
ID93420,0.58020675
ID93421,0.26823607
ID93422,0.47527245
ID93423,0.052059505
ID93424,0.5135317
ID93425,0.45360136
ID93426,0.60303754
ID93427,0.5361347
ID93428,0.33233032
ID93429,0.491075
ID93430,0.37065232
ID93431,0.504997
ID93432,0.4004609
ID93433,0.16978912
ID93434,0.6067375
ID93435,0.41918802
ID93436,0.514217
ID93437,0.5121301
ID93438,0.36073732
ID93439,0.38255605
ID93440,0.45301464
ID93441,0.61677814
ID93442,0.4962726
ID93443,0.24181342
ID93444,0.34660706
ID93445,0.57233566
ID93446,0.6576313
ID93447,0.75824964
ID93448,0.6056645
ID93449,0.32965463
ID93450,0.4782203
ID93451,0.57123554
ID93452,0.65031344
ID93453,0.5111854
ID93454,0.48437122
ID93455,0.5737876
ID93456,0.16311581
ID93457,0.4617465
ID93458,0.46178514
ID93459,0.51016253
ID93460,0.5276132
ID93461,0.56720376
ID93462,0.4154184
ID93463,0.32660082
ID93464,0.327059
ID93465,0.045624994
ID93466,0.08023177
ID93467,0.42398262
ID93468,0.4013728
ID93469,0.30224663
ID93470,0.5559411
ID93471,0.45228037
ID93472,0.5117265
ID93473,0.41879463
ID93474,0.6429888
ID93475,0.62332547
ID93476,0.5035179
ID93477,0.5123798
ID93478,0.38053867
ID93479,0.2166033
ID93480,0.5735616
ID93481,0.24260905
ID93482,0.19495288
ID93483,0.6313311
ID93484,0.6612961
ID93485,0.7271696
ID93486,0.49849048
ID93487,0.31309688
ID93488,0.21353386
ID93489,0.54568845
ID93490,0.63504785
ID93491,0.5446605
ID93492,0.25275725
ID93493,0.22057399
ID93494,0.5452519
ID93495,0.17190808
ID93496,0.6627351
ID93497,0.10275639
ID93498,0.5253824
ID93499,0.103253305
ID93500,0.17827916
ID93501,0.15113631
ID93502,0.62085146
ID93503,0.6556514
ID93504,0.5865112
ID93505,0.5435894
ID93506,0.5070475
ID93507,0.61508363
ID93508,0.27904004
ID93509,0.71654695
ID93510,0.6329903
ID93511,0.3640341
ID93512,0.59030586
ID93513,0.41715005
ID93514,0.14365077
ID93515,0.4139721
ID93516,0.5512815
ID93517,0.34093285
ID93518,0.5739932
ID93519,0.43491584
ID93520,0.2901797
ID93521,0.3511417
ID93522,0.7735684
ID93523,0.03495389
ID93524,0.41849276
ID93525,0.16705747
ID93526,0.49104545
ID93527,0.06360474
ID93528,0.31874964
ID93529,0.5438722
ID93530,0.38720816
ID93531,0.10370605
ID93532,0.3615524
ID93533,0.6399006
ID93534,0.41842982
ID93535,0.57951933
ID93536,0.7720845
ID93537,0.63213146
ID93538,0.02162371
ID93539,0.638647
ID93540,0.041888088
ID93541,0.5363827
ID93542,0.6639741
ID93543,0.4798887
ID93544,0.40372786
ID93545,0.52967274
ID93546,0.54519475
ID93547,0.6700139
ID93548,0.5753628
ID93549,0.4654281
ID93550,0.6505588
ID93551,0.5991653
ID93552,0.29935932
ID93553,0.41124675
ID93554,0.35205787
ID93555,0.20258085
ID93556,0.27592
ID93557,0.5504794
ID93558,0.23855187
ID93559,0.4341977
ID93560,0.45501336
ID93561,0.4556054
ID93562,0.031066217
ID93563,0.5899636
ID93564,0.7577347
ID93565,0.44459558
ID93566,0.2701884
ID93567,0.5664243
ID93568,0.6103963
ID93569,0.55660224
ID93570,0.499221
ID93571,0.19403724
ID93572,0.61415076
ID93573,0.04086413
ID93574,0.67530775
ID93575,0.45050895
ID93576,0.11783384
ID93577,0.35142228
ID93578,0.23174538
ID93579,0.05728272
ID93580,0.1722549
ID93581,0.21058398
ID93582,0.48922935
ID93583,0.22526051
ID93584,0.60623497
ID93585,0.14767623
ID93586,0.33119625
ID93587,0.54250026
ID93588,0.35591954
ID93589,0.63120794
ID93590,0.19993971
ID93591,0.2059064
ID93592,0.62001836
ID93593,0.49692535
ID93594,0.6920797
ID93595,0.58466333
ID93596,0.5941212
ID93597,0.57763946
ID93598,0.40849116
ID93599,0.48533073
ID93600,0.49016917
ID93601,0.34152478
ID93602,0.46137592
ID93603,0.5595987
ID93604,0.6810683
ID93605,0.5875038
ID93606,0.6716423
ID93607,0.6103054
ID93608,0.48994362
ID93609,0.63029075
ID93610,0.74121255
ID93611,0.39566943
ID93612,0.55073315
ID93613,0.19765697
ID93614,0.4747633
ID93615,0.30845496
ID93616,0.21243943
ID93617,0.39301205
ID93618,0.23192888
ID93619,0.5287865
ID93620,0.33030835
ID93621,0.6663418
ID93622,0.2058359
ID93623,0.58632874
ID93624,0.45501843
ID93625,0.5463644
ID93626,0.552473
ID93627,0.57773596
ID93628,0.59811276
ID93629,0.417477
ID93630,0.6073209
ID93631,0.43310204
ID93632,0.04351884
ID93633,0.3402312
ID93634,0.37070036
ID93635,0.42752168
ID93636,0.6202402
ID93637,0.42262027
ID93638,0.27331898
ID93639,0.47995734
ID93640,0.38745517
ID93641,0.29143038
ID93642,0.10534106
ID93643,0.1324504
ID93644,0.6373901
ID93645,0.4380161
ID93646,0.13050693
ID93647,0.2754766
ID93648,0.5072137
ID93649,0.45058423
ID93650,0.34879252
ID93651,0.6908272
ID93652,0.598182
ID93653,0.74512726
ID93654,0.6401496
ID93655,0.37633058
ID93656,0.24225384
ID93657,0.28383455
ID93658,0.46051228
ID93659,0.21716157
ID93660,0.5092382
ID93661,0.16873226
ID93662,0.5026684
ID93663,0.6681084
ID93664,0.671197
ID93665,0.5321858
ID93666,0.0405453
ID93667,0.21624297
ID93668,0.594198
ID93669,0.5800654
ID93670,0.49004918
ID93671,0.41624603
ID93672,0.5827465
ID93673,0.49385506
ID93674,0.3410337
ID93675,0.5593661
ID93676,0.24160929
ID93677,0.5264619
ID93678,0.32030225
ID93679,0.50936216
ID93680,0.32101405
ID93681,0.44738886
ID93682,0.41382766
ID93683,0.54460263
ID93684,0.140863
ID93685,0.7032841
ID93686,0.1889983
ID93687,0.6235822
ID93688,0.7720845
ID93689,0.70387346
ID93690,0.2784101
ID93691,0.07800673
ID93692,0.45075402
ID93693,0.29982415
ID93694,0.21391582
ID93695,0.6137986
ID93696,0.113011174
ID93697,0.11820899
ID93698,0.68838394
ID93699,0.49876007
ID93700,0.24592933
ID93701,0.107563995
ID93702,0.6452709
ID93703,0.39067638
ID93704,0.377223
ID93705,0.5184231
ID93706,0.3563427
ID93707,0.45981115
ID93708,0.12171993
ID93709,0.68173814
ID93710,0.026652081
ID93711,0.48844698
ID93712,0.3617383
ID93713,0.525139
ID93714,0.42292
ID93715,0.25393924
ID93716,0.50566596
ID93717,0.69501865
ID93718,0.40777037
ID93719,0.23987445
ID93720,0.29304546
ID93721,0.6419225
ID93722,0.44358784
ID93723,0.51157933
ID93724,0.2563845
ID93725,0.45081767
ID93726,0.6814156
ID93727,0.19698593
ID93728,0.38123155
ID93729,0.33057594
ID93730,0.47804448
ID93731,0.5020753
ID93732,0.45900992
ID93733,0.25893608
ID93734,0.6921843
ID93735,0.3718724
ID93736,0.28284362
ID93737,0.3951089
ID93738,0.36491054
ID93739,0.40693045
ID93740,0.40016085
ID93741,0.25124392
ID93742,0.70132166
ID93743,0.5678369
ID93744,0.36860073
ID93745,0.15387098
ID93746,0.19066983
ID93747,0.59918046
ID93748,0.3226028
ID93749,0.55850685
ID93750,0.26525298
ID93751,0.37493324
ID93752,0.35140398
ID93753,0.04633995
ID93754,0.61933464
ID93755,0.56720376
ID93756,0.40453306
ID93757,0.5552995
ID93758,0.48615205
ID93759,0.21205291
ID93760,0.6244807
ID93761,0.6427469
ID93762,0.5388477
ID93763,0.6222074
ID93764,0.7798181
ID93765,0.59665024
ID93766,0.17389816
ID93767,0.35944942
ID93768,0.43749547
ID93769,0.4522923
ID93770,0.40979737
ID93771,0.6284178
ID93772,0.58351004
ID93773,0.19649397
ID93774,0.04308096
ID93775,0.47414106
ID93776,0.62976885
ID93777,0.29721645
ID93778,0.34000587
ID93779,0.43922487
ID93780,0.4777071
ID93781,0.6237601
ID93782,0.22579175
ID93783,0.5932564
ID93784,0.5591552
ID93785,0.26121867
ID93786,0.48510453
ID93787,0.124238804
ID93788,0.3021523
ID93789,0.59023637
ID93790,0.4821335
ID93791,0.111651264
ID93792,0.31901073
ID93793,0.6671163
ID93794,0.6413031
ID93795,0.27189016
ID93796,0.087131634
ID93797,0.620282
ID93798,0.5925842
ID93799,0.34502876
ID93800,0.5463004
ID93801,0.5586423
ID93802,0.5113977
ID93803,0.6000295
ID93804,0.5379097
ID93805,0.5729722
ID93806,0.45754024
ID93807,0.4123877
ID93808,0.5780246
ID93809,0.36996886
ID93810,0.5964423
ID93811,0.42656717
ID93812,0.71028817
ID93813,0.34037784
ID93814,0.5623201
ID93815,0.4622881
ID93816,0.11294026
ID93817,0.708673
ID93818,0.21015334
ID93819,0.23735008
ID93820,0.62803745
ID93821,0.47695383
ID93822,0.36383522
ID93823,0.4461046
ID93824,0.50927144
ID93825,0.06479343
ID93826,0.5497069
ID93827,0.1281493
ID93828,0.36259848
ID93829,0.4456025
ID93830,0.3687755
ID93831,0.15756074
ID93832,0.5957113
ID93833,0.7236408
ID93834,0.48411942
ID93835,0.6561746
ID93836,0.6409558
ID93837,0.49747038
ID93838,0.36063588
ID93839,0.5806248
ID93840,0.5033992
ID93841,0.22442135
ID93842,0.55393636
ID93843,0.4460438
ID93844,0.57846797
ID93845,0.36215147
ID93846,0.42266068
ID93847,0.5286026
ID93848,0.41899246
ID93849,0.62161916
ID93850,0.64754343
ID93851,0.6413201
ID93852,0.23718904
ID93853,0.6282493
ID93854,0.29972392
ID93855,0.47804862
ID93856,0.3932105
ID93857,0.59490323
ID93858,0.6106011
ID93859,0.5849419
ID93860,0.11031107
ID93861,0.64038205
ID93862,0.51053804
ID93863,0.6562811
ID93864,0.5644415
ID93865,0.31648925
ID93866,0.3479337
ID93867,0.38093445
ID93868,0.60900146
ID93869,0.53335935
ID93870,0.38847876
ID93871,0.47709864
ID93872,0.39850914
ID93873,0.6040803
ID93874,0.3233315
ID93875,0.5591207
ID93876,0.3634402
ID93877,0.23937294
ID93878,0.5224289
ID93879,0.47119725
ID93880,0.32360756
ID93881,0.19632387
ID93882,0.3070768
ID93883,0.5048816
ID93884,0.23315854
ID93885,0.6328318
ID93886,0.3448527
ID93887,0.3784563
ID93888,0.572722
ID93889,0.018745316
ID93890,0.4055741
ID93891,0.07953027
ID93892,0.17394811
ID93893,0.12817562
ID93894,0.6243984
ID93895,0.2329676
ID93896,0.35131168
ID93897,0.65290123
ID93898,0.4369886
ID93899,0.6331037
ID93900,0.3884814
ID93901,0.47383338
ID93902,0.61760336
ID93903,0.24827848
ID93904,0.611225
ID93905,0.3679905
ID93906,0.48376745
ID93907,0.25940475
ID93908,0.31087035
ID93909,0.46447346
ID93910,0.12686312
ID93911,0.6440644
ID93912,0.6522222
ID93913,0.38568586
ID93914,0.32775378
ID93915,0.17996584
ID93916,0.262754
ID93917,0.5527916
ID93918,0.4844237
ID93919,0.49450544
ID93920,0.26283973
ID93921,0.45831117
ID93922,0.13624002
ID93923,0.39331433
ID93924,0.6876739
ID93925,0.61394835
ID93926,0.749628
ID93927,0.41857952
ID93928,0.156445
ID93929,0.4184857
ID93930,0.28282857
ID93931,0.17962807
ID93932,0.106175855
ID93933,0.21325353
ID93934,0.49038717
ID93935,0.57365835
ID93936,0.108210236
ID93937,0.5747829
ID93938,0.19532865
ID93939,0.7453828
ID93940,0.6004097
ID93941,0.009167153
ID93942,0.10281251
ID93943,0.13674319
ID93944,0.20842372
ID93945,0.12287956
ID93946,0.5871202
ID93947,0.14147195
ID93948,0.59678364
ID93949,0.61046517
ID93950,0.093470424
ID93951,0.4788278
ID93952,0.13835941
ID93953,0.6367279
ID93954,0.54119426
ID93955,0.5926796
ID93956,0.46339265
ID93957,0.5150512
ID93958,0.6599042
ID93959,0.52935654
ID93960,0.4757122
ID93961,0.45254853
ID93962,0.5033687
ID93963,0.64041954
ID93964,0.5872828
ID93965,0.4226493
ID93966,0.07300674
ID93967,0.2414188
ID93968,0.450742
ID93969,0.35345376
ID93970,0.14994808
ID93971,0.3461385
ID93972,0.35441434
ID93973,0.3077536
ID93974,0.071352914
ID93975,0.25752586
ID93976,0.4565846
ID93977,0.53149366
ID93978,0.32159686
ID93979,0.35461742
ID93980,0.17076853
ID93981,0.49176455
ID93982,0.3795599
ID93983,0.37643853
ID93984,0.53269935
ID93985,0.55259836
ID93986,0.23453884
ID93987,0.433991
ID93988,0.30226067
ID93989,0.12430019
ID93990,0.25699398
ID93991,0.60804456
ID93992,0.6663723
ID93993,0.3976887
ID93994,0.68801457
ID93995,0.20190328
ID93996,0.31052473
ID93997,0.34735113
ID93998,0.5682798
ID93999,0.33373287
ID94000,0.45780638
ID94001,0.47399777
ID94002,0.43704498
ID94003,0.21759817
ID94004,0.12921132
ID94005,0.4878678
ID94006,0.10085365
ID94007,0.27015907
ID94008,0.44385824
ID94009,0.029913483
ID94010,0.49286497
ID94011,0.09184004
ID94012,0.5249329
ID94013,0.12326178
ID94014,0.055596318
ID94015,0.07033936
ID94016,0.032152336
ID94017,0.5482296
ID94018,0.5222599
ID94019,0.11478167
ID94020,0.500723
ID94021,0.4518021
ID94022,0.57993734
ID94023,0.4214727
ID94024,0.29018205
ID94025,0.031409975
ID94026,0.43889624
ID94027,0.11457821
ID94028,0.51544446
ID94029,0.3821341
ID94030,0.6454433
ID94031,0.46239004
ID94032,0.29920182
ID94033,0.5300342
ID94034,0.21124263
ID94035,0.3483196
ID94036,0.21956253
ID94037,0.74520147
ID94038,0.6124676
ID94039,0.6982453
ID94040,0.15048295
ID94041,0.5222078
ID94042,0.6501875
ID94043,0.46694878
ID94044,0.76848847
ID94045,0.695602
ID94046,0.48723283
ID94047,0.14999007
ID94048,0.12445236
ID94049,0.74326724
ID94050,0.553539
ID94051,0.6179358
ID94052,0.06663566
ID94053,0.1603964
ID94054,0.5657962
ID94055,0.19202499
ID94056,0.60079193
ID94057,0.097761564
ID94058,0.7312628
ID94059,0.63005996
ID94060,0.09964517
ID94061,0.07786903
ID94062,0.3300452
ID94063,0.63984114
ID94064,0.52981687
ID94065,0.18686204
ID94066,0.41543746
ID94067,0.59079957
ID94068,0.33094066
ID94069,0.31881264
ID94070,0.61122286
ID94071,0.2476381
ID94072,0.65255696
ID94073,0.3666867
ID94074,0.5500999
ID94075,0.32410955
ID94076,0.34285465
ID94077,0.27826098
ID94078,0.7217173
ID94079,0.5554646
ID94080,0.44886816
ID94081,0.3147676
ID94082,0.30655634
ID94083,0.6420749
ID94084,0.6146236
ID94085,0.44390246
ID94086,0.59345555
ID94087,0.057989616
ID94088,0.2488803
ID94089,0.47850958
ID94090,0.4969239
ID94091,0.3884729
ID94092,0.598938
ID94093,0.7272967
ID94094,0.34724864
ID94095,0.63239247
ID94096,0.2724892
ID94097,0.27355132
ID94098,0.54142326
ID94099,0.28541678
ID94100,0.42950386
ID94101,0.3363015
ID94102,0.24389385
ID94103,0.6093364
ID94104,0.21606816
ID94105,0.5085812
ID94106,0.5147654
ID94107,0.4160922
ID94108,0.49895227
ID94109,0.2588931
ID94110,0.44374976
ID94111,0.32668656
ID94112,0.54881716
ID94113,0.60585994
ID94114,0.1273504
ID94115,0.043740895
ID94116,0.38306347
ID94117,0.43069533
ID94118,0.31172118
ID94119,0.2184614
ID94120,0.66481334
ID94121,0.778212
ID94122,0.34203243
ID94123,0.3508879
ID94124,0.38044083
ID94125,0.5737024
ID94126,0.39654833
ID94127,0.36076275
ID94128,0.55176336
ID94129,0.59694976
ID94130,0.5304428
ID94131,0.4715021
ID94132,0.6505491
ID94133,0.47116858
ID94134,0.22285742
ID94135,0.16233511
ID94136,0.40502048
ID94137,0.5508746
ID94138,0.2787929
ID94139,0.71488243
ID94140,0.46360427
ID94141,0.16048989
ID94142,0.5766826
ID94143,0.3851932
ID94144,0.31459326
ID94145,0.61376727
ID94146,0.50454754
ID94147,0.5550744
ID94148,0.14528891
ID94149,0.3613962
ID94150,0.62128615
ID94151,0.48844597
ID94152,0.47082585
ID94153,0.28827897
ID94154,0.57098913
ID94155,0.53293455
ID94156,0.58764833
ID94157,0.32520807
ID94158,0.19689803
ID94159,0.47239926
ID94160,0.4281551
ID94161,0.48783264
ID94162,0.09272666
ID94163,0.11890008
ID94164,0.7323921
ID94165,0.13029212
ID94166,0.04060837
ID94167,0.52487177
ID94168,0.43100238
ID94169,0.52139986
ID94170,0.6621302
ID94171,0.6254211
ID94172,0.42576942
ID94173,0.36855805
ID94174,0.12747133
ID94175,0.7013973
ID94176,0.63711095
ID94177,0.7299586
ID94178,0.5697723
ID94179,0.49851134
ID94180,0.6412171
ID94181,0.22040316
ID94182,0.47220105
ID94183,0.6402959
ID94184,0.21185836
ID94185,0.06666058
ID94186,0.5146487
ID94187,0.5334484
ID94188,0.1855997
ID94189,0.25657085
ID94190,0.126323
ID94191,0.47212008
ID94192,0.4351411
ID94193,0.5203285
ID94194,0.1303103
ID94195,0.339817
ID94196,0.35521007
ID94197,0.34505117
ID94198,0.22214586
ID94199,0.3645592
ID94200,0.50285244
ID94201,0.5289445
ID94202,0.44462264
ID94203,0.48894235
ID94204,0.7904032
ID94205,0.3964713
ID94206,0.6019759
ID94207,0.5329092
ID94208,0.33816993
ID94209,0.47109702
ID94210,0.44320628
ID94211,0.6117546
ID94212,0.21302775
ID94213,0.22512801
ID94214,0.24510784
ID94215,0.4008198
ID94216,0.5448486
ID94217,0.5443095
ID94218,0.3289944
ID94219,0.13992935
ID94220,0.660248
ID94221,0.47355643
ID94222,0.5371448
ID94223,0.2533311
ID94224,0.458209
ID94225,0.580602
ID94226,0.5087371
ID94227,0.49070615
ID94228,0.7136813
ID94229,0.5823428
ID94230,0.22508518
ID94231,0.32025826
ID94232,0.13983591
ID94233,0.4449043
ID94234,0.47834805
ID94235,0.42181203
ID94236,0.20696244
ID94237,0.6276187
ID94238,0.60428953
ID94239,0.6297692
ID94240,0.56969064
ID94241,0.5668465
ID94242,0.4224818
ID94243,0.3134731
ID94244,0.45691496
ID94245,0.51852906
ID94246,0.16055772
ID94247,0.2529535
ID94248,0.49273232
ID94249,0.26256487
ID94250,0.08560768
ID94251,0.32228994
ID94252,0.5285037
ID94253,0.68652797
ID94254,0.3947732
ID94255,0.48020265
ID94256,0.55306166
ID94257,0.59903055
ID94258,0.10108839
ID94259,0.03287352
ID94260,0.4469358
ID94261,0.26183724
ID94262,0.59248495
ID94263,0.56451476
ID94264,0.6029209
ID94265,0.16633116
ID94266,0.31258482
ID94267,0.53886205
ID94268,0.48146993
ID94269,0.32511723
ID94270,0.5670363
ID94271,0.63954836
ID94272,0.24959917
ID94273,0.62913
ID94274,0.044189475
ID94275,0.14663167
ID94276,0.2680558
ID94277,0.4119435
ID94278,0.62266195
ID94279,0.23217186
ID94280,0.5516398
ID94281,0.5979631
ID94282,0.36303073
ID94283,0.15813458
ID94284,0.30330366
ID94285,0.45879677
ID94286,0.62412256
ID94287,0.4924581
ID94288,0.39088282
ID94289,0.53353935
ID94290,0.3051305
ID94291,0.35898992
ID94292,0.56704724
ID94293,0.27605775
ID94294,0.3335104
ID94295,0.6145235
ID94296,0.6631276
ID94297,0.39360207
ID94298,0.58217007
ID94299,0.28861508
ID94300,0.16901435
ID94301,0.48460823
ID94302,0.32488006
ID94303,0.11819703
ID94304,0.11881399
ID94305,0.4374085
ID94306,0.46086827
ID94307,0.60953665
ID94308,0.62605226
ID94309,0.38473392
ID94310,0.5444042
ID94311,0.5224013
ID94312,0.27404907
ID94313,0.6392313
ID94314,0.25705576
ID94315,0.54036707
ID94316,0.099712856
ID94317,0.54292005
ID94318,0.36063492
ID94319,0.23536214
ID94320,0.29225942
ID94321,0.48080066
ID94322,0.7496624
ID94323,0.51220006
ID94324,0.16414048
ID94325,0.59524536
ID94326,0.3314676
ID94327,0.049321804
ID94328,0.67692477
ID94329,0.7278405
ID94330,0.56284946
ID94331,0.5045425
ID94332,0.7386624
ID94333,0.67287517
ID94334,0.5415516
ID94335,0.30853608
ID94336,0.38342166
ID94337,0.5625743
ID94338,0.6607419
ID94339,0.47269616
ID94340,0.15380664
ID94341,0.3808372
ID94342,0.53724843
ID94343,0.5785602
ID94344,0.07675108
ID94345,0.41728157
ID94346,0.61150753
ID94347,0.3410525
ID94348,0.60638785
ID94349,0.41051242
ID94350,0.40911388
ID94351,0.51564074
ID94352,0.3923272
ID94353,0.4614662
ID94354,0.1964025
ID94355,0.55330586
ID94356,0.6138671
ID94357,0.10028007
ID94358,0.17820467
ID94359,0.6342142
ID94360,0.6249126
ID94361,0.40926436
ID94362,0.358929
ID94363,0.42522055
ID94364,0.6338909
ID94365,0.20692214
ID94366,0.11057912
ID94367,0.56382495
ID94368,0.23412262
ID94369,0.16540731
ID94370,0.64003026
ID94371,0.39153215
ID94372,0.31461564
ID94373,0.26695192
ID94374,0.5364539
ID94375,0.3006584
ID94376,0.3983218
ID94377,0.59279543
ID94378,0.48591185
ID94379,0.51649636
ID94380,0.62672305
ID94381,0.11009897
ID94382,0.6654247
ID94383,0.15493606
ID94384,0.20141415
ID94385,0.4831074
ID94386,0.58092046
ID94387,0.6256074
ID94388,0.518906
ID94389,0.65916
ID94390,0.24511524
ID94391,0.26312396
ID94392,0.12084015
ID94393,0.38304538
ID94394,0.12174847
ID94395,0.45420733
ID94396,0.6422201
ID94397,0.21656482
ID94398,0.58663225
ID94399,0.46272892
ID94400,0.48048142
ID94401,0.031024093
ID94402,0.5845559
ID94403,0.62323046
ID94404,0.28381944
ID94405,0.55666184
ID94406,0.63644284
ID94407,0.5697203
ID94408,0.41041708
ID94409,0.49807099
ID94410,0.3873644
ID94411,0.43379185
ID94412,0.5381495
ID94413,0.26159412
ID94414,0.55230963
ID94415,0.6142555
ID94416,0.34163228
ID94417,0.36674532
ID94418,0.03882328
ID94419,0.2929228
ID94420,0.43328556
ID94421,0.41590938
ID94422,0.3299029
ID94423,0.58725226
ID94424,0.4273636
ID94425,0.45324698
ID94426,0.21185811
ID94427,0.4333083
ID94428,0.38607946
ID94429,0.6938679
ID94430,0.36812252
ID94431,0.20002608
ID94432,0.6561371
ID94433,0.52245945
ID94434,0.6252342
ID94435,0.55178106
ID94436,0.7024975
ID94437,0.58142513
ID94438,0.10386234
ID94439,0.086520016
ID94440,0.4238342
ID94441,0.5830475
ID94442,0.64978045
ID94443,0.4619484
ID94444,0.20118588
ID94445,0.23110607
ID94446,0.18610151
ID94447,0.49842912
ID94448,0.638556
ID94449,0.7034781
ID94450,0.29929924
ID94451,0.6954571
ID94452,0.4728216
ID94453,0.38867596
ID94454,0.5818979
ID94455,0.42595917
ID94456,0.43072584
ID94457,0.61538726
ID94458,0.40487036
ID94459,0.4794772
ID94460,0.40760553
ID94461,0.4678
ID94462,0.14856783
ID94463,0.37439474
ID94464,0.036968686
ID94465,0.10277068
ID94466,0.70886356
ID94467,0.37433714
ID94468,0.5871516
ID94469,0.108433746
ID94470,0.08046019
ID94471,0.60522103
ID94472,0.17581372
ID94473,0.64454216
ID94474,0.65087265
ID94475,0.11251588
ID94476,0.6352439
ID94477,0.0131407725
ID94478,0.41993132
ID94479,0.62511414
ID94480,0.07764733
ID94481,0.50633264
ID94482,0.39343727
ID94483,0.24931595
ID94484,0.39377546
ID94485,0.49777973
ID94486,0.45013222
ID94487,0.23185427
ID94488,0.26393542
ID94489,0.2208027
ID94490,0.57168776
ID94491,0.57783467
ID94492,0.100386344
ID94493,0.6020956
ID94494,0.7234109
ID94495,0.5923356
ID94496,0.35733494
ID94497,0.4257282
ID94498,0.45000547
ID94499,0.56400675
ID94500,0.6545702
ID94501,0.44955108
ID94502,0.4937496
ID94503,0.38528433
ID94504,0.47254887
ID94505,0.515169
ID94506,0.73073643
ID94507,0.2744696
ID94508,0.593702
ID94509,0.5278897
ID94510,0.5265787
ID94511,0.5388753
ID94512,0.4237334
ID94513,0.42238516
ID94514,0.4169556
ID94515,0.27779794
ID94516,0.26246494
ID94517,0.38493648
ID94518,0.5209128
ID94519,0.1891661
ID94520,0.04923757
ID94521,0.349064
ID94522,0.30121732
ID94523,0.4724731
ID94524,0.17599396
ID94525,0.30749327
ID94526,0.20667401
ID94527,0.37495223
ID94528,0.49980772
ID94529,0.26085368
ID94530,0.6150042
ID94531,0.6183479
ID94532,0.5173962
ID94533,0.5621735
ID94534,0.56998235
ID94535,0.38632512
ID94536,0.4535661
ID94537,0.12677816
ID94538,0.560449
ID94539,0.31292853
ID94540,0.5856075
ID94541,0.1356934
ID94542,0.06906604
ID94543,0.49267304
ID94544,0.20868316
ID94545,0.26807415
ID94546,0.5642818
ID94547,0.34251267
ID94548,0.52657866
ID94549,0.25100422
ID94550,0.042107254
ID94551,0.4091576
ID94552,0.65376014
ID94553,0.49970025
ID94554,0.17767
ID94555,0.5177701
ID94556,0.5892873
ID94557,0.61046636
ID94558,0.5720195
ID94559,0.63564855
ID94560,0.19664656
ID94561,0.4366255
ID94562,0.5692058
ID94563,0.5163661
ID94564,0.15020795
ID94565,0.31126186
ID94566,0.06706722
ID94567,0.39695257
ID94568,0.22645786
ID94569,0.35318586
ID94570,0.54516315
ID94571,0.68252915
ID94572,0.21467063
ID94573,0.6419154
ID94574,0.52399474
ID94575,0.3992237
ID94576,0.42670026
ID94577,0.2977042
ID94578,0.6652669
ID94579,0.23128776
ID94580,0.13322815
ID94581,0.6050035
ID94582,0.25118846
ID94583,0.40026638
ID94584,0.5304191
ID94585,0.5092904
ID94586,0.37033814
ID94587,0.50864166
ID94588,0.5338479
ID94589,0.6281595
ID94590,0.4812833
ID94591,0.48645267
ID94592,0.56416017
ID94593,0.111490555
ID94594,0.03555943
ID94595,0.54824156
ID94596,0.38603818
ID94597,0.60169214
ID94598,0.6423299
ID94599,0.43990535
ID94600,0.59134185
ID94601,0.6117499
ID94602,0.7026879
ID94603,0.720682
ID94604,0.6121136
ID94605,0.5750101
ID94606,0.64764225
ID94607,0.46935907
ID94608,0.3099112
ID94609,0.59119666
ID94610,0.06641507
ID94611,0.5420556
ID94612,0.52832305
ID94613,0.58190346
ID94614,0.65963846
ID94615,0.4507959
ID94616,0.6002475
ID94617,0.44666508
ID94618,0.5353943
ID94619,0.37271902
ID94620,0.25201458
ID94621,0.35231686
ID94622,0.43871462
ID94623,0.12122282
ID94624,0.35986114
ID94625,0.63680327
ID94626,0.5189341
ID94627,0.36457562
ID94628,0.5880357
ID94629,0.4552433
ID94630,0.70603734
ID94631,0.4577025
ID94632,0.21917391
ID94633,0.5598948
ID94634,0.4246074
ID94635,0.56709814
ID94636,0.6756564
ID94637,0.3617383
ID94638,0.6019947
ID94639,0.65944546
ID94640,0.54388565
ID94641,0.42028004
ID94642,0.28273454
ID94643,0.30333152
ID94644,0.29234517
ID94645,0.65183043
ID94646,0.3168999
ID94647,0.36352158
ID94648,0.57232153
ID94649,0.47991824
ID94650,0.08182188
ID94651,0.21502617
ID94652,0.09035369
ID94653,0.55419105
ID94654,0.76019436
ID94655,0.03954498
ID94656,0.14863618
ID94657,0.6280974
ID94658,0.57725173
ID94659,0.55675155
ID94660,0.5346832
ID94661,0.5020082
ID94662,0.51950145
ID94663,0.09950964
ID94664,0.34027424
ID94665,0.32530594
ID94666,0.70250064
ID94667,0.14850898
ID94668,0.57224536
ID94669,0.648245
ID94670,0.6551483
ID94671,0.3146731
ID94672,0.5469941
ID94673,0.11427189
ID94674,0.20204547
ID94675,0.41242597
ID94676,0.3739003
ID94677,0.49868512
ID94678,0.23917654
ID94679,0.5464947
ID94680,0.5683583
ID94681,0.10833157
ID94682,0.44766536
ID94683,0.72863084
ID94684,0.45732358
ID94685,0.38147968
ID94686,0.14917369
ID94687,0.6062463
ID94688,0.47190258
ID94689,0.5132755
ID94690,0.6300061
ID94691,0.23746033
ID94692,0.14995949
ID94693,0.5044077
ID94694,0.755547
ID94695,0.6318765
ID94696,0.5481886
ID94697,0.5715006
ID94698,0.16562028
ID94699,0.6622954
ID94700,0.50422573
ID94701,0.31946635
ID94702,0.3983218
ID94703,0.11691273
ID94704,0.61727536
ID94705,0.6516623
ID94706,0.4351402
ID94707,0.65094554
ID94708,0.39093512
ID94709,0.19957553
ID94710,0.25264257
ID94711,0.4624459
ID94712,0.09179197
ID94713,0.41550183
ID94714,0.6740732
ID94715,0.42950478
ID94716,0.23023549
ID94717,0.5761007
ID94718,0.21710072
ID94719,0.58197844
ID94720,0.5028945
ID94721,0.2473212
ID94722,0.50467306
ID94723,0.20255329
ID94724,0.56840384
ID94725,0.27141476
ID94726,0.56609803
ID94727,0.56800914
ID94728,0.4618278
ID94729,0.60477877
ID94730,0.3540969
ID94731,0.6008024
ID94732,0.068019345
ID94733,0.18145771
ID94734,0.1878239
ID94735,0.49964085
ID94736,0.11266237
ID94737,0.18897118
ID94738,0.31665716
ID94739,0.44170478
ID94740,0.5202066
ID94741,0.4270043
ID94742,0.39918023
ID94743,0.36190653
ID94744,0.5246791
ID94745,0.28466293
ID94746,0.49224073
ID94747,0.5246914
ID94748,0.4382509
ID94749,0.06358887
ID94750,0.24852748
ID94751,0.5668522
ID94752,0.4230405
ID94753,0.2847535
ID94754,0.6600432
ID94755,0.46153107
ID94756,0.2433771
ID94757,0.36933666
ID94758,0.09489669
ID94759,0.3849819
ID94760,0.51648855
ID94761,0.2637471
ID94762,0.36614835
ID94763,0.23619343
ID94764,0.40949804
ID94765,0.36633408
ID94766,0.5372039
ID94767,0.48042056
ID94768,0.045192912
ID94769,0.48649397
ID94770,0.49733317
ID94771,0.09190462
ID94772,0.5536538
ID94773,0.26978242
ID94774,0.11999175
ID94775,0.62929875
ID94776,0.26419017
ID94777,0.07730604
ID94778,0.2202074
ID94779,0.49191484
ID94780,0.48719934
ID94781,0.31483415
ID94782,0.31334826
ID94783,0.31791392
ID94784,0.34584093
ID94785,0.5590207
ID94786,0.6217584
ID94787,0.32220125
ID94788,0.21736021
ID94789,0.6653512
ID94790,0.4213687
ID94791,0.112546146
ID94792,0.6859341
ID94793,0.31264964
ID94794,0.3398831
ID94795,0.5475238
ID94796,0.43294048
ID94797,0.47024655
ID94798,0.3604766
ID94799,0.38454503
ID94800,0.6650457
ID94801,0.2400762
ID94802,0.52711886
ID94803,0.31241998
ID94804,0.38529372
ID94805,0.14417143
ID94806,0.5128066
ID94807,0.19755584
ID94808,0.47921956
ID94809,0.055305757
ID94810,0.6423473
ID94811,0.36637262
ID94812,0.30078676
ID94813,0.5096877
ID94814,0.41319603
ID94815,0.4614073
ID94816,0.3895478
ID94817,0.760823
ID94818,0.64509
ID94819,0.60793144
ID94820,0.27804998
ID94821,0.7142331
ID94822,0.4238917
ID94823,0.4665803
ID94824,0.059081547
ID94825,0.003753762
ID94826,0.45131955
ID94827,0.17211953
ID94828,0.47656274
ID94829,0.27998263
ID94830,0.24499342
ID94831,0.11362619
ID94832,0.3812782
ID94833,0.52117294
ID94834,0.6505014
ID94835,0.3170375
ID94836,0.34856418
ID94837,0.010249704
ID94838,0.35479334
ID94839,0.5994294
ID94840,0.27111402
ID94841,0.26106927
ID94842,0.602974
ID94843,0.2689806
ID94844,0.4959689
ID94845,0.43577203
ID94846,0.5170455
ID94847,0.6032197
ID94848,0.64756435
ID94849,0.4861919
ID94850,0.1357188
ID94851,0.47292984
ID94852,0.5545435
ID94853,0.5115213
ID94854,0.5356532
ID94855,0.5561671
ID94856,0.65144956
ID94857,0.47593254
ID94858,0.18717147
ID94859,0.5937001
ID94860,0.58658075
ID94861,0.19820069
ID94862,0.20791185
ID94863,0.3132078
ID94864,0.29494685
ID94865,0.17417747
ID94866,0.39874297
ID94867,0.3626596
ID94868,0.0100687435
ID94869,0.5351884
ID94870,0.32206854
ID94871,0.120809585
ID94872,0.6846843
ID94873,0.5929741
ID94874,0.29353926
ID94875,0.4575986
ID94876,0.12219754
ID94877,0.18453963
ID94878,0.5414551
ID94879,0.21739246
ID94880,0.23775424
ID94881,0.4605574
ID94882,0.6018933
ID94883,0.48881552
ID94884,0.29419163
ID94885,0.34384957
ID94886,0.6367971
ID94887,0.45600998
ID94888,0.3878422
ID94889,0.7157508
ID94890,0.4571031
ID94891,0.41275874
ID94892,0.41346762
ID94893,0.41569072
ID94894,0.6212174
ID94895,0.64021176
ID94896,0.2561661
ID94897,0.49473938
ID94898,0.44171944
ID94899,0.29974687
ID94900,0.5390786
ID94901,0.65794265
ID94902,0.1995911
ID94903,0.66743815
ID94904,0.1958079
ID94905,0.59689784
ID94906,0.62529606
ID94907,0.30066723
ID94908,0.026055729
ID94909,0.38524103
ID94910,0.46137866
ID94911,0.5254251
ID94912,0.36482045
ID94913,0.59640205
ID94914,0.412269
ID94915,0.13575326
ID94916,0.5909593
ID94917,0.65562564
ID94918,0.2909241
ID94919,0.46734646
ID94920,0.09771561
ID94921,0.10507055
ID94922,0.5051715
ID94923,0.15970056
ID94924,0.026893063
ID94925,0.30340117
ID94926,0.2594209
ID94927,0.29077765
ID94928,0.6806748
ID94929,0.41217598
ID94930,0.5134325
ID94931,0.41253665
ID94932,0.48071107
ID94933,0.5681314
ID94934,0.010254388
ID94935,0.011497035
ID94936,0.52555543
ID94937,0.52985847
ID94938,0.4548893
ID94939,0.37273413
ID94940,0.55835193
ID94941,0.35672754
ID94942,0.74918634
ID94943,0.736981
ID94944,0.47581506
ID94945,0.36226305
ID94946,0.36156276
ID94947,0.4743687
ID94948,0.6029044
ID94949,0.44949064
ID94950,0.52500755
ID94951,0.58552283
ID94952,0.60417175
ID94953,0.59963995
ID94954,0.06353564
ID94955,0.5447902
ID94956,0.62559295
ID94957,0.6611444
ID94958,0.44810805
ID94959,0.7037768
ID94960,0.1811706
ID94961,0.48578978
ID94962,0.22009155
ID94963,0.50943255
ID94964,0.5031548
ID94965,0.42995963
ID94966,0.11945143
ID94967,0.71068877
ID94968,0.53477854
ID94969,0.06486486
ID94970,0.23023483
ID94971,0.6877551
ID94972,0.679058
ID94973,0.37969106
ID94974,0.59497726
ID94975,0.31647196
ID94976,0.56899273
ID94977,0.6351715
ID94978,0.6112936
ID94979,0.51935667
ID94980,0.64939314
ID94981,0.13508408
ID94982,0.35877773
ID94983,0.5896435
ID94984,0.27332953
ID94985,0.14809747
ID94986,0.37418458
ID94987,0.6291032
ID94988,0.41087088
ID94989,0.64450693
ID94990,0.51961994
ID94991,0.6014339
ID94992,0.25808662
ID94993,0.23751548
ID94994,0.5950705
ID94995,0.1458892
ID94996,0.5084626
ID94997,0.22195081
ID94998,0.5619671
ID94999,0.09122273
ID95000,0.18883942
ID95001,0.23841953
ID95002,0.29053938
ID95003,0.40676787
ID95004,0.6095793
ID95005,0.50376016
ID95006,0.3010177
ID95007,0.16026774
ID95008,0.628423
ID95009,0.4048814
ID95010,0.2702897
ID95011,0.04626229
ID95012,0.22270207
ID95013,0.32797083
ID95014,0.07465161
ID95015,0.64414364
ID95016,0.24800244
ID95017,0.42194843
ID95018,0.611287
ID95019,0.25720614
ID95020,0.56569237
ID95021,0.5995027
ID95022,0.6379124
ID95023,0.36236984
ID95024,0.46957877
ID95025,0.37433714
ID95026,0.3717777
ID95027,0.1592206
ID95028,0.3402653
ID95029,0.17941947
ID95030,0.16502751
ID95031,0.7084435
ID95032,0.53252697
ID95033,0.51131535
ID95034,0.48860005
ID95035,0.4322874
ID95036,0.1418458
ID95037,0.5662903
ID95038,0.1233346
ID95039,0.4786018
ID95040,0.51666516
ID95041,0.50756204
ID95042,0.61682844
ID95043,0.4236002
ID95044,0.47998524
ID95045,0.33625078
ID95046,0.17840737
ID95047,0.10404422
ID95048,0.3657407
ID95049,0.15639779
ID95050,0.21576063
ID95051,0.40136382
ID95052,0.411445
ID95053,0.5172494
ID95054,0.2763104
ID95055,0.1913561
ID95056,0.25519428
ID95057,0.43590277
ID95058,0.6294365
ID95059,0.22763687
ID95060,0.62024623
ID95061,0.4941918
ID95062,0.61570525
ID95063,0.58659595
ID95064,0.26327246
ID95065,0.39627337
ID95066,0.60043716
ID95067,0.3007723
ID95068,0.473958
ID95069,0.5433399
ID95070,0.24891025
ID95071,0.65682524
ID95072,0.32588413
ID95073,0.24820778
ID95074,0.3429628
ID95075,0.65524334
ID95076,0.4010834
ID95077,0.19735934
ID95078,0.55406445
ID95079,0.45668176
ID95080,0.7272527
ID95081,0.5266057
ID95082,0.21832418
ID95083,0.42441654
ID95084,0.6685614
ID95085,0.60386616
ID95086,0.5208365
ID95087,0.1722563
ID95088,0.013931407
ID95089,0.39777744
ID95090,0.26525247
ID95091,0.6376465
ID95092,0.47653753
ID95093,0.52642566
ID95094,0.23730645
ID95095,0.5581018
ID95096,0.1098943
ID95097,0.55164176
ID95098,0.6726456
ID95099,0.78210837
ID95100,0.45110306
ID95101,0.5711094
ID95102,0.21358341
ID95103,0.54393846
ID95104,0.31371978
ID95105,0.4471608
ID95106,0.76167244
ID95107,0.76402587
ID95108,0.40167484
ID95109,0.6120575
ID95110,0.45443803
ID95111,0.35675654
ID95112,0.0883024
ID95113,0.551213
ID95114,0.7275162
ID95115,0.64666736
ID95116,0.5105649
ID95117,0.56113994
ID95118,0.24177502
ID95119,0.44262716
ID95120,0.12663172
ID95121,0.49419376
ID95122,0.55702585
ID95123,0.45411164
ID95124,0.43788195
ID95125,0.26680222
ID95126,0.506677
ID95127,0.6888496
ID95128,0.41435316
ID95129,0.3122539
ID95130,0.099036664
ID95131,0.64921796
ID95132,0.18509078
ID95133,0.5601216
ID95134,0.07032372
ID95135,0.5651553
ID95136,0.48927876
ID95137,0.06380504
ID95138,0.5451998
ID95139,0.5858796
ID95140,0.3100923
ID95141,0.2976807
ID95142,0.3354796
ID95143,0.29392457
ID95144,0.28617245
ID95145,0.55765295
ID95146,0.30133915
ID95147,0.13415238
ID95148,0.29488614
ID95149,0.5358093
ID95150,0.27915242
ID95151,0.34805566
ID95152,0.5229199
ID95153,0.47658852
ID95154,0.57007337
ID95155,0.09796221
ID95156,0.39274305
ID95157,0.33527824
ID95158,0.48468834
ID95159,0.32075617
ID95160,0.5941555
ID95161,0.7076319
ID95162,0.61790884
ID95163,0.24858841
ID95164,0.44313118
ID95165,0.42969495
ID95166,0.12582394
ID95167,0.4994211
ID95168,0.3635096
ID95169,0.45628372
ID95170,0.480984
ID95171,0.2673941
ID95172,0.31130332
ID95173,0.50216055
ID95174,0.2927173
ID95175,0.400438
ID95176,0.5827401
ID95177,0.27556923
ID95178,0.13526939
ID95179,0.52057403
ID95180,0.6008194
ID95181,0.47011626
ID95182,0.49805287
ID95183,0.30852512
ID95184,0.5341152
ID95185,0.4651505
ID95186,0.46408227
ID95187,0.45391515
ID95188,0.5903188
ID95189,0.30505663
ID95190,0.12110119
ID95191,0.41288087
ID95192,0.54839706
ID95193,0.31649613
ID95194,0.34158084
ID95195,0.46446276
ID95196,0.54352224
ID95197,0.09012478
ID95198,0.30847174
ID95199,0.2162924
ID95200,0.5146758
ID95201,0.4495526
ID95202,0.5886793
ID95203,0.24033903
ID95204,0.7169051
ID95205,0.5997914
ID95206,0.20913689
ID95207,0.33322895
ID95208,0.14934586
ID95209,0.5039199
ID95210,0.5612582
ID95211,0.5953486
ID95212,0.37249002
ID95213,0.14463444
ID95214,0.22688082
ID95215,0.42019603
ID95216,0.06443116
ID95217,0.48595974
ID95218,0.38208008
ID95219,0.046855435
ID95220,0.29154223
ID95221,0.33257267
ID95222,0.56698203
ID95223,0.16924532
ID95224,0.3603379
ID95225,0.4058753
ID95226,0.5033769
ID95227,0.61727655
ID95228,0.35004914
ID95229,0.4344218
ID95230,0.5073109
ID95231,0.4037478
ID95232,0.33952397
ID95233,0.56992006
ID95234,0.25861388
ID95235,0.6975896
ID95236,0.43834445
ID95237,0.6447218
ID95238,0.69854444
ID95239,0.5613612
ID95240,0.6568411
ID95241,0.54585123
ID95242,0.4630955
ID95243,0.45740575
ID95244,0.46472368
ID95245,0.5862504
ID95246,0.5403048
ID95247,0.46750027
ID95248,0.3839121
ID95249,0.51767343
ID95250,0.13058932
ID95251,0.47184625
ID95252,0.38676587
ID95253,0.34343612
ID95254,0.6284006
ID95255,0.5530994
ID95256,0.5551709
ID95257,0.6024822
ID95258,0.54941463
ID95259,0.55064213
ID95260,0.49760482
ID95261,0.3637879
ID95262,0.18251339
ID95263,0.33768404
ID95264,0.7603546
ID95265,0.5915306
ID95266,0.49239567
ID95267,0.31770858
ID95268,0.21597311
ID95269,0.509556
ID95270,0.5444981
ID95271,0.17814812
ID95272,0.31415445
ID95273,0.306319
ID95274,0.046940178
ID95275,0.521584
ID95276,0.38303635
ID95277,0.25495598
ID95278,0.066715546
ID95279,0.5543192
ID95280,0.16721998
ID95281,0.6527956
ID95282,0.26707152
ID95283,0.711562
ID95284,0.18225059
ID95285,0.2436464
ID95286,0.28054798
ID95287,0.7321533
ID95288,0.094325446
ID95289,0.6152486
ID95290,0.2945956
ID95291,0.43629703
ID95292,0.25961974
ID95293,0.3893384
ID95294,0.29838854
ID95295,0.3391854
ID95296,0.44486922
ID95297,0.4252208
ID95298,0.56128097
ID95299,0.41586053
ID95300,0.29514593
ID95301,0.5618424
ID95302,0.5104462
ID95303,0.34735835
ID95304,0.2765953
ID95305,0.4375671
ID95306,0.42194113
ID95307,0.5258517
ID95308,0.61745685
ID95309,0.620735
ID95310,0.3665182
ID95311,0.25856313
ID95312,0.5636073
ID95313,0.49339285
ID95314,0.62779933
ID95315,0.2719085
ID95316,0.14226396
ID95317,0.6852937
ID95318,0.5568647
ID95319,0.6292911
ID95320,0.5373638
ID95321,0.4370876
ID95322,0.29996964
ID95323,0.6398143
ID95324,0.30324715
ID95325,0.34280288
ID95326,0.44918033
ID95327,0.44445574
ID95328,0.5499119
ID95329,0.5527873
ID95330,0.20681553
ID95331,0.39331368
ID95332,0.48782933
ID95333,0.0471894
ID95334,0.17258017
ID95335,0.56728643
ID95336,0.4010045
ID95337,0.49233624
ID95338,0.23569728
ID95339,0.47300813
ID95340,0.4962308
ID95341,0.3247303
ID95342,0.600329
ID95343,0.24763924
ID95344,0.4130235
ID95345,0.071282186
ID95346,0.39303696
ID95347,0.29582596
ID95348,0.5826118
ID95349,0.43551528
ID95350,0.2660149
ID95351,0.5074679
ID95352,0.33266324
ID95353,0.43509486
ID95354,0.502748
ID95355,0.3365348
ID95356,0.43006188
ID95357,0.5670727
ID95358,0.2557708
ID95359,0.38598582
ID95360,0.72989553
ID95361,0.5621383
ID95362,0.37855646
ID95363,0.7080066
ID95364,0.43353897
ID95365,0.52721286
ID95366,0.5561211
ID95367,0.16778338
ID95368,0.657359
ID95369,0.15353253
ID95370,0.56209433
ID95371,0.51917696
ID95372,0.38124478
ID95373,0.5608198
ID95374,0.54247576
ID95375,0.25982058
ID95376,0.43027407
ID95377,0.48986173
ID95378,0.2588931
ID95379,0.07125716
ID95380,0.5267615
ID95381,0.34669614
ID95382,0.069771916
ID95383,0.05362341
ID95384,0.36420035
ID95385,0.59215856
ID95386,0.41925213
ID95387,0.482454
ID95388,0.4943709
ID95389,0.28059512
ID95390,0.6337019
ID95391,0.15158558
ID95392,0.45110977
ID95393,0.18707357
ID95394,0.57168776
ID95395,0.7408172
ID95396,0.58798647
ID95397,0.37202704
ID95398,0.5503899
ID95399,0.56512254
ID95400,0.16562977
ID95401,0.28654972
ID95402,0.40074396
ID95403,0.3016606
ID95404,0.003302339
ID95405,0.2455087
ID95406,0.50703347
ID95407,0.5371448
ID95408,0.5990221
ID95409,0.3426133
ID95410,0.48936537
ID95411,0.47189748
ID95412,0.7577499
ID95413,0.30181926
ID95414,0.6365823
ID95415,0.29373696
ID95416,0.5725293
ID95417,0.5311615
ID95418,0.055429842
ID95419,0.09283772
ID95420,0.43167198
ID95421,0.5107715
ID95422,0.2383775
ID95423,0.10141675
ID95424,0.26987648
ID95425,0.26924083
ID95426,0.51017326
ID95427,0.65496075
ID95428,0.30608186
ID95429,0.57725656
ID95430,0.12459869
ID95431,0.31802428
ID95432,0.29142097
ID95433,0.6718273
ID95434,0.61203915
ID95435,0.060598314
ID95436,0.504316
ID95437,0.6480967
ID95438,0.56874716
ID95439,0.6143747
ID95440,0.32318175
ID95441,0.5245136
ID95442,0.06517692
ID95443,0.045539983
ID95444,0.68526876
ID95445,0.5863719
ID95446,0.3595991
ID95447,0.5911164
ID95448,0.6440113
ID95449,0.5703087
ID95450,0.47312734
ID95451,0.50933665
ID95452,0.33450902
ID95453,0.6035695
ID95454,0.4982255
ID95455,0.45269233
ID95456,0.7179871
ID95457,0.4121945
ID95458,0.42835006
ID95459,0.14119501
ID95460,0.43040937
ID95461,0.40567422
ID95462,0.281326
ID95463,0.68766546
ID95464,0.69661367
ID95465,0.7870946
ID95466,0.25465932
ID95467,0.36303848
ID95468,0.3287635
ID95469,0.5063873
ID95470,0.39023694
ID95471,0.60089624
ID95472,0.74594057
ID95473,0.58811927
ID95474,0.3792044
ID95475,0.46464315
ID95476,0.6765499
ID95477,0.6280513
ID95478,0.2736515
ID95479,0.15810765
ID95480,0.06765891
ID95481,0.50052714
ID95482,0.34334174
ID95483,0.38306853
ID95484,0.079606116
ID95485,0.5660118
ID95486,0.13358891
ID95487,0.5316101
ID95488,0.59145564
ID95489,0.31613934
ID95490,0.13011225
ID95491,0.48907256
ID95492,0.48430112
ID95493,0.32451493
ID95494,0.52603805
ID95495,0.08677103
ID95496,0.5368262
ID95497,0.05690254
ID95498,0.509641
ID95499,0.4123629
ID95500,0.44811925
ID95501,0.08204503
ID95502,0.20717625
ID95503,0.07935923
ID95504,0.31752932
ID95505,0.5269161
ID95506,0.14245807
ID95507,0.1481763
ID95508,0.5564465
ID95509,0.43512252
ID95510,0.17493218
ID95511,0.21232033
ID95512,0.38923004
ID95513,0.28966138
ID95514,0.016012467
ID95515,0.51535165
ID95516,0.59064114
ID95517,0.5484299
ID95518,0.5965816
ID95519,0.38062015
ID95520,0.3163055
ID95521,0.49191102
ID95522,0.5879412
ID95523,0.56832814
ID95524,0.22043036
ID95525,0.11865894
ID95526,0.47103125
ID95527,0.5075618
ID95528,0.2988441
ID95529,0.24064206
ID95530,0.22998987
ID95531,0.33255258
ID95532,0.7125134
ID95533,0.7626193
ID95534,0.5323202
ID95535,0.40735513
ID95536,0.5987052
ID95537,0.15698211
ID95538,0.33004373
ID95539,0.3566457
ID95540,0.3426161
ID95541,0.188237
ID95542,0.5783949
ID95543,0.519113
ID95544,0.52640086
ID95545,0.48882315
ID95546,0.2680409
ID95547,0.3805335
ID95548,0.18801215
ID95549,0.4090118
ID95550,0.4974207
ID95551,0.11440255
ID95552,0.5244474
ID95553,0.32946968
ID95554,0.062215813
ID95555,0.5242068
ID95556,0.47973895
ID95557,0.6427212
ID95558,0.3171163
ID95559,0.36420783
ID95560,0.5763133
ID95561,0.37012783
ID95562,0.4820424
ID95563,0.31732282
ID95564,0.5619291
ID95565,0.5161717
ID95566,0.28492954
ID95567,0.39934564
ID95568,0.30099273
ID95569,0.707786
ID95570,0.30638453
ID95571,0.13324936
ID95572,0.13691689
ID95573,0.577735
ID95574,0.0683191
ID95575,0.4884888
ID95576,0.59181005
ID95577,0.36065853
ID95578,0.746336
ID95579,0.65716195
ID95580,0.57053757
ID95581,0.38701874
ID95582,0.37743908
ID95583,0.18835235
ID95584,0.3644863
ID95585,0.62629014
ID95586,0.2512591
ID95587,0.38927114
ID95588,0.54184306
ID95589,0.6424106
ID95590,0.44037157
ID95591,0.55769473
ID95592,0.45727387
ID95593,0.50359696
ID95594,0.49188507
ID95595,0.80869526
ID95596,0.5690241
ID95597,0.35141248
ID95598,0.4971041
ID95599,0.63756037
ID95600,0.56923044
ID95601,0.3291036
ID95602,0.5908763
ID95603,0.0648809
ID95604,0.3512998
ID95605,0.3648808
ID95606,0.10220296
ID95607,0.07268566
ID95608,0.590703
ID95609,0.48207924
ID95610,0.6128772
ID95611,0.20281266
ID95612,0.5823492
ID95613,0.15442783
ID95614,0.29481632
ID95615,0.38014713
ID95616,0.25989136
ID95617,0.6932962
ID95618,0.41665712
ID95619,0.61007303
ID95620,0.68167675
ID95621,0.3539805
ID95622,0.024714883
ID95623,0.6490735
ID95624,0.40705582
ID95625,0.0799422
ID95626,0.6737864
ID95627,0.40511313
ID95628,0.07785347
ID95629,0.6505633
ID95630,0.20069064
ID95631,0.17261042
ID95632,0.45629126
ID95633,0.55717504
ID95634,0.46574864
ID95635,0.7627282
ID95636,0.538035
ID95637,0.12584656
ID95638,0.21289311
ID95639,0.5591933
ID95640,0.37311053
ID95641,0.14166638
ID95642,0.63968277
ID95643,0.21241288
ID95644,0.5376667
ID95645,0.4915229
ID95646,0.25485015
ID95647,0.41101462
ID95648,0.23757048
ID95649,0.7036096
ID95650,0.07406733
ID95651,0.27830923
ID95652,0.40888336
ID95653,0.64524937
ID95654,0.6405109
ID95655,0.16358571
ID95656,0.59568065
ID95657,0.49391174
ID95658,0.16634355
ID95659,0.6850478
ID95660,0.31650847
ID95661,0.17880698
ID95662,0.6435646
ID95663,0.39204028
ID95664,0.62668234
ID95665,0.45853278
ID95666,0.47491318
ID95667,0.3374146
ID95668,0.37059888
ID95669,0.3994026
ID95670,0.5669382
ID95671,0.7594761
ID95672,0.67739826
ID95673,0.033804566
ID95674,0.29478502
ID95675,0.56341255
ID95676,0.4843202
ID95677,0.093314
ID95678,0.39855516
ID95679,0.64817625
ID95680,0.5545882
ID95681,0.29218885
ID95682,0.46948585
ID95683,0.62266403
ID95684,0.32392246
ID95685,0.299558
ID95686,0.46104714
ID95687,0.38155854
ID95688,0.32789236
ID95689,0.57258904
ID95690,0.2579911
ID95691,0.7224823
ID95692,0.5473151
ID95693,0.45155132
ID95694,0.5402307
ID95695,0.35464245
ID95696,0.40970027
ID95697,0.13013896
ID95698,0.11921524
ID95699,0.24610959
ID95700,0.5944872
ID95701,0.29510102
ID95702,0.61279553
ID95703,0.59776735
ID95704,0.46489653
ID95705,0.35158998
ID95706,0.27148896
ID95707,0.34213218
ID95708,0.093683004
ID95709,0.1604644
ID95710,0.50625575
ID95711,0.5553561
ID95712,0.40068117
ID95713,0.45791066
ID95714,0.5861352
ID95715,0.64676505
ID95716,0.5189673
ID95717,0.009604172
ID95718,0.35041183
ID95719,0.6499635
ID95720,0.507002
ID95721,0.40773252
ID95722,0.048579786
ID95723,0.64890516
ID95724,0.030164838
ID95725,0.50442004
ID95726,0.56174135
ID95727,0.5152789
ID95728,0.5796799
ID95729,0.66832393
ID95730,0.6375987
ID95731,0.0546311
ID95732,0.52751553
ID95733,0.09928237
ID95734,0.33341166
ID95735,0.608564
ID95736,0.5708097
ID95737,0.5623555
ID95738,0.3228572
ID95739,0.5901624
ID95740,0.62004805
ID95741,0.3879908
ID95742,0.62744194
ID95743,0.3159771
ID95744,0.19809443
ID95745,0.38662004
ID95746,0.2385267
ID95747,0.6638001
ID95748,0.16056858
ID95749,0.26065496
ID95750,0.38205624
ID95751,0.44171408
ID95752,0.61512756
ID95753,0.5993424
ID95754,0.6214448
ID95755,0.5847397
ID95756,0.5927715
ID95757,0.16799684
ID95758,0.52662283
ID95759,0.43742603
ID95760,0.33509433
ID95761,0.30454415
ID95762,0.6235011
ID95763,0.040729806
ID95764,0.5838425
ID95765,0.011456899
ID95766,0.40543178
ID95767,0.6542383
ID95768,0.5201559
ID95769,0.43008044
ID95770,0.35853258
ID95771,0.011997925
ID95772,0.21018511
ID95773,0.43601936
ID95774,0.5681506
ID95775,0.6272496
ID95776,0.6986321
ID95777,0.3518818
ID95778,0.3522097
ID95779,0.50976104
ID95780,0.38726044
ID95781,0.67304856
ID95782,0.4361323
ID95783,0.7617444
ID95784,0.39158005
ID95785,0.2683627
ID95786,0.71016145
ID95787,0.462383
ID95788,0.15109923
ID95789,0.58383214
ID95790,0.4275045
ID95791,0.708174
ID95792,0.47739494
ID95793,0.40103707
ID95794,0.47834483
ID95795,0.55415547
ID95796,0.2766402
ID95797,0.41174433
ID95798,0.2757405
ID95799,0.24773675
ID95800,0.44244832
ID95801,0.20716245
ID95802,0.5185348
ID95803,0.6028744
ID95804,0.33998197
ID95805,0.59952086
ID95806,0.13994507
ID95807,0.4829474
ID95808,0.6151114
ID95809,0.21276483
ID95810,0.0891435
ID95811,0.6053563
ID95812,0.48957425
ID95813,0.20155051
ID95814,0.21264844
ID95815,0.5821846
ID95816,0.38788447
ID95817,0.28512657
ID95818,0.53320104
ID95819,0.44862172
ID95820,0.31229174
ID95821,0.14946537
ID95822,0.8213067
ID95823,0.018004248
ID95824,0.3202768
ID95825,0.5372721
ID95826,0.23878585
ID95827,0.5821481
ID95828,0.11468771
ID95829,0.29900986
ID95830,0.30209628
ID95831,0.32449606
ID95832,0.2278336
ID95833,0.42808455
ID95834,0.51076156
ID95835,0.59289396
ID95836,0.20002894
ID95837,0.40235013
ID95838,0.59028214
ID95839,0.43219787
ID95840,0.2049782
ID95841,0.24798863
ID95842,0.23532067
ID95843,0.5248791
ID95844,0.6242073
ID95845,0.07985709
ID95846,0.62128145
ID95847,0.45984286
ID95848,0.39982238
ID95849,0.56728077
ID95850,0.30035383
ID95851,0.7527655
ID95852,0.35538012
ID95853,0.5698486
ID95854,0.50021976
ID95855,0.59140027
ID95856,0.5367354
ID95857,0.29675132
ID95858,0.20542143
ID95859,0.5354242
ID95860,0.52173847
ID95861,0.4730907
ID95862,0.40194014
ID95863,0.5002594
ID95864,0.4124509
ID95865,0.14065018
ID95866,0.550984
ID95867,0.015565158
ID95868,0.42948464
ID95869,0.6634349
ID95870,0.50892174
ID95871,0.5495947
ID95872,0.6022709
ID95873,0.6550581
ID95874,0.6931754
ID95875,0.56936175
ID95876,0.4668833
ID95877,0.32465973
ID95878,0.029731385
ID95879,0.5311578
ID95880,0.61986756
ID95881,0.1710987
ID95882,0.14639403
ID95883,0.41320294
ID95884,0.5000311
ID95885,0.5161241
ID95886,0.027371569
ID95887,0.5922835
ID95888,0.47723418
ID95889,0.57245463
ID95890,0.47656015
ID95891,0.5518368
ID95892,0.6298197
ID95893,0.56256497
ID95894,0.49492496
ID95895,0.6125593
ID95896,0.43154198
ID95897,0.5489086
ID95898,0.41102457
ID95899,0.5990092
ID95900,0.4560918
ID95901,0.6423824
ID95902,0.30878758
ID95903,0.47509402
ID95904,0.25087878
ID95905,0.14146544
ID95906,0.72458684
ID95907,0.568238
ID95908,0.5283884
ID95909,0.32898536
ID95910,0.39005932
ID95911,0.15443982
ID95912,0.35864443
ID95913,0.3428259
ID95914,0.644721
ID95915,0.3778303
ID95916,0.46884936
ID95917,0.06791998
ID95918,0.23295568
ID95919,0.54145175
ID95920,0.40678915
ID95921,0.3246481
ID95922,0.42652002
ID95923,0.5920094
ID95924,0.27567676
ID95925,0.363086
ID95926,0.38661912
ID95927,0.5307215
ID95928,0.0023127573
ID95929,0.23080684
ID95930,0.4241584
ID95931,0.0788044
ID95932,0.5918748
ID95933,0.52475274
ID95934,0.094633184
ID95935,0.66315347
ID95936,0.46780953
ID95937,0.0850433
ID95938,0.45001602
ID95939,0.41749975
ID95940,0.6258447
ID95941,0.47164795
ID95942,0.61707
ID95943,0.6272981
ID95944,0.6895866
ID95945,0.4548777
ID95946,0.2574429
ID95947,0.4246292
ID95948,0.39204702
ID95949,0.36090168
ID95950,0.23045743
ID95951,0.26832208
ID95952,0.18671313
ID95953,0.052764393
ID95954,0.28795567
ID95955,0.20333977
ID95956,0.54189837
ID95957,0.24004014
ID95958,0.47389904
ID95959,0.33163372
ID95960,0.16357717
ID95961,0.55393314
ID95962,0.46505147
ID95963,0.74863917
ID95964,0.49546525
ID95965,0.5254109
ID95966,0.5274028
ID95967,0.14059298
ID95968,0.5896435
ID95969,0.2197734
ID95970,0.56321967
ID95971,0.4300138
ID95972,0.4748752
ID95973,0.5414729
ID95974,0.54291594
ID95975,0.14981169
ID95976,0.1428235
ID95977,0.5859374
ID95978,0.3947807
ID95979,0.54725057
ID95980,0.31425756
ID95981,0.18996902
ID95982,0.3779356
ID95983,0.6234029
ID95984,0.37865868
ID95985,0.5532997
ID95986,0.590632
ID95987,0.4653845
ID95988,0.24444468
ID95989,0.10500697
ID95990,0.5545797
ID95991,0.13279086
ID95992,0.20626804
ID95993,0.6602006
ID95994,0.1438909
ID95995,0.29304895
ID95996,0.679863
ID95997,0.47241336
ID95998,0.42459175
ID95999,0.34629333
ID96000,0.28603628
ID96001,0.54654974
ID96002,0.26507318
ID96003,0.5546312
ID96004,0.5592894
ID96005,0.39619488
ID96006,0.2641339
ID96007,0.7630668
ID96008,0.48390013
ID96009,0.080876656
ID96010,0.65733045
ID96011,0.7768471
ID96012,0.3611226
ID96013,0.59231716
ID96014,0.5928869
ID96015,0.38657245
ID96016,0.63087463
ID96017,0.6191116
ID96018,0.06858721
ID96019,0.5609473
ID96020,0.5632475
ID96021,0.5596212
ID96022,0.15643686
ID96023,0.5685364
ID96024,0.6014668
ID96025,0.46459338
ID96026,0.47294146
ID96027,0.58063847
ID96028,0.57659245
ID96029,0.49072796
ID96030,0.7656737
ID96031,0.3199793
ID96032,0.574054
ID96033,0.30392167
ID96034,0.21266504
ID96035,0.46286318
ID96036,0.23853762
ID96037,0.39060637
ID96038,0.46617424
ID96039,0.6349712
ID96040,0.25056738
ID96041,0.38466245
ID96042,0.047028325
ID96043,0.414589
ID96044,0.10606998
ID96045,0.19123408
ID96046,0.4413807
ID96047,0.2705927
ID96048,0.32930404
ID96049,0.44911578
ID96050,0.58850986
ID96051,0.11688137
ID96052,0.3770188
ID96053,0.22793841
ID96054,0.5311833
ID96055,0.44361842
ID96056,0.2342868
ID96057,0.10170862
ID96058,0.551223
ID96059,0.30646515
ID96060,0.48659223
ID96061,0.4497492
ID96062,0.42109948
ID96063,0.36509648
ID96064,0.37632728
ID96065,0.15895489
ID96066,0.6088464
ID96067,0.40723932
ID96068,0.25752681
ID96069,0.21338087
ID96070,0.60757273
ID96071,0.48828334
ID96072,0.42178014
ID96073,0.5803883
ID96074,0.57967705
ID96075,0.45826733
ID96076,0.5362024
ID96077,0.17416623
ID96078,0.3327747
ID96079,0.5367676
ID96080,0.49982053
ID96081,0.6958816
ID96082,0.5195776
ID96083,0.14384978
ID96084,0.2430592
ID96085,0.04613263
ID96086,0.11194201
ID96087,0.62324023
ID96088,0.38332984
ID96089,0.41528025
ID96090,0.22325161
ID96091,0.5136173
ID96092,0.6006248
ID96093,0.4137786
ID96094,0.42081624
ID96095,0.22381656
ID96096,0.25005627
ID96097,0.6634301
ID96098,0.596262
ID96099,0.6973199
ID96100,0.31067812
ID96101,0.018863048
ID96102,0.12570316
ID96103,0.614443
ID96104,0.19303909
ID96105,0.7179014
ID96106,0.40615994
ID96107,0.3434362
ID96108,0.39715824
ID96109,0.6800519
ID96110,0.50052667
ID96111,0.17317893
ID96112,0.51113117
ID96113,0.6098214
ID96114,0.70275974
ID96115,0.54449224
ID96116,0.4927762
ID96117,0.51989657
ID96118,0.55505747
ID96119,0.3209717
ID96120,0.5676737
ID96121,0.5212061
ID96122,0.16743419
ID96123,0.3440388
ID96124,0.31465596
ID96125,0.631838
ID96126,0.856319
ID96127,0.6259926
ID96128,0.33891702
ID96129,0.5926631
ID96130,0.31427473
ID96131,0.557388
ID96132,0.54381627
ID96133,0.6320245
ID96134,0.6069635
ID96135,0.13678282
ID96136,0.49648872
ID96137,0.051319245
ID96138,0.61117625
ID96139,0.50414056
ID96140,0.6323711
ID96141,0.44458258
ID96142,0.455444
ID96143,0.32625917
ID96144,0.546603
ID96145,0.7520224
ID96146,0.59630835
ID96147,0.26546732
ID96148,0.50833315
ID96149,0.46895275
ID96150,0.08645913
ID96151,0.5406008
ID96152,0.53670913
ID96153,0.36465684
ID96154,0.38089865
ID96155,0.50574243
ID96156,0.57794034
ID96157,0.43119544
ID96158,0.3641771
ID96159,0.49113584
ID96160,0.3457995
ID96161,0.2864017
ID96162,0.4877591
ID96163,0.5837354
ID96164,0.40494862
ID96165,0.18435036
ID96166,0.5324315
ID96167,0.6419748
ID96168,0.57170933
ID96169,0.5337486
ID96170,0.3898829
ID96171,0.49921563
ID96172,0.17352031
ID96173,0.41906154
ID96174,0.5635833
ID96175,0.42287165
ID96176,0.3768822
ID96177,0.5680789
ID96178,0.15244398
ID96179,0.34217787
ID96180,0.48724988
ID96181,0.5637794
ID96182,0.42481285
ID96183,0.19864327
ID96184,0.16585019
ID96185,0.29963526
ID96186,0.62214077
ID96187,0.32343435
ID96188,0.44687548
ID96189,0.21973275
ID96190,0.1112408
ID96191,0.5903596
ID96192,0.5930459
ID96193,0.19757867
ID96194,0.6263836
ID96195,0.5589313
ID96196,0.6745672
ID96197,0.59469867
ID96198,0.19901547
ID96199,0.3342701
ID96200,0.12349292
ID96201,0.24414784
ID96202,0.5785274
ID96203,0.039219715
ID96204,0.57282966
ID96205,0.22177394
ID96206,0.14028822
ID96207,0.32916027
ID96208,0.5605556
ID96209,0.3643011
ID96210,0.17578557
ID96211,0.50759804
ID96212,0.64897573
ID96213,0.44210193
ID96214,0.18509056
ID96215,0.2826275
ID96216,0.5865917
ID96217,0.6191064
ID96218,0.24931553
ID96219,0.66684765
ID96220,0.6692294
ID96221,0.15459128
ID96222,0.5517244
ID96223,0.2791402
ID96224,0.3049987
ID96225,0.58963364
ID96226,0.15363121
ID96227,0.46443924
ID96228,0.20851588
ID96229,0.117029436
ID96230,0.21577045
ID96231,0.38246974
ID96232,0.42999944
ID96233,0.62368953
ID96234,0.5435894
ID96235,0.44457144
ID96236,0.5851327
ID96237,0.07338205
ID96238,0.14471471
ID96239,0.15664168
ID96240,0.641245
ID96241,0.44207343
ID96242,0.660435
ID96243,0.07955984
ID96244,0.24786013
ID96245,0.68674386
ID96246,0.5260869
ID96247,0.13606451
ID96248,0.5942609
ID96249,0.5350409
ID96250,0.6273107
ID96251,0.6877541
ID96252,0.37067127
ID96253,0.6328366
ID96254,0.5596366
ID96255,0.3725618
ID96256,0.396652
ID96257,0.29129374
ID96258,0.45668474
ID96259,0.14739014
ID96260,0.62700087
ID96261,0.3238016
ID96262,0.5695912
ID96263,0.16136105
ID96264,0.5294366
ID96265,0.11835529
ID96266,0.39473134
ID96267,0.16877382
ID96268,0.56624347
ID96269,0.47211748
ID96270,0.17759886
ID96271,0.2610876
ID96272,0.60566497
ID96273,0.6840498
ID96274,0.49106896
ID96275,0.34657773
ID96276,0.50568277
ID96277,0.57521534
ID96278,0.066689126
ID96279,0.5946401
ID96280,0.11981251
ID96281,0.06767553
ID96282,0.4387629
ID96283,0.21791641
ID96284,0.5695185
ID96285,0.21518105
ID96286,0.29475057
ID96287,0.42250425
ID96288,0.35486847
ID96289,0.51859653
ID96290,0.452226
ID96291,0.5388727
ID96292,0.59151596
ID96293,0.5607146
ID96294,0.33760828
ID96295,0.5071046
ID96296,0.11348225
ID96297,0.4103387
ID96298,0.19782539
ID96299,0.29695627
ID96300,0.57665217
ID96301,0.2562933
ID96302,0.67550117
ID96303,0.130208
ID96304,0.4472932
ID96305,0.5631398
ID96306,0.20999457
ID96307,0.15424652
ID96308,0.18257692
ID96309,0.37821925
ID96310,0.41620374
ID96311,0.40187714
ID96312,0.46824288
ID96313,0.3491006
ID96314,0.30771706
ID96315,0.5428101
ID96316,0.638139
ID96317,0.5187211
ID96318,0.38045788
ID96319,0.28147438
ID96320,0.26027584
ID96321,0.512511
ID96322,0.08908359
ID96323,0.60707587
ID96324,0.33503106
ID96325,0.24483141
ID96326,0.61048734
ID96327,0.5451082
ID96328,0.7084563
ID96329,0.11343599
ID96330,0.01691841
ID96331,0.5979732
ID96332,0.4177816
ID96333,0.331324
ID96334,0.069542624
ID96335,0.50297123
ID96336,0.61205167
ID96337,0.15064561
ID96338,0.16577426
ID96339,0.34634525
ID96340,0.23626503
ID96341,0.6176909
ID96342,0.10277068
ID96343,0.3914886
ID96344,0.6694798
ID96345,0.5947003
ID96346,0.4900537
ID96347,0.36105415
ID96348,0.3880074
ID96349,0.33283648
ID96350,0.5666168
ID96351,0.36242324
ID96352,0.56863254
ID96353,0.6863359
ID96354,0.5075652
ID96355,0.6165527
ID96356,0.0062324693
ID96357,0.114806116
ID96358,0.32561386
ID96359,0.45131645
ID96360,0.12359928
ID96361,0.5712137
ID96362,0.60865045
ID96363,0.49404746
ID96364,0.3874393
ID96365,0.13722488
ID96366,0.6459817
ID96367,0.13741368
ID96368,0.40673316
ID96369,0.029763414
ID96370,0.45856598
ID96371,0.38619912
ID96372,0.2669013
ID96373,0.35441425
ID96374,0.006850094
ID96375,0.16275819
ID96376,0.05098419
ID96377,0.43673867
ID96378,0.64667046
ID96379,0.7026746
ID96380,0.3423949
ID96381,0.35460457
ID96382,0.19672726
ID96383,0.70663
ID96384,0.45049995
ID96385,0.28713518
ID96386,0.50729084
ID96387,0.37193784
ID96388,0.4359793
ID96389,0.5382487
ID96390,0.40830562
ID96391,0.6549527
ID96392,0.40667066
ID96393,0.53522104
ID96394,0.28442818
ID96395,0.30307546
ID96396,0.6095633
ID96397,0.6412479
ID96398,0.42379248
ID96399,0.65415555
ID96400,0.5963967
ID96401,0.46433035
ID96402,0.6062511
ID96403,0.39960822
ID96404,0.48251754
ID96405,0.5871455
ID96406,0.78583944
ID96407,0.6283098
ID96408,0.25654006
ID96409,0.47219104
ID96410,0.44191617
ID96411,0.59231985
ID96412,0.3131912
ID96413,0.5483487
ID96414,0.21287979
ID96415,0.11504836
ID96416,0.68110454
ID96417,0.48562908
ID96418,0.02906105
ID96419,0.40918595
ID96420,0.52361006
ID96421,0.32299396
ID96422,0.19482617
ID96423,0.4303053
ID96424,0.43912417
ID96425,0.40709454
ID96426,0.40769252
ID96427,0.5818409
ID96428,0.48405448
ID96429,0.429102
ID96430,0.59159845
ID96431,0.09652038
ID96432,0.1999612
ID96433,0.25204557
ID96434,0.65479815
ID96435,0.21534246
ID96436,0.3434167
ID96437,0.4769429
ID96438,0.44050753
ID96439,0.33018085
ID96440,0.34332123
ID96441,0.3219753
ID96442,0.516901
ID96443,0.49367356
ID96444,0.010740314
ID96445,0.28506684
ID96446,0.024399571
ID96447,0.16259687
ID96448,0.24508841
ID96449,0.55768794
ID96450,0.46923512
ID96451,0.66925615
ID96452,0.6206129
ID96453,0.70304817
ID96454,0.66358817
ID96455,0.37881643
ID96456,0.52805114
ID96457,0.68680596
ID96458,0.58081615
ID96459,0.29951212
ID96460,0.24794266
ID96461,0.36348486
ID96462,0.7152039
ID96463,0.357278
ID96464,0.35915542
ID96465,0.15259795
ID96466,0.68656987
ID96467,0.58678204
ID96468,0.21132235
ID96469,0.66949767
ID96470,0.094089344
ID96471,0.66126424
ID96472,0.48297817
ID96473,0.45590508
ID96474,0.34003106
ID96475,0.6701734
ID96476,0.5664434
ID96477,0.492134
ID96478,0.08852132
ID96479,0.41582084
ID96480,0.5982237
ID96481,0.71564555
ID96482,0.49041298
ID96483,0.5148401
ID96484,0.6547836
ID96485,0.45245886
ID96486,0.27068388
ID96487,0.03867865
ID96488,0.21836348
ID96489,0.6278672
ID96490,0.5330658
ID96491,0.7607839
ID96492,0.42802116
ID96493,0.531692
ID96494,0.50400996
ID96495,0.11053262
ID96496,0.4004033
ID96497,0.47632614
ID96498,0.21284565
ID96499,0.53044087
ID96500,0.13423845
ID96501,0.626614
ID96502,0.48273045
ID96503,0.6380959
ID96504,0.22613361
ID96505,0.47535938
ID96506,0.3737235
ID96507,0.38054347
ID96508,0.32367718
ID96509,0.5906556
ID96510,0.26624936
ID96511,0.25796255
ID96512,0.13019916
ID96513,0.65353245
ID96514,0.46027613
ID96515,0.17526022
ID96516,0.39650548
ID96517,0.16467494
ID96518,0.36432117
ID96519,0.32758445
ID96520,0.6236022
ID96521,0.534841
ID96522,0.24403901
ID96523,0.25878358
ID96524,0.6551556
ID96525,0.57918835
ID96526,0.63004047
ID96527,0.26467818
ID96528,0.5646087
ID96529,0.5357092
ID96530,0.39596665
ID96531,0.5209979
ID96532,0.7006837
ID96533,0.32952374
ID96534,0.6564495
ID96535,0.30302328
ID96536,0.15227516
ID96537,0.2728269
ID96538,0.56268746
ID96539,0.040425695
ID96540,0.551596
ID96541,0.5771546
ID96542,0.14660299
ID96543,0.29412764
ID96544,0.29424515
ID96545,0.35615274
ID96546,0.4769398
ID96547,0.610322
ID96548,0.573579
ID96549,0.14246678
ID96550,0.14715602
ID96551,0.51945615
ID96552,0.5013404
ID96553,0.665653
ID96554,0.15755142
ID96555,0.55720985
ID96556,0.1828564
ID96557,0.17518626
ID96558,0.57121587
ID96559,0.53098035
ID96560,0.21929373
ID96561,0.32509488
ID96562,0.20732921
ID96563,0.55045635
ID96564,0.45905662
ID96565,0.08295208
ID96566,0.3920627
ID96567,0.5855699
ID96568,0.4428962
ID96569,0.6221406
ID96570,0.41364434
ID96571,0.20528539
ID96572,0.6132148
ID96573,0.44243887
ID96574,0.6151993
ID96575,0.5327678
ID96576,0.22572798
ID96577,0.65837425
ID96578,0.6089722
ID96579,0.07166759
ID96580,0.43995917
ID96581,0.33582452
ID96582,0.20324554
ID96583,0.55605793
ID96584,0.64422697
ID96585,0.632892
ID96586,0.23952498
ID96587,0.71917176
ID96588,0.60402316
ID96589,0.31575078
ID96590,0.62295735
ID96591,0.5759512
ID96592,0.46349588
ID96593,0.56065
ID96594,0.15413123
ID96595,0.5005111
ID96596,0.4867756
ID96597,0.35627258
ID96598,0.23913306
ID96599,0.36596867
ID96600,0.44252497
ID96601,0.6040439
ID96602,0.49850282
ID96603,0.036547095
ID96604,0.29489267
ID96605,0.65625083
ID96606,0.22153404
ID96607,0.69287145
ID96608,0.11058959
ID96609,0.18081032
ID96610,0.66193736
ID96611,0.5672165
ID96612,0.21399252
ID96613,0.62195545
ID96614,0.41493672
ID96615,0.562655
ID96616,0.67043954
ID96617,0.611347
ID96618,0.45491654
ID96619,0.51956725
ID96620,0.46043625
ID96621,0.50385666
ID96622,0.6897395
ID96623,0.610144
ID96624,0.6202963
ID96625,0.4996488
ID96626,0.52761745
ID96627,0.37167782
ID96628,0.55860174
ID96629,0.028364362
ID96630,0.5766569
ID96631,0.16124307
ID96632,0.5052794
ID96633,0.09428645
ID96634,0.5219764
ID96635,0.56716263
ID96636,0.37952182
ID96637,0.6481285
ID96638,0.18678892
ID96639,0.16828811
ID96640,0.1592946
ID96641,0.63506925
ID96642,0.7144422
ID96643,0.63848436
ID96644,0.558687
ID96645,0.33127332
ID96646,0.08368412
ID96647,0.64062876
ID96648,0.5157532
ID96649,0.20155887
ID96650,0.262754
ID96651,0.30632395
ID96652,0.413977
ID96653,0.27526918
ID96654,0.14471774
ID96655,0.2383727
ID96656,0.4342732
ID96657,0.7644779
ID96658,0.6856825
ID96659,0.23174328
ID96660,0.6018353
ID96661,0.33613124
ID96662,0.201364
ID96663,0.313038
ID96664,0.28149682
ID96665,0.48942068
ID96666,0.16965264
ID96667,0.016113628
ID96668,0.4222338
ID96669,0.6265176
ID96670,0.69998515
ID96671,0.6298478
ID96672,0.35850647
ID96673,0.30108893
ID96674,0.13997486
ID96675,0.6921843
ID96676,0.613205
ID96677,0.13345139
ID96678,0.40510446
ID96679,0.65393525
ID96680,0.10779879
ID96681,0.06854806
ID96682,0.20972462
ID96683,0.50329435
ID96684,0.64800817
ID96685,0.30827007
ID96686,0.40102977
ID96687,0.21728018
ID96688,0.5970731
ID96689,0.47552764
ID96690,0.51071966
ID96691,0.75430834
ID96692,0.19203825
ID96693,0.3019378
ID96694,0.2818467
ID96695,0.19705166
ID96696,0.4955366
ID96697,0.5334414
ID96698,0.3532987
ID96699,0.13205174
ID96700,0.19418922
ID96701,0.23238336
ID96702,0.5981902
ID96703,0.4476155
ID96704,0.6123899
ID96705,0.4735796
ID96706,0.297128
ID96707,0.45362845
ID96708,0.49142644
ID96709,0.46723953
ID96710,0.6081706
ID96711,0.6219392
ID96712,0.5910124
ID96713,0.36437055
ID96714,0.08652949
ID96715,0.550982
ID96716,0.4022093
ID96717,0.74407196
ID96718,0.425301
ID96719,0.4613783
ID96720,0.4573385
ID96721,0.51064706
ID96722,0.570007
ID96723,0.1275346
ID96724,0.46250266
ID96725,0.11118491
ID96726,0.6605142
ID96727,0.33433104
ID96728,0.24342085
ID96729,0.6131604
ID96730,0.33974865
ID96731,0.38347712
ID96732,0.63695264
ID96733,0.58208656
ID96734,0.6412418
ID96735,0.5930802
ID96736,0.34031236
ID96737,0.23667039
ID96738,0.58409303
ID96739,0.5025656
ID96740,0.31648475
ID96741,0.6509484
ID96742,0.23331814
ID96743,0.4936605
ID96744,0.27268836
ID96745,0.46783927
ID96746,0.24308583
ID96747,0.3957581
ID96748,0.087892056
ID96749,0.6202219
ID96750,0.6696192
ID96751,0.5874965
ID96752,0.39060637
ID96753,0.5273385
ID96754,0.39225203
ID96755,0.47865435
ID96756,0.4044943
ID96757,0.5783488
ID96758,0.42796332
ID96759,0.45118052
ID96760,0.5826849
ID96761,0.54035825
ID96762,0.1961096
ID96763,0.35180807
ID96764,0.746892
ID96765,0.6625228
ID96766,0.3425233
ID96767,0.22830911
ID96768,0.47260988
ID96769,0.3263063
ID96770,0.18396793
ID96771,0.6030946
ID96772,0.46286806
ID96773,0.44481006
ID96774,0.49334618
ID96775,0.58105236
ID96776,0.59932166
ID96777,0.4820753
ID96778,0.5187964
ID96779,0.66506684
ID96780,0.23950459
ID96781,0.2720569
ID96782,0.37290093
ID96783,0.14676237
ID96784,0.297954
ID96785,0.516209
ID96786,0.53114843
ID96787,0.21137641
ID96788,0.44700885
ID96789,0.36380568
ID96790,0.317861
ID96791,0.49771014
ID96792,0.20475201
ID96793,0.3060704
ID96794,0.56881845
ID96795,0.17262657
ID96796,0.07904511
ID96797,0.636849
ID96798,0.30164695
ID96799,0.39342618
ID96800,0.598153
ID96801,0.3740013
ID96802,0.5276373
ID96803,0.7355162
ID96804,0.6470213
ID96805,0.5836969
ID96806,0.27607805
ID96807,0.48692897
ID96808,0.10117989
ID96809,0.639214
ID96810,0.39326468
ID96811,0.45910764
ID96812,0.10505196
ID96813,0.56921595
ID96814,0.74905914
ID96815,0.56962496
ID96816,0.21359707
ID96817,0.26094082
ID96818,0.64724755
ID96819,0.53762335
ID96820,0.018012684
ID96821,0.40361032
ID96822,0.34653708
ID96823,0.5732132
ID96824,0.61634135
ID96825,0.025052585
ID96826,0.19151962
ID96827,0.21210657
ID96828,0.5101336
ID96829,0.51345354
ID96830,0.14516895
ID96831,0.18621647
ID96832,0.2742717
ID96833,0.10418507
ID96834,0.41297868
ID96835,0.6190231
ID96836,0.25826007
ID96837,0.31075507
ID96838,0.24862446
ID96839,0.49566555
ID96840,0.49115297
ID96841,0.73720765
ID96842,0.2895393
ID96843,0.52951103
ID96844,0.41170055
ID96845,0.5063066
ID96846,0.47192785
ID96847,0.35962135
ID96848,0.28389913
ID96849,0.4243753
ID96850,0.7421382
ID96851,0.5936977
ID96852,0.35030633
ID96853,0.42998797
ID96854,0.057740785
ID96855,0.012316091
ID96856,0.2647342
ID96857,0.5495664
ID96858,0.57496583
ID96859,0.25743955
ID96860,0.46513668
ID96861,0.59670603
ID96862,0.4599305
ID96863,0.46267056
ID96864,0.5174435
ID96865,0.32539973
ID96866,0.4058742
ID96867,0.7138996
ID96868,0.34649083
ID96869,0.3416025
ID96870,0.11203476
ID96871,0.6340541
ID96872,0.47987068
ID96873,0.6486141
ID96874,0.047508143
ID96875,0.02641811
ID96876,0.43614492
ID96877,0.3964597
ID96878,0.55176675
ID96879,0.6376027
ID96880,0.5667594
ID96881,0.49952587
ID96882,0.594911
ID96883,0.2685024
ID96884,0.10056588
ID96885,0.6804064
ID96886,0.36317533
ID96887,0.126448
ID96888,0.28337488
ID96889,0.3355447
ID96890,0.10621881
ID96891,0.37880996
ID96892,0.46779355
ID96893,0.41796607
ID96894,0.51730216
ID96895,0.3445121
ID96896,0.011901618
ID96897,0.64202476
ID96898,0.37028658
ID96899,0.5338901
ID96900,0.34289527
ID96901,0.6274996
ID96902,0.09688484
ID96903,0.43190116
ID96904,0.34340566
ID96905,0.34612864
ID96906,0.43731788
ID96907,0.60105306
ID96908,0.47754136
ID96909,0.32359818
ID96910,0.28846595
ID96911,0.40460855
ID96912,0.5044899
ID96913,0.5426511
ID96914,0.4118177
ID96915,0.2897844
ID96916,0.69674283
ID96917,0.67137885
ID96918,0.053683028
ID96919,0.5777002
ID96920,0.21954842
ID96921,0.38740656
ID96922,0.5827839
ID96923,0.21991406
ID96924,0.59304625
ID96925,0.09702687
ID96926,0.48530886
ID96927,0.1388582
ID96928,0.67122823
ID96929,0.54898715
ID96930,0.31205034
ID96931,0.2519461
ID96932,0.565533
ID96933,0.3110336
ID96934,0.29427883
ID96935,0.2462412
ID96936,0.5661548
ID96937,0.32521304
ID96938,0.38554934
ID96939,0.44779274
ID96940,0.2543087
ID96941,0.5365154
ID96942,0.494139
ID96943,0.24260905
ID96944,0.034081444
ID96945,0.29879728
ID96946,0.443643
ID96947,0.3890597
ID96948,0.091604896
ID96949,0.30214584
ID96950,0.05331492
ID96951,0.15763895
ID96952,0.5847348
ID96953,0.5428364
ID96954,0.6726165
ID96955,0.61611176
ID96956,0.13557363
ID96957,0.6489318
ID96958,0.38114744
ID96959,0.4192813
ID96960,0.2836787
ID96961,0.46405175
ID96962,0.54292285
ID96963,0.5144327
ID96964,0.6329646
ID96965,0.11262045
ID96966,0.03956364
ID96967,0.5349195
ID96968,0.6503726
ID96969,0.47946107
ID96970,0.23723903
ID96971,0.33686554
ID96972,0.35808662
ID96973,0.19178374
ID96974,0.43051532
ID96975,0.25485992
ID96976,0.052138414
ID96977,0.8058366
ID96978,0.572424
ID96979,0.5226244
ID96980,0.61291844
ID96981,0.54294795
ID96982,0.61992395
ID96983,0.31847748
ID96984,0.16642633
ID96985,0.43214273
ID96986,0.49558097
ID96987,0.5862323
ID96988,0.57499295
ID96989,0.30380595
ID96990,0.52594465
ID96991,0.43895072
ID96992,0.37944555
ID96993,0.5108166
ID96994,0.5171372
ID96995,0.25847802
ID96996,0.34366217
ID96997,0.15372907
ID96998,0.13182147
ID96999,0.25307286
ID97000,0.457288
ID97001,0.5226929
ID97002,0.4521672
ID97003,0.34458977
ID97004,0.14834116
ID97005,0.28106454
ID97006,0.4745618
ID97007,0.6647188
ID97008,0.43004176
ID97009,0.3368182
ID97010,0.57205945
ID97011,0.5687046
ID97012,0.4950119
ID97013,0.5562676
ID97014,0.45487064
ID97015,0.53595215
ID97016,0.56640995
ID97017,0.38261446
ID97018,0.46162862
ID97019,0.61461985
ID97020,0.10837121
ID97021,0.49704796
ID97022,0.30071124
ID97023,0.67338437
ID97024,0.37005284
ID97025,0.5291207
ID97026,0.30794108
ID97027,0.5883121
ID97028,0.02762274
ID97029,0.022537844
ID97030,0.32535324
ID97031,0.3995229
ID97032,0.63465947
ID97033,0.53007764
ID97034,0.27518234
ID97035,0.060513977
ID97036,0.7591856
ID97037,0.15434332
ID97038,0.62303716
ID97039,0.6429755
ID97040,0.30439627
ID97041,0.45546338
ID97042,0.23181301
ID97043,0.5558087
ID97044,0.12554914
ID97045,0.5621728
ID97046,0.56808156
ID97047,0.4703783
ID97048,0.43148318
ID97049,0.21669956
ID97050,0.4934816
ID97051,0.42333004
ID97052,0.18792307
ID97053,0.3827485
ID97054,0.42869353
ID97055,0.26694095
ID97056,0.25431073
ID97057,0.09445719
ID97058,0.38260624
ID97059,0.32954925
ID97060,0.4988284
ID97061,0.40165
ID97062,0.47078937
ID97063,0.53778994
ID97064,0.24942406
ID97065,0.79118496
ID97066,0.566757
ID97067,0.5196597
ID97068,0.6021829
ID97069,0.6960641
ID97070,0.1492599
ID97071,0.2991894
ID97072,0.54784125
ID97073,0.57312053
ID97074,0.46384868
ID97075,0.34128082
ID97076,0.5389759
ID97077,0.4031955
ID97078,0.45487726
ID97079,0.66794574
ID97080,0.27970442
ID97081,0.15741435
ID97082,0.056957006
ID97083,0.5374131
ID97084,0.1642111
ID97085,0.15776537
ID97086,0.3210894
ID97087,0.46259445
ID97088,0.26921844
ID97089,0.5738167
ID97090,0.5285548
ID97091,0.7811476
ID97092,0.2863658
ID97093,0.6347348
ID97094,0.62641203
ID97095,0.13576213
ID97096,0.1837242
ID97097,0.591715
ID97098,0.14615625
ID97099,0.28627673
ID97100,0.40518594
ID97101,0.3183498
ID97102,0.35834888
ID97103,0.45572126
ID97104,0.31360123
ID97105,0.48127574
ID97106,0.42261854
ID97107,0.625657
ID97108,0.75873286
ID97109,0.41029802
ID97110,0.28391454
ID97111,0.5201201
ID97112,0.19655456
ID97113,0.6226704
ID97114,0.5453999
ID97115,0.5189426
ID97116,0.25940707
ID97117,0.56466484
ID97118,0.3448869
ID97119,0.47177824
ID97120,0.38905737
ID97121,0.18204816
ID97122,0.06871611
ID97123,0.4593487
ID97124,0.51475966
ID97125,0.43764195
ID97126,0.5482208
ID97127,0.15178934
ID97128,0.63125265
ID97129,0.6712722
ID97130,0.38909066
ID97131,0.3529818
ID97132,0.69328153
ID97133,0.52801365
ID97134,0.39244637
ID97135,0.45047963
ID97136,0.2541513
ID97137,0.6074902
ID97138,0.5602713
ID97139,0.28212288
ID97140,0.082079336
ID97141,0.5823048
ID97142,0.52621454
ID97143,0.24892828
ID97144,0.475487
ID97145,0.60001206
ID97146,0.5409577
ID97147,0.3043042
ID97148,0.68971455
ID97149,0.28350842
ID97150,0.4401413
ID97151,0.60181534
ID97152,0.64978725
ID97153,0.23283161
ID97154,0.43914878
ID97155,0.31002232
ID97156,0.6324454
ID97157,0.6469823
ID97158,0.11267124
ID97159,0.29540598
ID97160,0.3043927
ID97161,0.5022432
ID97162,0.09868052
ID97163,0.5152633
ID97164,0.4575986
ID97165,0.54461527
ID97166,0.27426577
ID97167,0.5127005
ID97168,0.2463562
ID97169,0.33500713
ID97170,0.17649029
ID97171,0.37939787
ID97172,0.19232318
ID97173,0.6589951
ID97174,0.31538594
ID97175,0.11341339
ID97176,0.35513097
ID97177,0.22743592
ID97178,0.3213588
ID97179,0.15546694
ID97180,0.6673913
ID97181,0.59009403
ID97182,0.59639126
ID97183,0.5129298
ID97184,0.57561445
ID97185,0.52238333
ID97186,0.11512894
ID97187,0.15384257
ID97188,0.46048373
ID97189,0.1516547
ID97190,0.43806988
ID97191,0.50019777
ID97192,0.4859334
ID97193,0.6358859
ID97194,0.24881896
ID97195,0.06893813
ID97196,0.552806
ID97197,0.08004096
ID97198,0.2444909
ID97199,0.5407376
ID97200,0.6113447
ID97201,0.07267462
ID97202,0.18844403
ID97203,0.4831872
ID97204,0.032732677
ID97205,0.24666804
ID97206,0.4250292
ID97207,0.45512426
ID97208,0.3433187
ID97209,0.41029966
ID97210,0.15726069
ID97211,0.6243579
ID97212,0.36817423
ID97213,0.134833
ID97214,0.6235573
ID97215,0.5907041
ID97216,0.37938535
ID97217,0.46949333
ID97218,0.34959054
ID97219,0.36082044
ID97220,0.13985492
ID97221,0.018842418
ID97222,0.34946755
ID97223,0.12709643
ID97224,0.5728198
ID97225,0.3840473
ID97226,0.27260655
ID97227,0.31095046
ID97228,0.32895482
ID97229,0.5573819
ID97230,0.37901074
ID97231,0.54826194
ID97232,0.43080127
ID97233,0.14737406
ID97234,0.44936875
ID97235,0.4070661
ID97236,0.61968774
ID97237,0.68309325
ID97238,0.11395131
ID97239,0.54262394
ID97240,0.19975336
ID97241,0.56205165
ID97242,0.44230938
ID97243,0.254404
ID97244,0.31923467
ID97245,0.40933624
ID97246,0.10570461
ID97247,0.4760222
ID97248,0.36987087
ID97249,0.6333319
ID97250,0.07477047
ID97251,0.36203834
ID97252,0.19454838
ID97253,0.6190583
ID97254,0.6029921
ID97255,0.4780463
ID97256,0.6100319
ID97257,0.54160655
ID97258,0.35674495
ID97259,0.77141124
ID97260,0.6371184
ID97261,0.61851025
ID97262,0.22328007
ID97263,0.11687663
ID97264,0.36226812
ID97265,0.68362355
ID97266,0.12057749
ID97267,0.57956696
ID97268,0.557253
ID97269,0.50923336
ID97270,0.34643245
ID97271,0.29319358
ID97272,0.4108467
ID97273,0.33573455
ID97274,0.73730946
ID97275,0.117151394
ID97276,0.3190553
ID97277,0.4563097
ID97278,0.22003597
ID97279,0.4682767
ID97280,0.6322259
ID97281,0.13643056
ID97282,0.6484996
ID97283,0.5286152
ID97284,0.592835
ID97285,0.6497436
ID97286,0.44314042
ID97287,0.42415237
ID97288,0.67477965
ID97289,0.3227219
ID97290,0.22183883
ID97291,0.19744208
ID97292,0.65960735
ID97293,0.60985774
ID97294,0.65248185
ID97295,0.25832787
ID97296,0.2032345
ID97297,0.5964212
ID97298,0.21010785
ID97299,0.3667469
ID97300,0.6256685
ID97301,0.32282004
ID97302,0.5848952
ID97303,0.5320119
ID97304,0.5551216
ID97305,0.30187616
ID97306,0.3743803
ID97307,0.15958825
ID97308,0.40648228
ID97309,0.5088767
ID97310,0.11403366
ID97311,0.44956467
ID97312,0.52484024
ID97313,0.5703468
ID97314,0.51984346
ID97315,0.58973664
ID97316,0.4862776
ID97317,0.55091804
ID97318,0.355405
ID97319,0.53822106
ID97320,0.67702365
ID97321,0.51791114
ID97322,0.4478386
ID97323,0.5026985
ID97324,0.56960374
ID97325,0.32011524
ID97326,0.59028995
ID97327,0.27244398
ID97328,0.64520985
ID97329,0.13709944
ID97330,0.39967555
ID97331,0.61714923
ID97332,0.20814489
ID97333,0.43309042
ID97334,0.7168752
ID97335,0.54789925
ID97336,0.5544584
ID97337,0.36985752
ID97338,0.61069626
ID97339,0.48212242
ID97340,0.30430943
ID97341,0.3295589
ID97342,0.096060514
ID97343,0.4798236
ID97344,0.27712706
ID97345,0.43703997
ID97346,0.058641866
ID97347,0.3551208
ID97348,0.41766256
ID97349,0.32561386
ID97350,0.21366075
ID97351,0.5386662
ID97352,0.35312724
ID97353,0.26800042
ID97354,0.3223224
ID97355,0.743722
ID97356,0.38216448
ID97357,0.3718443
ID97358,0.46971256
ID97359,0.2742717
ID97360,0.1280253
ID97361,0.3768209
ID97362,0.5461782
ID97363,0.42383766
ID97364,0.6202064
ID97365,0.5603068
ID97366,0.4149088
ID97367,0.5106536
ID97368,0.1576355
ID97369,0.58805543
ID97370,0.79821414
ID97371,0.5290174
ID97372,0.75148576
ID97373,0.43926078
ID97374,0.38027063
ID97375,0.33877662
ID97376,0.65967625
ID97377,0.10283409
ID97378,0.2931596
ID97379,0.55594873
ID97380,0.6095363
ID97381,0.6193688
ID97382,0.43798667
ID97383,0.4689776
ID97384,0.6290161
ID97385,0.4068311
ID97386,0.116010375
ID97387,0.530173
ID97388,0.63729215
ID97389,0.64694357
ID97390,0.23348172
ID97391,0.26194027
ID97392,0.60020757
ID97393,0.33579355
ID97394,0.78929585
ID97395,0.11884141
ID97396,0.27314046
ID97397,0.21210203
ID97398,0.3124367
ID97399,0.4812874
ID97400,0.5202995
ID97401,0.36274102
ID97402,0.4056765
ID97403,0.5655461
ID97404,0.4102487
ID97405,0.45354953
ID97406,0.5230402
ID97407,0.54857177
ID97408,0.18480647
ID97409,0.7778143
ID97410,0.46250868
ID97411,0.46605217
ID97412,0.29092708
ID97413,0.54956144
ID97414,0.20720124
ID97415,0.3771127
ID97416,0.52940065
ID97417,0.1790144
ID97418,0.58125025
ID97419,0.116517246
ID97420,0.462922
ID97421,0.1722636
ID97422,0.75424457
ID97423,0.575761
ID97424,0.29149586
ID97425,0.6840334
ID97426,0.35490686
ID97427,0.51896685
ID97428,0.56855786
ID97429,0.4896846
ID97430,0.6909121
ID97431,0.59216684
ID97432,0.651075
ID97433,0.58744603
ID97434,0.51666516
ID97435,0.6033212
ID97436,0.5644845
ID97437,0.58406657
ID97438,0.70275974
ID97439,0.35697582
ID97440,0.3910459
ID97441,0.77377844
ID97442,0.51533115
ID97443,0.26161358
ID97444,0.3907479
ID97445,0.072476685
ID97446,0.6207578
ID97447,0.48680747
ID97448,0.23799646
ID97449,0.6152762
ID97450,0.35195228
ID97451,0.42151493
ID97452,0.5469748
ID97453,0.53183186
ID97454,0.21717164
ID97455,0.40285212
ID97456,0.33628073
ID97457,0.35238293
ID97458,0.38141283
ID97459,0.6209699
ID97460,0.4120176
ID97461,0.50116634
ID97462,0.76148754
ID97463,0.5956027
ID97464,0.4358912
ID97465,0.01756693
ID97466,0.3013402
ID97467,0.2778697
ID97468,0.16693719
ID97469,0.41728544
ID97470,0.5223964
ID97471,0.6266518
ID97472,0.32685646
ID97473,0.19571319
ID97474,0.3073667
ID97475,0.34651303
ID97476,0.62182903
ID97477,0.4721178
ID97478,0.26539254
ID97479,0.1587621
ID97480,0.30448762
ID97481,0.2793237
ID97482,0.092096016
ID97483,0.23073483
ID97484,0.3337297
ID97485,0.61698633
ID97486,0.57666916
ID97487,0.042567626
ID97488,0.65371203
ID97489,0.14698818
ID97490,0.52877957
ID97491,0.38205314
ID97492,0.5009673
ID97493,0.2764532
ID97494,0.29905942
ID97495,0.47512814
ID97496,0.1309854
ID97497,0.36050355
ID97498,0.6270534
ID97499,0.19411756
ID97500,0.35500562
ID97501,0.316056
ID97502,0.53581315
ID97503,0.36920768
ID97504,0.15565237
ID97505,0.30839393
ID97506,0.6685887
ID97507,0.5964567
ID97508,0.42349702
ID97509,0.5170602
ID97510,0.11351709
ID97511,0.4702427
ID97512,0.53671926
ID97513,0.21291503
ID97514,0.25841323
ID97515,0.35279894
ID97516,0.6913053
ID97517,0.55612844
ID97518,0.12153789
ID97519,0.57004535
ID97520,0.5546515
ID97521,0.4613974
ID97522,0.311216
ID97523,0.2759265
ID97524,0.40382206
ID97525,0.5512626
ID97526,0.56095093
ID97527,0.059274856
ID97528,0.2574683
ID97529,0.5353003
ID97530,0.5582312
ID97531,0.42051888
ID97532,0.36714667
ID97533,0.25803795
ID97534,0.46362376
ID97535,0.13144055
ID97536,0.17820077
ID97537,0.3684653
ID97538,0.37319192
ID97539,0.49114764
ID97540,0.3935991
ID97541,0.33086544
ID97542,0.6096168
ID97543,0.5281443
ID97544,0.4607167
ID97545,0.39478812
ID97546,0.44865334
ID97547,0.57934195
ID97548,0.61227196
ID97549,0.51274514
ID97550,0.32709277
ID97551,0.16495162
ID97552,0.58580285
ID97553,0.3135752
ID97554,0.4582881
ID97555,0.35240275
ID97556,0.38307345
ID97557,0.33162215
ID97558,0.62896055
ID97559,0.212658
ID97560,0.43964806
ID97561,0.021926293
ID97562,0.5641179
ID97563,0.66820836
ID97564,0.16654587
ID97565,0.4851044
ID97566,0.58663464
ID97567,0.5840556
ID97568,0.36384696
ID97569,0.5626239
ID97570,0.2805159
ID97571,0.47409743
ID97572,0.5483154
ID97573,0.55180603
ID97574,0.43042022
ID97575,0.3027933
ID97576,0.6417744
ID97577,0.23695971
ID97578,0.26304147
ID97579,0.09046837
ID97580,0.58171874
ID97581,0.31952274
ID97582,0.6353712
ID97583,0.5941656
ID97584,0.48532838
ID97585,0.61963147
ID97586,0.53300655
ID97587,0.4872454
ID97588,0.5808868
ID97589,0.5573657
ID97590,0.5415646
ID97591,0.057225224
ID97592,0.18364088
ID97593,0.5143399
ID97594,0.370872
ID97595,0.2255084
ID97596,0.4769897
ID97597,0.28833058
ID97598,0.53542906
ID97599,0.5504884
ID97600,0.58283556
ID97601,0.102816515
ID97602,0.584479
ID97603,0.45434982
ID97604,0.39157745
ID97605,0.6498452
ID97606,0.46325952
ID97607,0.12983443
ID97608,0.5995558
ID97609,0.56475556
ID97610,0.43007523
ID97611,0.5255449
ID97612,0.18610507
ID97613,0.2877833
ID97614,0.52709407
ID97615,0.6341956
ID97616,0.03167007
ID97617,0.5075805
ID97618,0.53210235
ID97619,0.58335394
ID97620,0.37555042
ID97621,0.14465697
ID97622,0.3676451
ID97623,0.20820083
ID97624,0.6291252
ID97625,0.3088808
ID97626,0.5728385
ID97627,0.47493365
ID97628,0.6177343
ID97629,0.32035413
ID97630,0.79149294
ID97631,0.0048879567
ID97632,0.45001537
ID97633,0.04744589
ID97634,0.29215708
ID97635,0.27604216
ID97636,0.14101215
ID97637,0.53127885
ID97638,0.6577281
ID97639,0.58824944
ID97640,0.4210561
ID97641,0.5616845
ID97642,0.33421636
ID97643,0.19824415
ID97644,0.39926133
ID97645,0.33346587
ID97646,0.47049543
ID97647,0.4816954
ID97648,0.32475263
ID97649,0.5001952
ID97650,0.5321908
ID97651,0.14179683
ID97652,0.579574
ID97653,0.33896747
ID97654,0.66374916
ID97655,0.12110177
